invoiceno,stockcode,description,quantity,invoicedate,unitprice,customerid,country,revenue,transaction_type
572662,23177,TREASURE ISLAND BOOK BOX,1,2011-10-25 12:54:00,2.25,15443.0,United Kingdom,2.25,Sale
563438,23188,VINTAGE  2 METER FOLDING RULER,24,2011-08-16 12:59:00,1.65,13743.0,United Kingdom,39.6,Sale
555542,21676,FLOWERS  STICKERS,12,2011-06-05 12:51:00,0.85,15108.0,European Community,10.2,Sale
571305,21931,JUMBO STORAGE BAG SUKI,15,2011-10-17 09:55:00,4.13,,United Kingdom,61.95,Sale
575875,85176,SEWING SUSAN 21 NEEDLE SET,3,2011-11-11 13:06:00,1.63,,United Kingdom,4.89,Sale
571268,22328,ROUND SNACK BOXES SET OF 4 FRUITS ,6,2011-10-16 12:06:00,2.95,15351.0,United Kingdom,17.700000000000003,Sale
561679,20914,SET/5 RED RETROSPOT LID GLASS BOWLS,12,2011-07-28 18:56:00,2.95,15245.0,United Kingdom,35.400000000000006,Sale
579492,22302,COFFEE MUG PEARS  DESIGN,24,2011-11-29 15:23:00,2.55,12670.0,France,61.2,Sale
545988,20712,JUMBO BAG WOODLAND ANIMALS,10,2011-03-08 12:52:00,1.95,12662.0,Germany,19.5,Sale
539570,48111,DOORMAT 3 SMILEY CATS,2,2010-12-20 12:05:00,7.95,15078.0,United Kingdom,15.9,Sale
539211,20971,PINK BLUE FELT CRAFT TRINKET BOX,12,2010-12-16 12:15:00,1.25,16743.0,United Kingdom,15.0,Sale
541596,21703,BAG 125g SWIRLY MARBLES,5,2011-01-19 16:18:00,0.42,17602.0,United Kingdom,2.1,Sale
536532,22095,LADS ONLY TISSUE BOX,12,2010-12-01 13:24:00,1.25,12433.0,Norway,15.0,Sale
581166,23198,PANTRY MAGNETIC  SHOPPING LIST,2,2011-12-07 14:43:00,1.45,15525.0,United Kingdom,2.9,Sale
567183,22361,GLASS JAR DAISY FRESH COTTON WOOL,2,2011-09-18 15:32:00,2.95,14769.0,United Kingdom,5.9,Sale
561367,20723,STRAWBERRY CHARLOTTE BAG,9,2011-07-26 15:46:00,2.46,,United Kingdom,22.14,Sale
575851,23355,HOT WATER BOTTLE KEEP CALM,1,2011-11-11 12:13:00,4.95,14662.0,United Kingdom,4.95,Sale
577078,21880,RED RETROSPOT TAPE,2,2011-11-17 15:17:00,0.42,,United Kingdom,0.84,Sale
551954,84755,COLOUR GLASS T-LIGHT HOLDER HANGING,16,2011-05-05 12:13:00,0.65,14515.0,United Kingdom,10.4,Sale
572550,35970,ZINC FOLKART SLEIGH BELLS,2,2011-10-24 17:06:00,4.13,,United Kingdom,8.26,Sale
542303,22849,BREAD BIN DINER STYLE MINT,1,2011-01-27 11:05:00,16.95,12539.0,Spain,16.95,Sale
549153,21936,RED RETROSPOT PICNIC BAG,5,2011-04-06 15:47:00,2.95,13771.0,United Kingdom,14.75,Sale
555857,23199,JUMBO BAG APPLES,2,2011-06-07 14:03:00,2.08,16393.0,United Kingdom,4.16,Sale
578149,22424,ENAMEL BREAD BIN CREAM,2,2011-11-23 11:11:00,24.96,,United Kingdom,49.92,Sale
541588,21188,3D HEARTS  HONEYCOMB PAPER GARLAND,12,2011-01-19 14:43:00,2.95,14307.0,United Kingdom,35.400000000000006,Sale
570871,22027,TEA PARTY BIRTHDAY CARD,1,2011-10-12 16:36:00,0.83,,United Kingdom,0.83,Sale
578977,85032C,CURIOUS IMAGES GIFT WRAP SET,3,2011-11-27 15:18:00,0.65,17231.0,United Kingdom,1.95,Sale
573769,23350,ROLL WRAP VINTAGE SPOT ,12,2011-11-01 10:04:00,1.25,13292.0,United Kingdom,15.0,Sale
541221,22111,SCOTTIE DOG HOT WATER BOTTLE,8,2011-01-14 14:28:00,5.79,,United Kingdom,46.32,Sale
571412,23427,STOOL HOME SWEET HOME ,3,2011-10-17 12:33:00,12.5,17734.0,United Kingdom,37.5,Sale
556495,21899,"KEY FOB , GARAGE DESIGN",1,2011-06-12 15:14:00,0.65,18069.0,United Kingdom,0.65,Sale
577613,21977,PACK OF 60 PINK PAISLEY CAKE CASES,24,2011-11-21 10:02:00,0.55,14911.0,EIRE,13.2,Sale
581425,21065,BOOM BOX SPEAKER GIRLS,1,2011-12-08 15:31:00,1.25,14796.0,United Kingdom,1.25,Sale
568674,23546,WRAP PAISLEY PARK ,25,2011-09-28 13:30:00,0.42,12708.0,Germany,10.5,Sale
561217,23170,REGENCY TEA PLATE ROSES ,2,2011-07-25 17:09:00,3.29,,United Kingdom,6.58,Sale
572217,84600,NEW BAROQUE JEWELLERY BOX ,1,2011-10-21 13:03:00,7.95,15311.0,United Kingdom,7.95,Sale
568139,23158,SET OF 5 LUCKY CAT MAGNETS ,12,2011-09-25 10:46:00,2.08,13083.0,United Kingdom,24.96,Sale
571850,85053,FRENCH ENAMEL CANDLEHOLDER,2,2011-10-19 12:54:00,2.1,14698.0,United Kingdom,4.2,Sale
555406,90162D,ANT SILVER PURPLE BOUDICCA RING,3,2011-06-02 19:50:00,2.95,17231.0,United Kingdom,8.850000000000001,Sale
559674,22995,TRAVEL CARD WALLET SUKI,3,2011-07-11 14:16:00,0.42,15856.0,United Kingdom,1.26,Sale
574074,23280,FOLDING BUTTERFLY MIRROR HOT PINK ,2,2011-11-02 15:33:00,2.46,,United Kingdom,4.92,Sale
561241,21975,PACK OF 60 DINOSAUR CAKE CASES,24,2011-07-26 11:00:00,0.55,13930.0,United Kingdom,13.2,Sale
538071,90039D,FIRE POLISHED GLASS BRACELET GREEN,1,2010-12-09 14:09:00,3.81,,United Kingdom,3.81,Sale
561645,22945,CHRISTMAS METAL TAGS ASSORTED ,144,2011-07-28 15:16:00,0.72,14911.0,EIRE,103.68,Sale
547663,84032A,CHARLIE+LOLA PINK HOT WATER BOTTLE,3,2011-03-24 13:16:00,2.95,16022.0,United Kingdom,8.850000000000001,Sale
579444,23241,TREASURE TIN GYMKHANA DESIGN,6,2011-11-29 13:40:00,2.08,13999.0,United Kingdom,12.48,Sale
577517,22114,HOT WATER BOTTLE TEA AND SYMPATHY,3,2011-11-20 13:16:00,4.25,16710.0,United Kingdom,12.75,Sale
545830,21904,HOUSE WRECKING METAL SIGN ,3,2011-03-07 13:10:00,2.1,17634.0,United Kingdom,6.300000000000001,Sale
539447,22356,CHARLOTTE BAG PINK POLKADOT,10,2010-12-17 16:00:00,0.85,12395.0,Belgium,8.5,Sale
542541,22668,PINK BABY BUNTING,2,2011-01-28 14:25:00,5.79,,United Kingdom,11.58,Sale
561085,23321,SMALL WHITE HEART OF WICKER,12,2011-07-25 09:26:00,1.65,14367.0,United Kingdom,19.8,Sale
551885,22328,ROUND SNACK BOXES SET OF 4 FRUITS ,12,2011-05-05 09:18:00,2.95,16700.0,United Kingdom,35.400000000000006,Sale
577126,23084,RABBIT NIGHT LIGHT,24,2011-11-17 19:22:00,1.79,12406.0,Denmark,42.96,Sale
560434,71477,COLOUR GLASS. STAR T-LIGHT HOLDER,1,2011-07-18 15:56:00,6.63,,United Kingdom,6.63,Sale
573137,84347,ROTATING SILVER ANGELS T-LIGHT HLDR,1,2011-10-27 17:15:00,4.96,,United Kingdom,4.96,Sale
546648,20961,STRAWBERRY BATH SPONGE ,1,2011-03-15 14:15:00,2.46,,United Kingdom,2.46,Sale
574481,23353,6 GIFT TAGS VINTAGE CHRISTMAS ,1,2011-11-04 12:45:00,0.83,18022.0,United Kingdom,0.83,Sale
547358,22896,PEG BAG APPLES DESIGN,2,2011-03-22 12:25:00,2.55,15998.0,United Kingdom,5.1,Sale
559125,23209,LUNCH BAG DOILEY PATTERN ,10,2011-07-06 12:32:00,1.65,13985.0,United Kingdom,16.5,Sale
539434,85099B,JUMBO BAG RED RETROSPOT,1,2010-12-17 14:41:00,4.21,,United Kingdom,4.21,Sale
571031,84876B,GREEN HEART COMPACT MIRROR,3,2011-10-13 12:30:00,1.25,15005.0,United Kingdom,3.75,Sale
540501,84951B,SET OF 4 BLACK LOVEBIRD COASTERS,12,2011-01-09 10:43:00,0.85,13162.0,United Kingdom,10.2,Sale
559529,20723,STRAWBERRY CHARLOTTE BAG,4,2011-07-10 12:03:00,0.85,14808.0,United Kingdom,3.4,Sale
576693,23086,ZINC  STAR T-LIGHT HOLDER ,144,2011-11-16 12:22:00,1.04,13199.0,United Kingdom,149.76,Sale
538349,70006,LOVE HEART POCKET WARMER,1,2010-12-10 14:59:00,3.36,,United Kingdom,3.36,Sale
536373,37370,RETRO COFFEE MUGS ASSORTED,6,2010-12-01 09:02:00,1.06,17850.0,United Kingdom,6.36,Sale
560393,84508C,BLUE CIRCLES DESIGN TEDDY,2,2011-07-18 13:33:00,2.55,14808.0,United Kingdom,5.1,Sale
552493,23199,JUMBO BAG APPLES,1,2011-05-09 16:21:00,4.13,,United Kingdom,4.13,Sale
552285,22493,PAINT YOUR OWN CANVAS SET,1,2011-05-08 12:58:00,1.65,14684.0,United Kingdom,1.65,Sale
554160,21155,RED RETROSPOT PEG BAG,2,2011-05-23 11:49:00,2.55,17841.0,United Kingdom,5.1,Sale
577506,47504H,ENGLISH ROSE SPIRIT LEVEL ,2,2011-11-20 12:40:00,0.79,13212.0,United Kingdom,1.58,Sale
564818,22631,CIRCUS PARADE LUNCH BOX ,1,2011-08-30 12:10:00,4.13,,United Kingdom,4.13,Sale
543518,22549,PICTURE DOMINOES,144,2011-02-09 11:21:00,1.25,12753.0,Japan,180.0,Sale
551009,22966,GINGERBREAD MAN COOKIE CUTTER,1,2011-04-26 09:50:00,2.46,,United Kingdom,2.46,Sale
550622,22549,PICTURE DOMINOES,1,2011-04-19 13:49:00,1.45,13735.0,United Kingdom,1.45,Sale
540372,21726,MULTI HEARTS  STICKERS,12,2011-01-06 16:41:00,0.85,13081.0,United Kingdom,10.2,Sale
561906,22749,FELTCRAFT PRINCESS CHARLOTTE DOLL,4,2011-08-01 10:03:00,3.75,12921.0,United Kingdom,15.0,Sale
575930,22348,TEA BAG PLATE RED RETROSPOT,1,2011-11-11 17:58:00,1.63,,United Kingdom,1.63,Sale
578347,23425,STORAGE TIN HOME SWEET HOME,1,2011-11-24 09:26:00,4.96,,United Kingdom,4.96,Sale
577107,23203,JUMBO BAG VINTAGE DOILY ,10,2011-11-17 17:30:00,2.08,16558.0,United Kingdom,20.8,Sale
537036,22625,RED KITCHEN SCALES,1,2010-12-03 17:28:00,8.5,15545.0,United Kingdom,8.5,Sale
567370,20750,RED RETROSPOT MINI CASES,24,2011-09-20 09:13:00,6.35,14236.0,United Kingdom,152.39999999999998,Sale
541241,22192,BLUE DINER WALL CLOCK,1,2011-01-16 11:08:00,8.5,13782.0,United Kingdom,8.5,Sale
539586,22782,SET 3 WICKER STORAGE BASKETS ,16,2010-12-20 13:08:00,9.95,14298.0,United Kingdom,159.2,Sale
557595,22485,SET OF 2 WOODEN MARKET CRATES,2,2011-06-21 11:19:00,12.75,15507.0,United Kingdom,25.5,Sale
565841,20979,36 PENCILS TUBE RED RETROSPOT,2,2011-09-07 12:04:00,2.46,,United Kingdom,4.92,Sale
575117,21756,BATH BUILDING BLOCK WORD,1,2011-11-08 14:22:00,6.25,12748.0,United Kingdom,6.25,Sale
544481,22855,FINE WICKER HEART ,12,2011-02-21 10:36:00,1.25,18155.0,United Kingdom,15.0,Sale
544670,22251,BIRDHOUSE DECORATION MAGIC GARDEN,2,2011-02-22 15:22:00,1.25,16161.0,United Kingdom,2.5,Sale
580650,22185,SLATE TILE NATURAL HANGING,12,2011-12-05 13:30:00,0.79,14401.0,United Kingdom,9.48,Sale
543651,21891,TRADITIONAL WOODEN SKIPPING ROPE,12,2011-02-11 10:06:00,1.25,16306.0,United Kingdom,15.0,Sale
563540,22608,PENS ASSORTED FUNKY JEWELED ,36,2011-08-17 12:04:00,0.19,12473.0,Germany,6.84,Sale
571061,20679,EDWARDIAN PARASOL RED,1,2011-10-13 14:33:00,12.46,,United Kingdom,12.46,Sale
543507,21931,JUMBO STORAGE BAG SUKI,20,2011-02-09 10:49:00,1.95,15039.0,United Kingdom,39.0,Sale
550137,48188,DOORMAT WELCOME PUPPIES,2,2011-04-14 13:59:00,7.95,12477.0,Germany,15.9,Sale
558647,22384,LUNCH BAG PINK POLKADOT,10,2011-07-01 10:39:00,1.65,14868.0,United Kingdom,16.5,Sale
540458,22711,WRAP CIRCUS PARADE,25,2011-01-07 12:28:00,0.42,12501.0,Germany,10.5,Sale
552678,21731,RED TOADSTOOL LED NIGHT LIGHT,2,2011-05-10 15:08:00,4.13,,United Kingdom,8.26,Sale
540512,84849D,HOT BATHS SOAP HOLDER,1,2011-01-09 11:39:00,1.69,17114.0,United Kingdom,1.69,Sale
568408,20677,PINK POLKADOT BOWL,7,2011-09-27 10:40:00,2.46,,United Kingdom,17.22,Sale
574685,23570,TRADITIONAL PICK UP STICKS GAME ,12,2011-11-06 12:59:00,1.25,17581.0,United Kingdom,15.0,Sale
561369,46776D,WOVEN SUNSET CUSHION COVER ,1,2011-07-26 16:22:00,4.13,,United Kingdom,4.13,Sale
572045,21479,WHITE SKULL HOT WATER BOTTLE ,2,2011-10-20 12:11:00,4.25,14527.0,United Kingdom,8.5,Sale
579671,23073,GEORGIAN TRINKET BOX,1,2011-11-30 12:38:00,12.5,12966.0,United Kingdom,12.5,Sale
563193,22723,SET OF 6 HERB TINS SKETCHBOOK,1,2011-08-12 16:30:00,8.29,,United Kingdom,8.29,Sale
543983,82583,HOT BATHS METAL SIGN,12,2011-02-15 09:20:00,2.1,16979.0,United Kingdom,25.200000000000003,Sale
572835,23581,JUMBO BAG PAISLEY PARK,100,2011-10-26 11:49:00,1.79,17428.0,United Kingdom,179.0,Sale
555722,22801,ANTIQUE GLASS PEDESTAL BOWL,1,2011-06-06 16:06:00,7.46,,United Kingdom,7.46,Sale
555896,21871,SAVE THE PLANET MUG,6,2011-06-07 16:04:00,1.25,15640.0,United Kingdom,7.5,Sale
569653,22336,DOVE DECORATION PAINTED ZINC ,96,2011-10-05 12:52:00,0.19,12451.0,Switzerland,18.24,Sale
575930,22604,SET OF 4 NAPKIN CHARMS CUTLERY,2,2011-11-11 17:58:00,4.96,,United Kingdom,9.92,Sale
553225,23156,SET OF 5 MINI GROCERY MAGNETS,12,2011-05-16 10:41:00,2.08,16912.0,United Kingdom,24.96,Sale
559142,22424,ENAMEL BREAD BIN CREAM,1,2011-07-06 14:01:00,12.75,17719.0,United Kingdom,12.75,Sale
550500,84988,SET OF 72 PINK HEART PAPER DOILIES,1,2011-04-18 15:26:00,2.92,,United Kingdom,2.92,Sale
562113,22907,PACK OF 20 NAPKINS PANTRY DESIGN,2,2011-08-02 16:11:00,1.63,,United Kingdom,3.26,Sale
549746,22672,FRENCH BATHROOM SIGN BLUE METAL,96,2011-04-12 10:38:00,1.45,15251.0,United Kingdom,139.2,Sale
570253,23040,PAPER LANTERN 9 POINT SNOW STAR ,120,2011-10-10 09:18:00,4.95,14156.0,EIRE,594.0,Sale
559034,21156,RETROSPOT CHILDRENS APRON,8,2011-07-05 14:56:00,1.95,13109.0,United Kingdom,15.6,Sale
569408,23351,ROLL WRAP 50'S CHRISTMAS,72,2011-10-04 09:26:00,1.04,13881.0,United Kingdom,74.88,Sale
570246,22775,PURPLE DRAWERKNOB ACRYLIC EDWARDIAN,2,2011-10-09 16:22:00,1.25,16921.0,United Kingdom,2.5,Sale
537237,21231,SWEETHEART CERAMIC TRINKET BOX,6,2010-12-06 09:58:00,2.51,,United Kingdom,15.06,Sale
575932,23154,SET OF 4 JAM JAR MAGNETS,2,2011-11-13 10:35:00,2.08,16923.0,United Kingdom,4.16,Sale
542131,22074,6 RIBBONS SHIMMERING PINKS ,24,2011-01-25 15:55:00,0.42,16133.0,United Kingdom,10.08,Sale
574643,84596F,SMALL MARSHMALLOWS PINK BOWL,8,2011-11-06 11:25:00,0.42,17387.0,United Kingdom,3.36,Sale
564758,21210,SET OF 72 RETROSPOT PAPER  DOILIES,1,2011-08-30 10:39:00,2.92,,United Kingdom,2.92,Sale
554968,22831,WHITE BROCANTE SOAP DISH,3,2011-05-27 16:24:00,2.95,17961.0,United Kingdom,8.850000000000001,Sale
538714,85049D,BRIGHT BLUES RIBBONS ,4,2010-12-14 11:01:00,1.25,14524.0,United Kingdom,5.0,Sale
574091,23581,JUMBO BAG PAISLEY PARK,10,2011-11-03 09:20:00,2.08,17086.0,United Kingdom,20.8,Sale
576607,POST,POSTAGE,4,2011-11-15 15:42:00,18.0,12474.0,Germany,72.0,Sale
550775,23132,SMALL IVORY HEART WALL ORGANISER,12,2011-04-20 13:18:00,4.95,15805.0,United Kingdom,59.400000000000006,Sale
563905,21706,FOLDING UMBRELLA RED/WHITE POLKADOT,4,2011-08-21 11:43:00,4.95,13267.0,United Kingdom,19.8,Sale
551125,90143,SILVER BRACELET W PASTEL FLOWER,4,2011-04-26 12:47:00,7.5,17277.0,United Kingdom,30.0,Sale
573076,20970,PINK FLORAL FELTCRAFT SHOULDER BAG,4,2011-10-27 14:05:00,3.75,13488.0,United Kingdom,15.0,Sale
563016,22851,SET 20 NAPKINS FAIRY CAKES DESIGN ,12,2011-08-11 12:44:00,0.85,15358.0,United Kingdom,10.2,Sale
581129,23319,BOX OF 6 MINI 50'S CRACKERS,6,2011-12-07 12:48:00,2.49,15498.0,United Kingdom,14.94,Sale
562031,21621,VINTAGE UNION JACK BUNTING,3,2011-08-01 17:37:00,8.5,16984.0,United Kingdom,25.5,Sale
562256,22425,ENAMEL COLANDER CREAM,3,2011-08-03 15:14:00,4.95,15152.0,United Kingdom,14.85,Sale
560726,22155,STAR DECORATION RUSTIC,1,2011-07-20 14:16:00,0.42,17962.0,United Kingdom,0.42,Sale
551277,21899,"KEY FOB , GARAGE DESIGN",2,2011-04-27 13:06:00,0.65,13637.0,United Kingdom,1.3,Sale
567673,21976,PACK OF 60 MUSHROOM CAKE CASES,1,2011-09-21 15:43:00,1.25,,United Kingdom,1.25,Sale
559038,21232,STRAWBERRY CERAMIC TRINKET BOX,6,2011-07-05 15:31:00,3.29,,United Kingdom,19.74,Sale
578261,82484,WOOD BLACK BOARD ANT WHITE FINISH,24,2011-11-23 13:24:00,6.75,14216.0,United Kingdom,162.0,Sale
541423,22473,TV DINNER TRAY VINTAGE PAISLEY,1,2011-01-17 17:54:00,4.13,,United Kingdom,4.13,Sale
566781,22553,PLASTERS IN TIN SKULLS,12,2011-09-15 10:11:00,1.65,17333.0,United Kingdom,19.8,Sale
568945,23133,LARGE IVORY HEART WALL ORGANISER,4,2011-09-29 14:52:00,8.25,14239.0,United Kingdom,33.0,Sale
563638,21987,PACK OF 6 SKULL PAPER CUPS,5,2011-08-18 10:36:00,0.65,15311.0,United Kingdom,3.25,Sale
581405,21383,PACK OF 12 STICKY BUNNIES,1,2011-12-08 13:50:00,0.65,13521.0,United Kingdom,0.65,Sale
553375,85183B,CHARLIE & LOLA WASTEPAPER BIN FLORA,12,2011-05-16 14:53:00,1.25,14911.0,EIRE,15.0,Sale
569544,20657,TROPICAL LUGGAGE TAG,1,2011-10-04 16:33:00,2.46,,United Kingdom,2.46,Sale
559817,21786,POLKADOT RAIN HAT ,1,2011-07-12 16:20:00,0.83,,United Kingdom,0.83,Sale
556942,21878,PACK OF 6 SANDCASTLE FLAGS ASSORTED,12,2011-06-15 16:42:00,0.85,14222.0,United Kingdom,10.2,Sale
548712,22557,PLASTERS IN TIN VINTAGE PAISLEY ,10,2011-04-03 14:42:00,1.65,17050.0,United Kingdom,16.5,Sale
566562,22732,3D VINTAGE CHRISTMAS STICKERS ,12,2011-09-13 12:18:00,1.25,17365.0,United Kingdom,15.0,Sale
552804,22768,FAMILY PHOTO FRAME CORNICE,2,2011-05-11 12:32:00,9.95,15615.0,United Kingdom,19.9,Sale
558614,22329,ROUND CONTAINER SET OF 5 RETROSPOT,5,2011-06-30 15:56:00,1.63,,United Kingdom,8.149999999999999,Sale
561719,23016,GLASS TWIST BON BON JAR,2,2011-07-29 12:09:00,7.85,17519.0,United Kingdom,15.7,Sale
539437,21479,WHITE SKULL HOT WATER BOTTLE ,5,2010-12-17 14:54:00,3.75,,United Kingdom,18.75,Sale
575739,22592,CARDHOLDER HOLLY WREATH METAL,3,2011-11-11 09:05:00,7.46,,United Kingdom,22.38,Sale
550464,22907,PACK OF 20 NAPKINS PANTRY DESIGN,4,2011-04-18 13:30:00,0.85,16550.0,United Kingdom,3.4,Sale
575837,22998,TRAVEL CARD WALLET KEEP CALM,24,2011-11-11 11:37:00,0.42,12748.0,United Kingdom,10.08,Sale
567911,22577,WOODEN HEART CHRISTMAS SCANDINAVIAN,24,2011-09-22 17:00:00,0.29,14854.0,United Kingdom,6.959999999999999,Sale
581419,22529,MAGIC DRAWING SLATE GO TO THE FAIR ,24,2011-12-08 15:03:00,0.42,15484.0,United Kingdom,10.08,Sale
564840,85017B,ENVELOPE 50 BLOSSOM IMAGES,1,2011-08-30 12:49:00,0.83,,United Kingdom,0.83,Sale
547042,85039B,S/4 IVORY MINI ROSE CANDLE IN BOWL,1,2011-03-20 11:00:00,1.63,,United Kingdom,1.63,Sale
536990,22383,LUNCH BAG SUKI  DESIGN ,10,2010-12-03 15:14:00,1.65,12793.0,Portugal,16.5,Sale
579187,22196,SMALL HEART MEASURING SPOONS,2,2011-11-28 15:31:00,1.63,,United Kingdom,3.26,Sale
541830,84510E,SET OF 4 GREEN CAROUSEL COASTERS,2,2011-01-21 17:09:00,2.46,,United Kingdom,4.92,Sale
554855,16156S,WRAP PINK FAIRY CAKES ,25,2011-05-27 09:48:00,0.42,15172.0,United Kingdom,10.5,Sale
545217,22161,HEART DECORATION RUSTIC HANGING ,1,2011-02-28 16:59:00,0.79,,United Kingdom,0.79,Sale
559809,21288,STRIPEY CHOCOLATE NESTING BOXES,2,2011-07-12 14:57:00,2.95,16409.0,United Kingdom,5.9,Sale
563753,POST,POSTAGE,3,2011-08-19 10:51:00,18.0,12513.0,France,54.0,Sale
544670,22635,CHILDS BREAKFAST SET DOLLY GIRL ,2,2011-02-22 15:22:00,9.95,16161.0,United Kingdom,19.9,Sale
545027,21866,UNION JACK FLAG LUGGAGE TAG,4,2011-02-25 14:59:00,3.29,,United Kingdom,13.16,Sale
541987,22508,DOORSTOP RETROSPOT HEART,2,2011-01-24 16:05:00,3.75,14130.0,United Kingdom,7.5,Sale
556080,21041,RED RETROSPOT OVEN GLOVE DOUBLE,11,2011-06-08 15:21:00,6.63,,United Kingdom,72.92999999999999,Sale
578032,23082,SET 6 PAPER TABLE LANTERN HEARTS ,6,2011-11-22 13:41:00,3.75,16633.0,United Kingdom,22.5,Sale
568152,23296,SET OF 6 TEA TIME BAKING CASES,4,2011-09-25 11:40:00,1.25,16480.0,United Kingdom,5.0,Sale
572540,23100,SILVER BELLS TABLE DECORATION,2,2011-10-24 16:17:00,2.46,,United Kingdom,4.92,Sale
578366,22668,PINK BABY BUNTING,5,2011-11-24 10:53:00,2.95,16173.0,United Kingdom,14.75,Sale
544455,22084,PAPER CHAIN KIT EMPIRE,4,2011-02-20 13:18:00,2.95,13097.0,United Kingdom,11.8,Sale
549155,22251,BIRDHOUSE DECORATION MAGIC GARDEN,2,2011-04-06 17:08:00,2.46,,United Kingdom,4.92,Sale
541424,84978,HANGING HEART JAR T-LIGHT HOLDER,2,2011-01-17 17:57:00,2.46,,United Kingdom,4.92,Sale
558068,22920,HERB MARKER BASIL,1,2011-06-24 15:51:00,1.63,,United Kingdom,1.63,Sale
560300,90030A,SPOTTED WHITE NATURAL SEED NECKLACE,6,2011-07-18 10:29:00,1.0,14911.0,EIRE,6.0,Sale
545084,20819,SILVER TEDDY BEAR,4,2011-02-28 10:55:00,3.75,12458.0,Switzerland,15.0,Sale
542623,85150,LADIES & GENTLEMEN METAL SIGN,6,2011-01-31 09:41:00,2.55,17239.0,United Kingdom,15.3,Sale
568059,22646,CERAMIC STRAWBERRY CAKE MONEY BANK,2,2011-09-23 12:58:00,1.45,13097.0,United Kingdom,2.9,Sale
539461,22835,HOT WATER BOTTLE I AM SO POORLY,4,2010-12-19 10:21:00,4.65,17243.0,United Kingdom,18.6,Sale
561214,22269,EGG CUP NATURAL CHICKEN,4,2011-07-25 17:00:00,0.83,,United Kingdom,3.32,Sale
564216,22908,PACK OF 20 NAPKINS RED APPLES,12,2011-08-24 09:23:00,0.85,12642.0,Germany,10.2,Sale
579787,20750,RED RETROSPOT MINI CASES,1,2011-11-30 15:33:00,16.63,,United Kingdom,16.63,Sale
537622,85014B,RED RETROSPOT UMBRELLA,2,2010-12-07 14:30:00,5.95,13173.0,United Kingdom,11.9,Sale
561371,22629,SPACEBOY LUNCH BOX ,1,2011-07-26 16:25:00,4.13,,United Kingdom,4.13,Sale
541592,22211,WOOD STAMP SET FLOWERS,2,2011-01-19 15:08:00,1.63,,United Kingdom,3.26,Sale
543467,17084N,FAIRY DREAMS INCENSE ,1,2011-02-08 14:35:00,0.42,,United Kingdom,0.42,Sale
560579,21907,I'M ON HOLIDAY METAL SIGN,2,2011-07-19 15:13:00,2.1,15867.0,United Kingdom,4.2,Sale
560915,21930,JUMBO STORAGE BAG SKULLS,10,2011-07-21 18:19:00,2.08,13313.0,United Kingdom,20.8,Sale
558774,23298,SPOTTY BUNTING,2,2011-07-04 10:17:00,10.79,,United Kingdom,21.58,Sale
562688,20773,BLUE PAISLEY NOTEBOOK,3,2011-08-08 13:53:00,1.65,13869.0,United Kingdom,4.949999999999999,Sale
552313,23052,RECYCLED ACAPULCO MAT TURQUOISE,4,2011-05-08 16:03:00,8.25,13139.0,United Kingdom,33.0,Sale
536943,84879,ASSORTED COLOUR BIRD ORNAMENT,8,2010-12-03 12:11:00,1.69,17884.0,United Kingdom,13.52,Sale
576066,23252,VINTAGE RED ENAMEL TRIM JUG ,1,2011-11-13 15:44:00,3.75,16898.0,United Kingdom,3.75,Sale
548308,22343,PARTY PIZZA DISH RED RETROSPOT,6,2011-03-30 12:00:00,0.85,17220.0,United Kingdom,5.1,Sale
562046,22254,FELT TOADSTOOL LARGE,12,2011-08-02 10:34:00,1.25,12378.0,Switzerland,15.0,Sale
567890,23375,50'S CHRISTMAS PAPER GIFT BAG,10,2011-09-22 15:40:00,0.82,14125.0,United Kingdom,8.2,Sale
575202,23326,HANGING MINI COLOURED BOTTLES,48,2011-11-09 10:14:00,0.63,13018.0,United Kingdom,30.24,Sale
554694,35004B,SET OF 3 BLACK FLYING DUCKS,1,2011-05-25 17:06:00,5.79,,United Kingdom,5.79,Sale
568868,23401,RUSTIC MIRROR WITH LACE HEART,2,2011-09-29 12:00:00,6.25,12957.0,United Kingdom,12.5,Sale
555562,20886,BOX OF 9 PEBBLE CANDLES,1,2011-06-05 14:45:00,1.95,17841.0,United Kingdom,1.95,Sale
547726,85099F,JUMBO BAG STRAWBERRY,100,2011-03-25 10:49:00,1.65,16029.0,United Kingdom,165.0,Sale
548194,22697,GREEN REGENCY TEACUP AND SAUCER,1,2011-03-29 15:30:00,5.79,,United Kingdom,5.79,Sale
546993,85123A,WHITE HANGING HEART T-LIGHT HOLDER,5,2011-03-18 13:19:00,2.95,17921.0,United Kingdom,14.75,Sale
572074,22181,SNOWSTORM PHOTO FRAME FRIDGE MAGNET,6,2011-10-20 13:54:00,0.85,16284.0,United Kingdom,5.1,Sale
543546,20676,RED RETROSPOT BOWL,2,2011-02-09 16:52:00,2.46,,United Kingdom,4.92,Sale
564838,20723,STRAWBERRY CHARLOTTE BAG,1,2011-08-30 12:43:00,1.63,,United Kingdom,1.63,Sale
538566,22835,HOT WATER BOTTLE I AM SO POORLY,12,2010-12-13 11:21:00,4.65,,United Kingdom,55.8,Sale
550329,22595,GINGHAM HEART DECORATION,12,2011-04-17 13:20:00,0.85,13951.0,United Kingdom,10.2,Sale
560035,48194,DOORMAT HEARTS,6,2011-07-14 13:41:00,7.95,17706.0,United Kingdom,47.7,Sale
538177,22203,MILK PAN RED RETROSPOT,1,2010-12-10 09:51:00,7.62,,United Kingdom,7.62,Sale
555194,22090,PAPER BUNTING RETROSPOT,40,2011-06-01 11:13:00,2.55,16422.0,United Kingdom,102.0,Sale
564755,22090,PAPER BUNTING RETROSPOT,1,2011-08-30 10:31:00,5.79,,United Kingdom,5.79,Sale
562011,22720,SET OF 3 CAKE TINS PANTRY DESIGN ,32,2011-08-01 13:54:00,4.25,16745.0,United Kingdom,136.0,Sale
570272,22596,CHRISTMAS STAR WISH LIST CHALKBOARD,12,2011-10-10 10:45:00,1.25,14297.0,United Kingdom,15.0,Sale
544474,22252,BIRDCAGE DECORATION TEALIGHT HOLDER,12,2011-02-21 09:52:00,1.25,12423.0,Belgium,15.0,Sale
579125,21619,4 VANILLA BOTANICAL CANDLES,12,2011-11-28 12:19:00,1.25,14215.0,United Kingdom,15.0,Sale
564630,22580,ADVENT CALENDAR GINGHAM SACK,3,2011-08-26 11:53:00,5.95,13644.0,United Kingdom,17.85,Sale
578488,23275,SET OF 3 HANGING OWLS OLLIE BEAK,24,2011-11-24 12:53:00,1.25,12784.0,Portugal,30.0,Sale
578255,23494,VINTAGE DOILY DELUXE SEWING KIT ,6,2011-11-23 12:58:00,5.95,14675.0,United Kingdom,35.7,Sale
558761,22405,MONEY BOX POCKET MONEY DESIGN,1,2011-07-03 12:52:00,1.25,15033.0,United Kingdom,1.25,Sale
548150,22919,HERB MARKER MINT,10,2011-03-29 12:55:00,0.65,17315.0,United Kingdom,6.5,Sale
573326,23079,TOADSTOOL BEDSIDE LIGHT ,4,2011-10-30 11:08:00,8.95,15298.0,United Kingdom,35.8,Sale
580367,21619,4 VANILLA BOTANICAL CANDLES,1,2011-12-02 16:39:00,3.29,,United Kingdom,3.29,Sale
538071,82486,WOOD S/3 CABINET ANT WHITE FINISH,2,2010-12-09 14:09:00,16.13,,United Kingdom,32.26,Sale
558902,22219,LOVEBIRD HANGING DECORATION WHITE ,12,2011-07-04 16:08:00,0.85,13001.0,United Kingdom,10.2,Sale
569230,23243,SET OF TEA COFFEE SUGAR TINS PANTRY,1,2011-10-02 15:07:00,4.95,16533.0,United Kingdom,4.95,Sale
569524,23171,REGENCY TEA PLATE GREEN ,2,2011-10-04 14:42:00,1.65,14506.0,United Kingdom,3.3,Sale
542836,22758,LARGE PURPLE BABUSHKA NOTEBOOK  ,1,2011-02-01 11:31:00,1.25,16745.0,United Kingdom,1.25,Sale
562980,21928,JUMBO BAG SCANDINAVIAN BLUE PAISLEY,10,2011-08-11 11:44:00,2.08,17686.0,United Kingdom,20.8,Sale
553737,21531,RED RETROSPOT SUGAR JAM BOWL,6,2011-05-19 08:50:00,2.55,15116.0,United Kingdom,15.3,Sale
545821,22411,JUMBO SHOPPER VINTAGE RED PAISLEY,10,2011-03-07 12:50:00,1.95,13001.0,United Kingdom,19.5,Sale
550318,21713,CITRONELLA CANDLE FLOWERPOT,4,2011-04-17 12:25:00,2.1,16085.0,United Kingdom,8.4,Sale
577742,21401,BLUE PUDDING SPOON,9,2011-11-21 13:41:00,0.12,13755.0,United Kingdom,1.08,Sale
556671,16225,RATTLE SNAKE EGGS,2,2011-06-13 16:33:00,1.25,17841.0,United Kingdom,2.5,Sale
544664,22935,BAKING MOULD ROSE MILK CHOCOLATE,12,2011-02-22 14:55:00,3.25,16045.0,United Kingdom,39.0,Sale
576644,23300,GARDENERS KNEELING PAD CUP OF TEA ,6,2011-11-16 10:01:00,3.29,,United Kingdom,19.74,Sale
563037,20983,12 PENCILS TALL TUBE RED RETROSPOT,12,2011-08-11 15:02:00,0.85,12362.0,Belgium,10.2,Sale
563722,22478,BIRDHOUSE GARDEN MARKER ,10,2011-08-18 16:32:00,1.25,17720.0,United Kingdom,12.5,Sale
561820,23204,CHARLOTTE BAG APPLES DESIGN,1,2011-07-29 16:00:00,1.63,,United Kingdom,1.63,Sale
573393,21993,FLORAL FOLK STATIONERY SET,12,2011-10-30 15:08:00,1.25,14158.0,United Kingdom,15.0,Sale
551956,22167, OVAL WALL MIRROR DIAMANTE ,2,2011-05-05 12:22:00,9.95,15021.0,United Kingdom,19.9,Sale
543182,21507,"ELEPHANT, BIRTHDAY CARD, ",1,2011-02-04 10:39:00,0.83,,United Kingdom,0.83,Sale
556917,22070,SMALL RED RETROSPOT MUG IN BOX ,36,2011-06-15 13:37:00,3.39,12415.0,Australia,122.04,Sale
542255,90214L,"LETTER ""L"" BLING KEY RING",1,2011-01-26 16:43:00,0.83,,United Kingdom,0.83,Sale
581219,22377,BOTTLE BAG RETROSPOT ,1,2011-12-08 09:28:00,4.13,,United Kingdom,4.13,Sale
568703,85183B,CHARLIE & LOLA WASTEPAPER BIN FLORA,2,2011-09-28 15:21:00,1.25,12748.0,United Kingdom,2.5,Sale
544409,21625,VINTAGE UNION JACK APRON,3,2011-02-18 13:32:00,6.95,16265.0,United Kingdom,20.85,Sale
551889,22917,HERB MARKER ROSEMARY,12,2011-05-05 09:34:00,0.65,18198.0,United Kingdom,7.800000000000001,Sale
544824,22823,CHEST NATURAL WOOD 20 DRAWERS,1,2011-02-24 09:32:00,125.0,17139.0,United Kingdom,125.0,Sale
563688,21078,SET/20 STRAWBERRY PAPER NAPKINS ,12,2011-08-18 12:41:00,0.85,16767.0,United Kingdom,10.2,Sale
564200,35970,ZINC FOLKART SLEIGH BELLS,1,2011-08-23 17:37:00,1.69,18018.0,United Kingdom,1.69,Sale
567656,21892,TRADITIONAL WOODEN CATCH CUP GAME ,4,2011-09-21 14:40:00,2.46,14096.0,United Kingdom,9.84,Sale
579508,20718,RED RETROSPOT SHOPPER BAG,3,2011-11-29 16:33:00,2.46,,United Kingdom,7.38,Sale
554837,85123A,WHITE HANGING HEART T-LIGHT HOLDER,3,2011-05-26 16:30:00,2.95,14584.0,United Kingdom,8.850000000000001,Sale
562137,23545,WRAP RED DOILEY,25,2011-08-03 10:04:00,0.42,12720.0,Germany,10.5,Sale
564079,22692,DOORMAT WELCOME TO OUR HOME,2,2011-08-22 15:55:00,7.95,12627.0,Germany,15.9,Sale
547835,21524,DOORMAT SPOTTY HOME SWEET HOME,10,2011-03-27 10:18:00,6.75,15465.0,United Kingdom,67.5,Sale
566290,21078,SET/20 STRAWBERRY PAPER NAPKINS ,2,2011-09-11 15:24:00,0.85,14456.0,United Kingdom,1.7,Sale
541219,21802,CHRISTMAS TREE HEART DECORATION,2,2011-01-14 14:06:00,0.42,,United Kingdom,0.84,Sale
568135,22075,6 RIBBONS ELEGANT CHRISTMAS ,1,2011-09-23 17:04:00,1.63,,United Kingdom,1.63,Sale
564626,21533,RETROSPOT LARGE MILK JUG,12,2011-08-26 11:40:00,4.25,18167.0,United Kingdom,51.0,Sale
547226,72807A,SET/3 ROSE CANDLE IN JEWELLED BOX,3,2011-03-21 15:33:00,4.25,14167.0,United Kingdom,12.75,Sale
542269,22783,SET 3 WICKER OVAL BASKETS W LIDS,2,2011-01-27 09:33:00,19.95,14442.0,Channel Islands,39.9,Sale
540163,21879,HEARTS GIFT TAPE,24,2011-01-05 11:52:00,0.19,13089.0,United Kingdom,4.5600000000000005,Sale
577052,22375,AIRLINE BAG VINTAGE JET SET BROWN,1,2011-11-17 14:08:00,4.25,17397.0,United Kingdom,4.25,Sale
538351,21211,SET OF 72 SKULL PAPER  DOILIES,1,2010-12-10 15:17:00,3.83,,United Kingdom,3.83,Sale
566976,23351,ROLL WRAP 50'S CHRISTMAS,12,2011-09-16 09:27:00,1.25,15382.0,United Kingdom,15.0,Sale
576618,15039,SANDALWOOD FAN,1,2011-11-15 17:00:00,1.63,,United Kingdom,1.63,Sale
562213,85099F,JUMBO BAG STRAWBERRY,3,2011-08-03 13:39:00,2.08,13975.0,United Kingdom,6.24,Sale
570267,22361,GLASS JAR DAISY FRESH COTTON WOOL,6,2011-10-10 10:13:00,2.95,12682.0,France,17.700000000000003,Sale
545897,85054,FRENCH ENAMEL POT W LID,1,2011-03-07 17:22:00,5.79,,United Kingdom,5.79,Sale
575607,22544,MINI JIGSAW SPACEBOY,1,2011-11-10 12:37:00,0.83,14096.0,United Kingdom,0.83,Sale
579711,22585,PACK OF 6 BIRDY GIFT TAGS,2,2011-11-30 14:17:00,1.25,15060.0,United Kingdom,2.5,Sale
573078,22212,FOUR HOOK  WHITE LOVEBIRDS,6,2011-10-27 14:13:00,2.1,12839.0,United Kingdom,12.6,Sale
565427,22326,ROUND SNACK BOXES SET OF4 WOODLAND ,1,2011-09-04 12:49:00,2.95,17774.0,United Kingdom,2.95,Sale
551014,22991,GIRAFFE WOODEN RULER,12,2011-04-26 11:04:00,1.95,13209.0,United Kingdom,23.4,Sale
556237,22147,FELTCRAFT BUTTERFLY HEARTS,1,2011-06-09 15:34:00,3.29,,United Kingdom,3.29,Sale
558636,22673,FRENCH GARDEN SIGN BLUE METAL,7,2011-06-30 19:58:00,1.25,14702.0,United Kingdom,8.75,Sale
543815,82600,NO SINGING METAL SIGN,1,2011-02-13 15:18:00,2.1,17255.0,United Kingdom,2.1,Sale
555149,23084,RABBIT NIGHT LIGHT,2,2011-05-31 15:49:00,4.13,,United Kingdom,8.26,Sale
539492,22818,CARD CHRISTMAS VILLAGE,1,2010-12-20 10:14:00,0.85,,United Kingdom,0.85,Sale
569496,22698,PINK REGENCY TEACUP AND SAUCER,6,2011-10-04 13:45:00,2.95,12395.0,Belgium,17.700000000000003,Sale
549118,22111,SCOTTIE DOG HOT WATER BOTTLE,3,2011-04-06 13:18:00,4.95,14911.0,EIRE,14.85,Sale
555356,22725,ALARM CLOCK BAKELIKE CHOCOLATE,12,2011-06-02 13:29:00,3.75,16672.0,United Kingdom,45.0,Sale
536982,22524,CHILDRENS GARDEN GLOVES BLUE,2,2010-12-03 14:27:00,3.36,,United Kingdom,6.72,Sale
559058,21108,FAIRY CAKE FLANNEL ASSORTED COLOUR,18,2011-07-06 09:49:00,2.55,12407.0,Belgium,45.9,Sale
550302,22283,6 EGG HOUSE PAINTED WOOD,4,2011-04-17 10:17:00,7.95,14156.0,EIRE,31.8,Sale
561917,23301,GARDENERS KNEELING PAD KEEP CALM ,4,2011-08-01 11:57:00,1.65,16904.0,United Kingdom,6.6,Sale
560433,23228,FILIGREE HEART BIRD WHITE ,5,2011-07-18 15:49:00,2.46,,United Kingdom,12.3,Sale
562688,22746,POPPY'S PLAYHOUSE LIVINGROOM ,3,2011-08-08 13:53:00,2.1,13869.0,United Kingdom,6.300000000000001,Sale
555650,22849,BREAD BIN DINER STYLE MINT,2,2011-06-06 13:48:00,16.95,14156.0,EIRE,33.9,Sale
575049,23353,6 GIFT TAGS VINTAGE CHRISTMAS ,24,2011-11-08 12:13:00,0.83,12721.0,France,19.92,Sale
571941,23284,DOORMAT KEEP CALM AND COME IN,2,2011-10-20 10:04:00,8.25,14261.0,United Kingdom,16.5,Sale
550461,85123A,WHITE HANGING HEART T-LIGHT HOLDER,1930,2011-04-18 13:20:00,2.4,15749.0,United Kingdom,4632.0,Sale
577341,84375,SET OF 20 KIDS COOKIE CUTTERS,12,2011-11-18 15:00:00,2.1,16279.0,United Kingdom,25.200000000000003,Sale
578827,21015,DARK BIRD HOUSE TREE DECORATION,1,2011-11-25 14:25:00,0.83,,United Kingdom,0.83,Sale
568531,23503,PLAYING CARDS KEEP CALM & CARRY ON,3,2011-09-27 13:49:00,1.25,16713.0,United Kingdom,3.75,Sale
552952,21936,RED RETROSPOT PICNIC BAG,6,2011-05-12 12:10:00,2.95,13837.0,United Kingdom,17.700000000000003,Sale
543610,48138,DOORMAT UNION FLAG,4,2011-02-10 14:30:00,7.95,16425.0,United Kingdom,31.8,Sale
558066,21915,RED  HARMONICA IN BOX ,1,2011-06-24 15:45:00,2.46,,United Kingdom,2.46,Sale
544286,22788,BROCANTE COAT RACK,2,2011-02-17 12:29:00,9.95,13151.0,United Kingdom,19.9,Sale
538363,22174,PHOTO CUBE,6,2010-12-10 17:14:00,1.65,18016.0,United Kingdom,9.9,Sale
578233,22383,LUNCH BAG SUKI DESIGN ,10,2011-11-23 12:20:00,1.65,14049.0,United Kingdom,16.5,Sale
569079,23355,HOT WATER BOTTLE KEEP CALM,4,2011-09-30 11:45:00,4.95,14226.0,United Kingdom,19.8,Sale
552702,47593B,SCOTTIE DOGS BABY BIB,3,2011-05-10 16:00:00,0.83,,United Kingdom,2.49,Sale
561050,23187,FRENCH STYLE STORAGE JAR BONBONS,48,2011-07-24 13:06:00,0.29,16558.0,United Kingdom,13.919999999999998,Sale
558888,23275,SET OF 3 HANGING OWLS OLLIE BEAK,12,2011-07-04 15:29:00,1.25,14056.0,United Kingdom,15.0,Sale
577286,22069,BROWN  PIRATE TREASURE CHEST ,1,2011-11-18 12:39:00,1.65,14606.0,United Kingdom,1.65,Sale
546534,20719,WOODLAND CHARLOTTE BAG,10,2011-03-14 13:56:00,0.85,16150.0,United Kingdom,8.5,Sale
565246,22999,TRAVEL CARD WALLET VINTAGE LEAF,24,2011-09-02 10:27:00,0.42,12408.0,Belgium,10.08,Sale
572063,90214L,"LETTER ""L"" BLING KEY RING",1,2011-10-20 12:57:00,1.25,14606.0,United Kingdom,1.25,Sale
574839,23426,METAL SIGN DROP YOUR PANTS,1,2011-11-07 11:40:00,2.89,15493.0,United Kingdom,2.89,Sale
549127,22477,WATERING CAN GARDEN MARKER,50,2011-04-06 14:23:00,1.25,14403.0,United Kingdom,62.5,Sale
575603,85039B,S/4 IVORY MINI ROSE CANDLE IN BOWL,4,2011-11-10 12:29:00,1.65,18125.0,United Kingdom,6.6,Sale
559912,23146,TRIPLE HOOK ANTIQUE IVORY ROSE,4,2011-07-13 15:04:00,3.29,14221.0,United Kingdom,13.16,Sale
556788,23077,DOUGHNUT LIP GLOSS ,20,2011-06-14 13:40:00,1.25,15129.0,United Kingdom,25.0,Sale
563924,23254,CHILDRENS CUTLERY DOLLY GIRL ,1,2011-08-21 14:32:00,4.15,15984.0,United Kingdom,4.15,Sale
567380,21039,RED RETROSPOT SHOPPING BAG,6,2011-09-20 10:06:00,2.55,12620.0,France,15.3,Sale
546891,21993,FLORAL FOLK STATIONERY SET,1,2011-03-17 18:18:00,2.46,,United Kingdom,2.46,Sale
548708,22425,ENAMEL COLANDER CREAM,3,2011-04-03 12:41:00,4.95,13269.0,United Kingdom,14.85,Sale
577477,22154,ANGEL DECORATION 3 BUTTONS ,48,2011-11-20 11:32:00,0.42,14157.0,United Kingdom,20.16,Sale
556813,21731,RED TOADSTOOL LED NIGHT LIGHT,1,2011-06-14 17:28:00,3.29,,United Kingdom,3.29,Sale
556502,20972,PINK CREAM FELT CRAFT TRINKET BOX ,12,2011-06-13 08:43:00,1.25,13761.0,United Kingdom,15.0,Sale
538071,22867,HAND WARMER BIRD DESIGN,11,2010-12-09 14:09:00,4.21,,United Kingdom,46.31,Sale
546973,20712,JUMBO BAG WOODLAND ANIMALS,5,2011-03-18 12:07:00,4.13,,United Kingdom,20.65,Sale
573486,22470,HEART OF WICKER LARGE,12,2011-10-31 11:40:00,2.95,13186.0,United Kingdom,35.400000000000006,Sale
544075,79321,CHILLI LIGHTS,72,2011-02-15 14:50:00,4.95,14156.0,EIRE,356.40000000000003,Sale
573413,85034B,3 WHITE CHOC MORRIS BOXED CANDLES,6,2011-10-30 16:12:00,1.25,15444.0,United Kingdom,7.5,Sale
569677,23144,ZINC T-LIGHT HOLDER STARS SMALL,12,2011-10-05 14:14:00,0.83,15106.0,United Kingdom,9.96,Sale
575383,84836,ZINC METAL HEART DECORATION,12,2011-11-09 15:17:00,1.25,15986.0,United Kingdom,15.0,Sale
551546,23256,CHILDRENS CUTLERY SPACEBOY ,8,2011-05-03 09:34:00,4.15,18062.0,United Kingdom,33.2,Sale
551821,84879,ASSORTED COLOUR BIRD ORNAMENT,8,2011-05-04 12:20:00,1.69,16942.0,United Kingdom,13.52,Sale
560209,22539,MINI JIGSAW DOLLY GIRL,2,2011-07-15 14:05:00,0.42,15004.0,United Kingdom,0.84,Sale
565232,20676,RED RETROSPOT BOWL,2,2011-09-02 09:30:00,2.46,,United Kingdom,4.92,Sale
546922,47566B,TEA TIME PARTY BUNTING,4,2011-03-18 09:59:00,4.95,14110.0,United Kingdom,19.8,Sale
555508,21506,"FANCY FONT BIRTHDAY CARD, ",12,2011-06-03 16:45:00,0.42,16880.0,United Kingdom,5.04,Sale
538349,21802,CHRISTMAS TREE HEART DECORATION,25,2010-12-10 14:59:00,0.43,,United Kingdom,10.75,Sale
575918,23318,BOX OF 6 MINI VINTAGE CRACKERS,2,2011-11-11 16:58:00,2.49,17191.0,United Kingdom,4.98,Sale
569977,23533,WALL ART GARDEN HAVEN ,2,2011-10-06 19:27:00,5.95,14702.0,United Kingdom,11.9,Sale
556484,23102,SILVER HEARTS TABLE DECORATION,6,2011-06-12 13:17:00,0.83,16938.0,United Kingdom,4.98,Sale
546896,22328,ROUND SNACK BOXES SET OF 4 FRUITS ,1,2011-03-17 18:24:00,5.79,,United Kingdom,5.79,Sale
551054,23053,RECYCLED ACAPULCO MAT PINK,2,2011-04-26 11:44:00,8.25,12429.0,Austria,16.5,Sale
541424,22346,PARTY PIZZA DISH GREEN POLKADOT,2,2011-01-17 17:57:00,0.42,,United Kingdom,0.84,Sale
539263,37448,CERAMIC CAKE DESIGN SPOTTED MUG,12,2010-12-16 14:36:00,1.49,16560.0,United Kingdom,17.88,Sale
539492,22630,DOLLY GIRL LUNCH BOX,3,2010-12-20 10:14:00,4.21,,United Kingdom,12.63,Sale
544931,22968,ROSE COTTAGE KEEPSAKE BOX ,8,2011-02-24 18:59:00,8.5,13501.0,Switzerland,68.0,Sale
581164,21899,GARAGE KEY FOB,4,2011-12-07 14:34:00,0.65,14395.0,United Kingdom,2.6,Sale
555835,23175,REGENCY MILK JUG PINK ,4,2011-06-07 12:34:00,3.25,14525.0,United Kingdom,13.0,Sale
572843,23320,GIANT 50'S CHRISTMAS CRACKER,12,2011-10-26 12:06:00,2.89,14315.0,United Kingdom,34.68,Sale
537646,21616,4 PEAR BOTANICAL DINNER CANDLES,1,2010-12-07 15:39:00,3.75,17591.0,United Kingdom,3.75,Sale
568539,22934,BAKING MOULD EASTER EGG WHITE CHOC,6,2011-09-27 14:07:00,2.95,13016.0,United Kingdom,17.700000000000003,Sale
537159,22684,FRENCH BLUE METAL DOOR SIGN 9,1,2010-12-05 13:17:00,1.25,14527.0,United Kingdom,1.25,Sale
538418,22910,PAPER CHAIN KIT VINTAGE CHRISTMAS,4,2010-12-12 12:00:00,2.95,17372.0,United Kingdom,11.8,Sale
577312,22663,JUMBO BAG DOLLY GIRL DESIGN,10,2011-11-18 13:18:00,2.08,17049.0,United Kingdom,20.8,Sale
580671,22464,HANGING METAL HEART LANTERN,24,2011-12-05 14:26:00,0.79,15159.0,United Kingdom,18.96,Sale
541104,22720,SET OF 3 CAKE TINS PANTRY DESIGN ,2,2011-01-13 14:29:00,10.79,,United Kingdom,21.58,Sale
576857,22386,JUMBO BAG PINK POLKADOT,1,2011-11-16 15:52:00,2.08,12748.0,United Kingdom,2.08,Sale
563549,21424,WOODLAND STORAGE BOX LARGE ,1,2011-08-17 12:34:00,6.63,,United Kingdom,6.63,Sale
568719,35646,VINTAGE BEAD PINK EVENING BAG,2,2011-09-28 16:19:00,2.46,,United Kingdom,4.92,Sale
554362,22840,ROUND CAKE TIN VINTAGE RED,1,2011-05-24 10:17:00,7.95,17811.0,United Kingdom,7.95,Sale
551564,85123A,WHITE HANGING HEART T-LIGHT HOLDER,6,2011-05-03 10:56:00,2.95,16609.0,United Kingdom,17.700000000000003,Sale
566602,DOT,DOTCOM POSTAGE,1,2011-09-13 16:05:00,226.37,,United Kingdom,226.37,Sale
576618,22558,CLOTHES PEGS RETROSPOT PACK 24 ,2,2011-11-15 17:00:00,3.29,,United Kingdom,6.58,Sale
576345,22112,CHOCOLATE HOT WATER BOTTLE,3,2011-11-14 15:37:00,4.95,12374.0,Austria,14.85,Sale
565434,85199L,LARGE HANGING IVORY & RED WOOD BIRD,10,2011-09-04 13:35:00,0.65,12867.0,United Kingdom,6.5,Sale
550638,85132A,CHARLIE + LOLA BISCUITS TINS,1,2011-04-19 15:44:00,5.79,,United Kingdom,5.79,Sale
575319,21888,BINGO SET,4,2011-11-09 13:26:00,3.75,14836.0,United Kingdom,15.0,Sale
556063,21469,POLKA DOT RAFFIA FOOD COVER,1,2011-06-08 14:09:00,3.75,14587.0,United Kingdom,3.75,Sale
559027,21749,LARGE RED RETROSPOT WINDMILL,48,2011-07-05 14:24:00,1.85,17046.0,United Kingdom,88.80000000000001,Sale
538198,22943,CHRISTMAS LIGHTS 10 VINTAGE BAUBLES,6,2010-12-10 11:01:00,4.95,17827.0,United Kingdom,29.700000000000003,Sale
559921,85123A,WHITE HANGING HEART T-LIGHT HOLDER,1,2011-07-13 15:42:00,2.95,13667.0,United Kingdom,2.95,Sale
576837,23340,VINTAGE CHRISTMAS CAKE FRILL,2,2011-11-16 15:16:00,3.29,,United Kingdom,6.58,Sale
546682,47566,PARTY BUNTING,4,2011-03-16 08:31:00,4.95,12994.0,United Kingdom,19.8,Sale
571640,21034,REX CASH+CARRY JUMBO SHOPPER,1,2011-10-18 12:01:00,0.95,17203.0,United Kingdom,0.95,Sale
570113,22809,SET OF 6 T-LIGHTS SANTA,36,2011-10-07 12:31:00,2.55,15874.0,United Kingdom,91.8,Sale
550471,22772,PINK DRAWER KNOB ACRYLIC EDWARDIAN,2,2011-04-18 13:52:00,2.46,,United Kingdom,4.92,Sale
554261,23149,ANTIQUE IVORY WIRE BOWL SMALL,1,2011-05-23 12:32:00,2.49,16033.0,United Kingdom,2.49,Sale
540473,22292,HANGING CHICK  YELLOW DECORATION,3,2011-01-07 14:31:00,1.45,17284.0,United Kingdom,4.35,Sale
555352,85099F,JUMBO BAG STRAWBERRY,200,2011-06-02 12:46:00,1.79,15838.0,United Kingdom,358.0,Sale
551533,21476,STEEL SWEETHEART ROUND TABLE CREAM,1,2011-05-01 14:58:00,14.95,15407.0,United Kingdom,14.95,Sale
570792,22966,GINGERBREAD MAN COOKIE CUTTER,20,2011-10-12 12:01:00,1.25,12709.0,Germany,25.0,Sale
548565,20712,JUMBO BAG WOODLAND ANIMALS,10,2011-04-01 10:23:00,1.95,16180.0,United Kingdom,19.5,Sale
539255,21071,VINTAGE BILLBOARD DRINK ME MUG,12,2010-12-16 14:26:00,1.25,16316.0,United Kingdom,15.0,Sale
575969,20914,SET/5 RED RETROSPOT LID GLASS BOWLS,4,2011-11-13 12:47:00,2.95,13571.0,United Kingdom,11.8,Sale
559923,22027,TEA PARTY BIRTHDAY CARD,2,2011-07-13 16:07:00,0.83,,United Kingdom,1.66,Sale
544464,84226,HEN HOUSE W FAMILY IN BARN & NEST,3,2011-02-20 14:38:00,0.85,17323.0,United Kingdom,2.55,Sale
580720,22338,STAR DECORATION PAINTED ZINC ,6,2011-12-05 16:55:00,0.19,14629.0,United Kingdom,1.14,Sale
573155,23323,WHITE WICKER STAR ,6,2011-10-28 08:34:00,2.1,13632.0,United Kingdom,12.6,Sale
541969,22718,CARD CAT AND TREE ,3,2011-01-24 13:46:00,0.83,,United Kingdom,2.49,Sale
547243,82482,WOODEN PICTURE FRAME WHITE FINISH,1,2011-03-21 16:59:00,2.55,17231.0,United Kingdom,2.55,Sale
555845,22617,BAKING SET SPACEBOY DESIGN,1,2011-06-07 13:19:00,4.95,17015.0,United Kingdom,4.95,Sale
561217,23051,RECYCLED ACAPULCO MAT BLUE,1,2011-07-25 17:09:00,16.63,,United Kingdom,16.63,Sale
560504,22352,LUNCH BOX WITH CUTLERY RETROSPOT ,6,2011-07-19 11:47:00,2.55,13081.0,United Kingdom,15.3,Sale
573381,85034C,3 ROSE MORRIS BOXED CANDLES,2,2011-10-30 14:05:00,1.25,17590.0,United Kingdom,2.5,Sale
575694,22978,PANTRY ROLLING PIN,1,2011-11-10 16:38:00,3.75,12748.0,United Kingdom,3.75,Sale
552963,21975,PACK OF 60 DINOSAUR CAKE CASES,12,2011-05-12 12:57:00,0.55,16743.0,United Kingdom,6.6000000000000005,Sale
573340,23321,SMALL WHITE HEART OF WICKER,5,2011-10-30 11:55:00,1.65,14159.0,United Kingdom,8.25,Sale
548894,22469,HEART OF WICKER SMALL,1,2011-04-04 16:01:00,1.65,,United Kingdom,1.65,Sale
543183,22215,CAKE STAND WHITE TWO TIER LACE,2,2011-02-04 11:13:00,8.5,14560.0,United Kingdom,17.0,Sale
556244,23104,IVORY CAFE HANGING LAMP ,1,2011-06-09 16:08:00,12.5,15867.0,United Kingdom,12.5,Sale
559289,22381,TOY TIDY PINK POLKADOT,3,2011-07-07 12:22:00,2.1,15719.0,United Kingdom,6.300000000000001,Sale
580553,23304,SET 4 PICNIC CUTLERY CHERRY ,12,2011-12-05 10:14:00,1.95,12646.0,USA,23.4,Sale
579692,23004,TRAVEL CARD WALLET PANTRY,48,2011-11-30 14:05:00,0.42,12433.0,Norway,20.16,Sale
547108,20685,DOORMAT RED RETROSPOT,1,2011-03-21 11:36:00,7.95,14659.0,United Kingdom,7.95,Sale
574484,23201,JUMBO BAG ALPHABET,10,2011-11-04 12:50:00,2.08,14388.0,United Kingdom,20.8,Sale
540014,21654,RIDGED GLASS FINGER BOWL,1,2011-01-04 11:34:00,1.45,14606.0,United Kingdom,1.45,Sale
539434,22423,REGENCY CAKESTAND 3 TIER,1,2010-12-17 14:41:00,25.49,,United Kingdom,25.49,Sale
560576,23245,SET OF 3 REGENCY CAKE TINS,4,2011-07-19 14:59:00,4.95,17287.0,United Kingdom,19.8,Sale
580113,23083,SET 6 PAPER TABLE LANTERN STARS ,12,2011-12-01 16:05:00,3.75,14766.0,United Kingdom,45.0,Sale
554956,48187,DOORMAT NEW ENGLAND,1,2011-05-27 15:17:00,12.46,,United Kingdom,12.46,Sale
561515,35916A,YELLOW FELT HANGING HEART W FLOWER,1,2011-07-27 15:16:00,0.63,,United Kingdom,0.63,Sale
569852,22940,FELTCRAFT CHRISTMAS FAIRY,4,2011-10-06 14:17:00,4.25,13771.0,United Kingdom,17.0,Sale
559338,21244,BLUE POLKADOT PLATE ,2,2011-07-07 16:30:00,3.29,,United Kingdom,6.58,Sale
559557,23173,REGENCY TEAPOT ROSES ,2,2011-07-11 10:33:00,9.95,17444.0,Canada,19.9,Sale
566495,22756,LARGE YELLOW BABUSHKA NOTEBOOK ,3,2011-09-13 11:14:00,1.25,15529.0,United Kingdom,3.75,Sale
562615,82494L,WOODEN FRAME ANTIQUE WHITE ,4,2011-08-08 12:20:00,2.95,16458.0,United Kingdom,11.8,Sale
569718,23343,JUMBO BAG VINTAGE CHRISTMAS ,10,2011-10-06 09:01:00,2.08,15837.0,United Kingdom,20.8,Sale
574911,22593,CHRISTMAS GINGHAM STAR,12,2011-11-07 15:49:00,0.85,14073.0,United Kingdom,10.2,Sale
552231,15036,ASSORTED COLOURS SILK FAN,36,2011-05-06 15:47:00,0.83,17364.0,United Kingdom,29.88,Sale
546543,35653,VINTAGE BEAD NOTEBOOK,1,2011-03-14 15:40:00,2.95,17841.0,United Kingdom,2.95,Sale
563938,84879,ASSORTED COLOUR BIRD ORNAMENT,160,2011-08-22 09:21:00,1.45,18144.0,United Kingdom,232.0,Sale
561488,22796,PHOTO FRAME 3 CLASSIC HANGING,2,2011-07-27 13:51:00,9.95,16609.0,United Kingdom,19.9,Sale
544591,22622,BOX OF VINTAGE ALPHABET BLOCKS,2,2011-02-21 15:20:00,9.95,13044.0,United Kingdom,19.9,Sale
540848,22801,ANTIQUE GLASS PEDESTAL BOWL,1,2011-01-12 09:26:00,7.62,,United Kingdom,7.62,Sale
539436,22136,LOVE HEART SOCK HANGER,1,2010-12-17 14:49:00,3.36,,United Kingdom,3.36,Sale
554491,84378,SET OF 3 HEART COOKIE CUTTERS,1,2011-05-24 13:50:00,1.25,14606.0,United Kingdom,1.25,Sale
581400,23252,VINTAGE RED ENAMEL TRIM JUG ,1,2011-12-08 13:36:00,3.75,14056.0,United Kingdom,3.75,Sale
553549,21524,DOORMAT SPOTTY HOME SWEET HOME,1,2011-05-17 16:09:00,15.79,,United Kingdom,15.79,Sale
572035,23157,SET OF 6 NATIVITY MAGNETS ,120,2011-10-20 12:03:00,1.85,14646.0,Netherlands,222.0,Sale
567062,23378,PACK OF 12 50'S CHRISTMAS TISSUES,24,2011-09-16 11:48:00,0.39,16108.0,United Kingdom,9.36,Sale
552563,23182,TOILET SIGN OCCUPIED OR VACANT,24,2011-05-10 11:54:00,0.83,17597.0,United Kingdom,19.92,Sale
548496,22562,MONSTERS STENCIL CRAFT,60,2011-03-31 13:40:00,1.25,12678.0,France,75.0,Sale
552277,23077,DOUGHNUT LIP GLOSS ,20,2011-05-08 12:34:00,1.25,13642.0,United Kingdom,25.0,Sale
541993,22470,HEART OF WICKER LARGE,1,2011-01-25 09:37:00,5.79,,United Kingdom,5.79,Sale
580137,22910,PAPER CHAIN KIT VINTAGE CHRISTMAS,4,2011-12-01 19:54:00,2.95,17566.0,United Kingdom,11.8,Sale
568201,85170B,SET/6 BLACK BIRD T-LIGHT CANDLES,1,2011-09-25 14:58:00,2.1,14712.0,United Kingdom,2.1,Sale
545978,22228,BUNNY WOODEN PAINTED WITH BIRD ,3,2011-03-08 12:19:00,0.85,13975.0,United Kingdom,2.55,Sale
545216,22842,BISCUIT TIN VINTAGE RED,1,2011-02-28 16:50:00,13.29,,United Kingdom,13.29,Sale
564825,85049H,URBAN BLACK RIBBONS ,1,2011-08-30 12:26:00,0.83,,United Kingdom,0.83,Sale
547249,21846,PINK DIAMANTE PEN IN GIFT BOX,1,2011-03-22 09:27:00,4.13,,United Kingdom,4.13,Sale
574732,22621,TRADITIONAL KNITTING NANCY,12,2011-11-06 15:11:00,1.65,13523.0,United Kingdom,19.8,Sale
537370,21034,REX CASH+CARRY JUMBO SHOPPER,2,2010-12-06 12:44:00,0.95,13155.0,United Kingdom,1.9,Sale
549123,22674,FRENCH TOILET SIGN BLUE METAL,12,2011-04-06 14:02:00,1.25,15201.0,United Kingdom,15.0,Sale
575728,22577,WOODEN HEART CHRISTMAS SCANDINAVIAN,24,2011-11-10 19:40:00,0.29,14911.0,EIRE,6.959999999999999,Sale
573585,22457,NATURAL SLATE HEART CHALKBOARD ,7,2011-10-31 14:41:00,5.79,,United Kingdom,40.53,Sale
541683,84375,SET OF 20 KIDS COOKIE CUTTERS,7,2011-01-20 15:01:00,2.1,14085.0,United Kingdom,14.7,Sale
537237,22920,HERB MARKER BASIL,1,2010-12-06 09:58:00,1.66,,United Kingdom,1.66,Sale
549554,82482,WOODEN PICTURE FRAME WHITE FINISH,6,2011-04-10 12:36:00,2.55,16779.0,United Kingdom,15.3,Sale
554310,21242,RED RETROSPOT PLATE ,4,2011-05-23 15:25:00,3.29,,United Kingdom,13.16,Sale
560650,21889,WOODEN BOX OF DOMINOES,4,2011-07-20 11:38:00,1.25,15529.0,United Kingdom,5.0,Sale
547416,84678,CLASSICAL ROSE SMALL VASE,6,2011-03-23 10:15:00,2.55,15410.0,United Kingdom,15.3,Sale
571676,22581,WOOD STOCKING CHRISTMAS SCANDISPOT,2,2011-10-18 13:29:00,0.85,16910.0,United Kingdom,1.7,Sale
575221,79321,CHILLI LIGHTS,4,2011-11-09 11:25:00,5.75,12949.0,United Kingdom,23.0,Sale
568531,22027,TEA PARTY BIRTHDAY CARD,12,2011-09-27 13:49:00,0.42,16713.0,United Kingdom,5.04,Sale
551134,21136,PAINTED METAL PEARS ASSORTED,24,2011-04-26 13:02:00,1.69,16729.0,United Kingdom,40.56,Sale
575138,84970s,HANGING HEART ZINC T-LIGHT HOLDER,4,2011-11-08 15:24:00,2.08,,United Kingdom,8.32,Sale
558475,22956,36 FOIL HEART CAKE CASES,3,2011-06-29 15:58:00,2.46,,United Kingdom,7.38,Sale
580287,23482,PEARLISED IVORY HEART LARGE ,3,2011-12-02 13:28:00,1.65,14594.0,United Kingdom,4.949999999999999,Sale
563741,22296,HEART IVORY TRELLIS LARGE,12,2011-08-19 08:57:00,1.65,14759.0,United Kingdom,19.8,Sale
544441,21340,CLASSIC METAL BIRDCAGE PLANT HOLDER,8,2011-02-20 10:29:00,9.95,16566.0,United Kingdom,79.6,Sale
556108,21658,GLASS  BEURRE DISH,1,2011-06-08 17:59:00,8.29,,United Kingdom,8.29,Sale
570677,23191,BUNDLE OF 3 RETRO NOTE BOOKS,3,2011-10-11 15:10:00,1.65,12836.0,United Kingdom,4.949999999999999,Sale
549833,22986,GINGHAM ROSE WRAP,25,2011-04-12 13:19:00,0.42,13458.0,United Kingdom,10.5,Sale
539561,22262,FELT EGG COSY CHICKEN,24,2010-12-20 11:41:00,0.85,16422.0,United Kingdom,20.4,Sale
575739,22457,NATURAL SLATE HEART CHALKBOARD ,1,2011-11-11 09:05:00,5.79,,United Kingdom,5.79,Sale
540154,22216,T-LIGHT HOLDER WHITE LACE,2,2011-01-05 11:30:00,0.81,,United Kingdom,1.62,Sale
554151,23176,ABC TREASURE BOOK BOX ,6,2011-05-23 11:07:00,2.25,14049.0,United Kingdom,13.5,Sale
537030,22150,3 STRIPEY MICE FELTCRAFT,12,2010-12-03 16:44:00,1.95,16455.0,United Kingdom,23.4,Sale
546782,48138,DOORMAT UNION FLAG,2,2011-03-17 09:13:00,7.95,15291.0,United Kingdom,15.9,Sale
566264,84692,BOX OF 24 COCKTAIL PARASOLS,4,2011-09-11 13:07:00,0.42,14606.0,United Kingdom,1.68,Sale
553937,23203,JUMBO BAG DOILEY PATTERNS,3,2011-05-20 10:33:00,2.08,14056.0,United Kingdom,6.24,Sale
569768,84659A,WHITE TRAVEL ALARM CLOCK,12,2011-10-06 11:27:00,2.55,13078.0,United Kingdom,30.6,Sale
574665,23300,GARDENERS KNEELING PAD CUP OF TEA ,48,2011-11-06 12:09:00,1.45,16168.0,United Kingdom,69.6,Sale
581414,23346,SPACEBOY BEAKER,2,2011-12-08 14:39:00,1.25,14730.0,United Kingdom,2.5,Sale
544824,22227,HANGING HEART MIRROR DECORATION ,24,2011-02-24 09:32:00,0.65,17139.0,United Kingdom,15.6,Sale
549014,22468,BABUSHKA LIGHTS STRING OF 10,1,2011-04-05 15:00:00,6.75,17841.0,United Kingdom,6.75,Sale
579393,85169D,PINK LOVE BIRD CANDLE,12,2011-11-29 12:07:00,1.25,12627.0,Germany,15.0,Sale
553887,20727,LUNCH BAG  BLACK SKULL.,10,2011-05-19 16:04:00,1.65,17068.0,United Kingdom,16.5,Sale
575516,21754,HOME BUILDING BLOCK WORD,3,2011-11-10 10:45:00,6.25,17340.0,United Kingdom,18.75,Sale
564752,23127,FELTCRAFT GIRL NICOLE KIT,16,2011-08-30 10:07:00,4.95,16126.0,United Kingdom,79.2,Sale
573137,23526,WALL ART DOG LICENCE ,4,2011-10-27 17:15:00,12.46,,United Kingdom,49.84,Sale
564825,22720,SET OF 3 CAKE TINS PANTRY DESIGN ,1,2011-08-30 12:26:00,10.79,,United Kingdom,10.79,Sale
576019,22964,3 PIECE SPACEBOY COOKIE CUTTER SET,6,2011-11-13 14:31:00,2.1,12865.0,Austria,12.6,Sale
560233,22189,CREAM HEART CARD HOLDER,2,2011-07-17 11:10:00,3.95,16813.0,United Kingdom,7.9,Sale
564646,22041,"RECORD FRAME 7"" SINGLE SIZE ",5,2011-08-26 13:39:00,5.79,,United Kingdom,28.95,Sale
562843,84032A,CHARLIE+LOLA PINK HOT WATER BOTTLE,1,2011-08-09 17:37:00,3.29,,United Kingdom,3.29,Sale
570499,35970,ZINC FOLKART SLEIGH BELLS,12,2011-10-11 09:19:00,1.69,12772.0,Portugal,20.28,Sale
560942,22630,DOLLY GIRL LUNCH BOX,3,2011-07-22 11:31:00,1.95,15005.0,United Kingdom,5.85,Sale
564735,22157,ANGEL DECORATION WITH LACE PADDED,48,2011-08-28 13:35:00,0.85,15856.0,United Kingdom,40.8,Sale
544599,22602,RETROSPOT WOODEN HEART DECORATION,1,2011-02-21 18:15:00,1.63,,United Kingdom,1.63,Sale
565401,84870C,GREEN GEISHA GIRL ,1,2011-09-02 17:38:00,3.75,16686.0,United Kingdom,3.75,Sale
537823,22784,LANTERN CREAM GAZEBO ,1,2010-12-08 14:25:00,11.02,,United Kingdom,11.02,Sale
564503,22141,CHRISTMAS CRAFT TREE TOP ANGEL,6,2011-08-25 14:23:00,2.1,13971.0,United Kingdom,12.6,Sale
570187,23035,DRAWER KNOB CERAMIC IVORY,4,2011-10-07 15:09:00,3.29,,United Kingdom,13.16,Sale
571660,22704,WRAP RED APPLES ,25,2011-10-18 12:49:00,0.42,16191.0,United Kingdom,10.5,Sale
573137,23211,RED ROCKING HORSE HAND PAINTED,3,2011-10-27 17:15:00,2.46,,United Kingdom,7.38,Sale
547070,23182,TOILET SIGN OCCUPIED OR VACANT,4,2011-03-20 13:58:00,0.83,16115.0,United Kingdom,3.32,Sale
549155,21992,VINTAGE PAISLEY STATIONERY SET,1,2011-04-06 17:08:00,2.46,,United Kingdom,2.46,Sale
571676,23333,IVORY WICKER HEART MEDIUM,2,2011-10-18 13:29:00,1.25,16910.0,United Kingdom,2.5,Sale
577319,23322,LARGE WHITE HEART OF WICKER,1,2011-11-18 13:43:00,2.95,17301.0,United Kingdom,2.95,Sale
566788,22715,CARD WEDDING DAY,72,2011-09-15 10:31:00,0.36,14306.0,United Kingdom,25.92,Sale
572069,22945,CHRISTMAS METAL TAGS ASSORTED ,12,2011-10-20 13:24:00,0.85,14911.0,EIRE,10.2,Sale
565995,22150,3 STRIPEY MICE FELTCRAFT,3,2011-09-08 11:48:00,1.95,16076.0,United Kingdom,5.85,Sale
578901,22601,CHRISTMAS RETROSPOT ANGEL WOOD,1,2011-11-27 11:47:00,0.85,17812.0,United Kingdom,0.85,Sale
556540,23240,SET OF 4 KNICK KNACK TINS DOILEY ,6,2011-06-13 12:51:00,4.15,13552.0,United Kingdom,24.9,Sale
542862,22445,PENCIL CASE LIFE IS BEAUTIFUL,1,2011-02-01 11:51:00,2.95,14606.0,United Kingdom,2.95,Sale
571054,23266,SET OF 3 WOODEN STOCKING DECORATION,1,2011-10-13 13:58:00,1.25,14234.0,United Kingdom,1.25,Sale
560713,21533,RETROSPOT LARGE MILK JUG,6,2011-07-20 13:09:00,4.95,16774.0,United Kingdom,29.700000000000003,Sale
569208,22152,PLACE SETTING WHITE STAR,24,2011-10-02 11:10:00,0.42,16693.0,United Kingdom,10.08,Sale
579529,22175,PINK OWL SOFT TOY,12,2011-11-30 08:50:00,2.95,12488.0,France,35.400000000000006,Sale
552134,21166,COOK WITH WINE METAL SIGN ,24,2011-05-06 11:50:00,2.08,14944.0,United Kingdom,49.92,Sale
554371,20936,FORKED CACTUS CANDLE,6,2011-05-24 10:42:00,2.95,17659.0,United Kingdom,17.700000000000003,Sale
553843,22748,POPPY'S PLAYHOUSE KITCHEN,6,2011-05-19 12:29:00,2.1,12553.0,France,12.6,Sale
553175,22336,DOVE DECORATION PAINTED ZINC ,5,2011-05-15 11:17:00,0.65,,United Kingdom,3.25,Sale
541219,22550,HOLIDAY FUN LUDO,1,2011-01-14 14:06:00,7.46,,United Kingdom,7.46,Sale
549716,22692,DOORMAT WELCOME TO OUR HOME,6,2011-04-11 14:43:00,7.95,14628.0,United Kingdom,47.7,Sale
550350,23009,I LOVE LONDON BABY GIFT SET,1,2011-04-18 10:04:00,16.95,15491.0,United Kingdom,16.95,Sale
554712,22203,MILK PAN RED RETROSPOT,8,2011-05-26 10:43:00,3.75,16873.0,United Kingdom,30.0,Sale
561385,22333,RETROSPOT PARTY BAG + STICKER SET,8,2011-07-27 09:13:00,1.65,15660.0,United Kingdom,13.2,Sale
567675,23332,IVORY WICKER HEART LARGE,12,2011-09-21 15:54:00,1.65,15351.0,United Kingdom,19.8,Sale
571441,22948,METAL DECORATION NAUGHTY CHILDREN ,4,2011-10-17 13:31:00,1.66,14096.0,United Kingdom,6.64,Sale
562717,84796A,PINK HAWAIIAN PICNIC HAMPER FOR 2,1,2011-08-08 15:42:00,8.29,,United Kingdom,8.29,Sale
575947,23367,SET 12 COLOUR PENCILS SPACEBOY ,1,2011-11-13 11:50:00,1.25,,United Kingdom,1.25,Sale
557499,22627,MINT KITCHEN SCALES,2,2011-06-20 15:25:00,8.5,16320.0,Unspecified,17.0,Sale
566283,21975,PACK OF 60 DINOSAUR CAKE CASES,24,2011-09-11 14:34:00,0.55,17838.0,United Kingdom,13.2,Sale
576329,23101,SILVER STARS TABLE DECORATION,1,2011-11-14 15:22:00,2.46,,United Kingdom,2.46,Sale
572309,21650,ASSORTED TUTTI FRUTTI BRACELET,7,2011-10-23 15:29:00,0.19,14432.0,United Kingdom,1.33,Sale
557495,21931,JUMBO STORAGE BAG SUKI,3,2011-06-20 15:19:00,4.13,,United Kingdom,12.39,Sale
550205,20674,GREEN POLKADOT BOWL,1,2011-04-15 10:37:00,2.46,,United Kingdom,2.46,Sale
544701,22815,CARD PSYCHEDELIC APPLES,12,2011-02-23 10:27:00,0.42,17428.0,United Kingdom,5.04,Sale
551468,37475,SET/4 COLOURFUL MIXING BOWLS,1,2011-04-28 16:21:00,8.29,,United Kingdom,8.29,Sale
581217,22553,PLASTERS IN TIN SKULLS,2,2011-12-08 09:20:00,3.29,,United Kingdom,6.58,Sale
578250,23264,SET OF 3 WOODEN SLEIGH DECORATIONS,1,2011-11-23 12:43:00,1.25,15901.0,United Kingdom,1.25,Sale
540821,85131D,BEADED CRYSTAL HEART PINK ON STICK,5,2011-01-11 13:16:00,0.85,,United Kingdom,4.25,Sale
550471,22091,EMPIRE TISSUE BOX,1,2011-04-18 13:52:00,2.46,,United Kingdom,2.46,Sale
547389,22917,HERB MARKER ROSEMARY,4,2011-03-22 16:08:00,0.65,16721.0,United Kingdom,2.6,Sale
546019,21506,"FANCY FONT BIRTHDAY CARD, ",12,2011-03-08 17:25:00,0.42,14507.0,United Kingdom,5.04,Sale
557776,23034,DRAWER KNOB CERAMIC BLACK,6,2011-06-22 15:07:00,1.45,14422.0,United Kingdom,8.7,Sale
539586,21110,LARGE CAKE TOWEL PINK SPOTS,24,2010-12-20 13:08:00,1.95,14298.0,United Kingdom,46.8,Sale
556906,21792,CLASSIC FRENCH STYLE BASKET GREEN ,2,2011-06-15 13:07:00,3.95,12843.0,United Kingdom,7.9,Sale
580822,21944,KITTENS DESIGN FLANNEL,12,2011-12-06 11:33:00,0.39,17884.0,United Kingdom,4.68,Sale
546739,22585,PACK OF 6 BIRDY GIFT TAGS,144,2011-03-16 12:12:00,1.06,17511.0,United Kingdom,152.64,Sale
576840,22469,HEART OF WICKER SMALL,3,2011-11-16 15:23:00,3.29,,United Kingdom,9.87,Sale
579512,22586,FELTCRAFT HAIRBAND PINK AND BLUE,1,2011-11-29 16:47:00,1.63,,United Kingdom,1.63,Sale
547871,22435,SET OF 9 HEART SHAPED BALLOONS,3,2011-03-27 14:28:00,1.25,16931.0,United Kingdom,3.75,Sale
556108,22970,LONDON BUS COFFEE MUG,1,2011-06-08 17:59:00,4.96,,United Kingdom,4.96,Sale
538349,21809,CHRISTMAS HANGING TREE WITH BELL,1,2010-12-10 14:59:00,2.51,,United Kingdom,2.51,Sale
559200,23152,IVORY SWEETHEART WIRE LETTER RACK ,2,2011-07-07 10:36:00,3.75,13291.0,United Kingdom,7.5,Sale
566602,20777,CHRYSANTHEMUM NOTEBOOK,1,2011-09-13 16:05:00,1.63,,United Kingdom,1.63,Sale
556636,22582,PACK OF 6 SWEETIE GIFT BOXES,1,2011-06-13 15:30:00,4.96,,United Kingdom,4.96,Sale
538524,47591D,PINK FAIRY CAKE CHILDRENS APRON,2,2010-12-13 09:35:00,4.21,,United Kingdom,8.42,Sale
580317,84406B,CREAM CUPID HEARTS COAT HANGER,8,2011-12-02 15:29:00,4.15,13458.0,United Kingdom,33.2,Sale
537608,22695,WICKER WREATH SMALL,2,2010-12-07 13:20:00,1.45,15024.0,United Kingdom,2.9,Sale
544803,22896,PEG BAG APPLES DESIGN,1,2011-02-23 14:29:00,2.55,14606.0,United Kingdom,2.55,Sale
576855,22531,MAGIC DRAWING SLATE CIRCUS PARADE  ,1,2011-11-16 15:51:00,0.42,17757.0,United Kingdom,0.42,Sale
576895,22423,REGENCY CAKESTAND 3 TIER,2,2011-11-17 08:40:00,12.75,12356.0,Portugal,25.5,Sale
544599,18097C,WHITE TALL PORCELAIN T-LIGHT HOLDER,1,2011-02-21 18:15:00,4.96,,United Kingdom,4.96,Sale
543367,21181,PLEASE ONE PERSON METAL SIGN,12,2011-02-07 14:33:00,2.1,18225.0,United Kingdom,25.200000000000003,Sale
552699,22507,MEMO BOARD RETROSPOT  DESIGN,4,2011-05-10 15:52:00,4.95,16210.0,United Kingdom,19.8,Sale
541086,84520B,PACK 20 ENGLISH ROSE PAPER NAPKINS,12,2011-01-13 12:32:00,0.85,16503.0,United Kingdom,10.2,Sale
541552,84050,PINK HEART SHAPE EGG FRYING PAN,12,2011-01-19 11:15:00,1.65,15039.0,United Kingdom,19.8,Sale
543000,22507,MEMO BOARD RETROSPOT  DESIGN,2,2011-02-02 12:17:00,10.79,,United Kingdom,21.58,Sale
538351,22726,ALARM CLOCK BAKELIKE GREEN,9,2010-12-10 15:17:00,8.47,,United Kingdom,76.23,Sale
541999,21892,TRADITIONAL WOODEN CATCH CUP GAME ,19,2011-01-25 10:45:00,2.46,,United Kingdom,46.74,Sale
581181,22726,ALARM CLOCK BAKELIKE GREEN,8,2011-12-07 15:55:00,3.75,14189.0,United Kingdom,30.0,Sale
541241,20867,PINK ROSE FABRIC MIRROR,2,2011-01-16 11:08:00,1.25,13782.0,United Kingdom,2.5,Sale
565462,22930,BAKING MOULD HEART MILK CHOCOLATE,6,2011-09-05 09:38:00,2.55,16551.0,United Kingdom,15.3,Sale
545570,84879,ASSORTED COLOUR BIRD ORNAMENT,16,2011-03-03 16:28:00,1.69,12817.0,Austria,27.04,Sale
539492,21802,CHRISTMAS TREE HEART DECORATION,1,2010-12-20 10:14:00,0.43,,United Kingdom,0.43,Sale
560229,23306,SET OF 36 DOILIES PANTRY DESIGN,12,2011-07-17 10:39:00,1.45,14013.0,United Kingdom,17.4,Sale
559352,22804,CANDLEHOLDER PINK HANGING HEART,4,2011-07-07 17:47:00,2.95,17837.0,United Kingdom,11.8,Sale
547249,22161,HEART DECORATION RUSTIC HANGING ,1,2011-03-22 09:27:00,0.79,,United Kingdom,0.79,Sale
537237,21703,BAG 125g SWIRLY MARBLES,1,2010-12-06 09:58:00,0.85,,United Kingdom,0.85,Sale
579777,21557,SET OF 6 FUNKY BEAKERS,1,2011-11-30 15:13:00,5.79,,United Kingdom,5.79,Sale
576665,21926,RED/CREAM STRIPE CUSHION COVER ,1,2011-11-16 11:46:00,1.25,17841.0,United Kingdom,1.25,Sale
574544,22965,3 TRADITIONAl BISCUIT CUTTERS  SET,12,2011-11-04 14:49:00,2.1,17084.0,United Kingdom,25.200000000000003,Sale
577795,23344,JUMBO BAG 50'S CHRISTMAS ,6,2011-11-21 16:50:00,2.08,13246.0,United Kingdom,12.48,Sale
578941,44089A,PINK GAUZE BUTTERFLY LAMPSHADE,8,2011-11-27 13:26:00,0.42,16024.0,United Kingdom,3.36,Sale
553175,21189,WHITE HONEYCOMB PAPER GARLAND ,2,2011-05-15 11:17:00,1.65,,United Kingdom,3.3,Sale
559689,22466,FAIRY TALE COTTAGE NIGHTLIGHT,1,2011-07-11 15:46:00,1.95,,United Kingdom,1.95,Sale
540551,84509A,SET OF 4 ENGLISH ROSE PLACEMATS,8,2011-01-10 09:43:00,3.36,,United Kingdom,26.88,Sale
576025,21261,GREEN GOOSE FEATHER CHRISTMAS TREE ,2,2011-11-13 14:34:00,2.95,13232.0,United Kingdom,5.9,Sale
538071,22419,LIPSTICK PEN RED,25,2010-12-09 14:09:00,0.85,,United Kingdom,21.25,Sale
547510,22558,CLOTHES PEGS RETROSPOT PACK 24 ,12,2011-03-23 13:42:00,1.49,15245.0,United Kingdom,17.88,Sale
568895,22120,WELCOME  WOODEN BLOCK LETTERS,1,2011-09-29 13:11:00,9.95,15356.0,United Kingdom,9.95,Sale
553120,22993,SET OF 4 PANTRY JELLY MOULDS,12,2011-05-13 12:12:00,1.25,17139.0,United Kingdom,15.0,Sale
541969,21832,CHOCOLATE CALCULATOR,6,2011-01-24 13:46:00,3.29,,United Kingdom,19.74,Sale
581256,84997c,CHILDRENS CUTLERY POLKADOT BLUE,8,2011-12-08 11:21:00,8.29,,United Kingdom,66.32,Sale
564757,85078,SCANDINAVIAN 3 HEARTS NAPKIN RING,2,2011-08-30 10:36:00,1.63,,United Kingdom,3.26,Sale
580375,23014,GLASS APOTHECARY BOTTLE ELIXIR,12,2011-12-02 17:13:00,3.45,14031.0,United Kingdom,41.400000000000006,Sale
577106,23332,IVORY WICKER HEART LARGE,2,2011-11-17 17:18:00,1.65,14456.0,United Kingdom,3.3,Sale
579430,23582,VINTAGE DOILY JUMBO BAG RED ,1,2011-11-29 13:06:00,2.08,12748.0,United Kingdom,2.08,Sale
578344,23318,BOX OF 6 MINI VINTAGE CRACKERS,6,2011-11-24 09:21:00,4.96,,United Kingdom,29.76,Sale
562024,17129F,BLUE GLASS GEMS IN BAG,6,2011-08-01 16:07:00,1.63,,United Kingdom,9.78,Sale
540269,22726,ALARM CLOCK BAKELIKE GREEN,4,2011-01-06 11:39:00,3.75,14135.0,United Kingdom,15.0,Sale
559337,85176,SEWING SUSAN 21 NEEDLE SET,5,2011-07-07 16:27:00,0.79,,United Kingdom,3.95,Sale
579408,23660,HENRIETTA HEN MUG ,6,2011-11-29 12:34:00,1.65,14701.0,United Kingdom,9.9,Sale
544168,85123A,WHITE HANGING HEART T-LIGHT HOLDER,96,2011-02-16 13:16:00,2.55,13798.0,United Kingdom,244.8,Sale
577747,21524,DOORMAT SPOTTY HOME SWEET HOME,48,2011-11-21 14:21:00,8.0,17450.0,United Kingdom,384.0,Sale
550000,22430,ENAMEL WATERING CAN CREAM,4,2011-04-14 09:18:00,4.95,17058.0,United Kingdom,19.8,Sale
548167,75049L,LARGE CIRCULAR MIRROR MOBILE,4,2011-03-29 13:45:00,2.46,,United Kingdom,9.84,Sale
557570,21094,SET/6 RED SPOTTY PAPER PLATES,6,2011-06-21 10:48:00,0.85,15998.0,United Kingdom,5.1,Sale
542599,20658,RED RETROSPOT LUGGAGE TAG,2,2011-01-30 11:01:00,1.25,17062.0,United Kingdom,2.5,Sale
553462,23160,REGENCY TEA SPOON,12,2011-05-17 10:57:00,1.25,17147.0,United Kingdom,15.0,Sale
570187,22529,MAGIC DRAWING SLATE GO TO THE FAIR ,2,2011-10-07 15:09:00,0.83,,United Kingdom,1.66,Sale
575148,22959,WRAP CHRISTMAS VILLAGE,25,2011-11-08 15:48:00,0.42,13867.0,United Kingdom,10.5,Sale
559902,22529,MAGIC DRAWING SLATE GO TO THE FAIR ,2,2011-07-13 13:14:00,0.42,14502.0,United Kingdom,0.84,Sale
568381,23435,3 RAFFIA RIBBONS VINTAGE CHRISTMAS,10,2011-09-27 09:24:00,0.79,14321.0,United Kingdom,7.9,Sale
577296,23319,BOX OF 6 MINI 50'S CRACKERS,2,2011-11-18 12:47:00,2.49,17286.0,United Kingdom,4.98,Sale
549155,90114,SUMMER DAISIES BAG CHARM,1,2011-04-06 17:08:00,2.46,,United Kingdom,2.46,Sale
559122,21394,RED POLKADOT BEAKER ,48,2011-07-06 12:22:00,0.39,15159.0,United Kingdom,18.72,Sale
539439,85232A,SET/3 POLKADOT STACKING TINS,3,2010-12-17 15:14:00,4.95,13869.0,United Kingdom,14.85,Sale
567613,23306,SET OF 36 DOILIES PANTRY DESIGN,12,2011-09-21 11:49:00,1.45,13908.0,United Kingdom,17.4,Sale
571684,23267,SET OF 4 SANTA PLACE SETTINGS,1,2011-10-18 14:11:00,1.25,16730.0,United Kingdom,1.25,Sale
566969,85178,VICTORIAN SEWING KIT,12,2011-09-15 19:36:00,1.25,15205.0,United Kingdom,15.0,Sale
547098,22445,PENCIL CASE LIFE IS BEAUTIFUL,6,2011-03-21 10:13:00,2.95,16384.0,United Kingdom,17.700000000000003,Sale
569669,47504K,ENGLISH ROSE GARDEN SECATEURS,1,2011-10-05 13:47:00,0.79,14730.0,United Kingdom,0.79,Sale
541370,21709,FOLDING UMBRELLA CHOCOLATE POLKADOT,4,2011-01-17 14:51:00,4.95,18179.0,United Kingdom,19.8,Sale
543001,21143,ANTIQUE GLASS HEART DECORATION ,12,2011-02-02 12:26:00,1.95,14127.0,United Kingdom,23.4,Sale
554672,22303,COFFEE MUG APPLES DESIGN,6,2011-05-25 15:54:00,2.55,14415.0,United Kingdom,15.3,Sale
547358,84559A,3D SHEET OF DOG STICKERS,4,2011-03-22 12:25:00,0.85,15998.0,United Kingdom,3.4,Sale
561531,47566,PARTY BUNTING,4,2011-07-28 09:27:00,4.95,14364.0,United Kingdom,19.8,Sale
558809,22488,NATURAL SLATE RECTANGLE CHALKBOARD,7,2011-07-04 11:10:00,3.29,,United Kingdom,23.03,Sale
580062,16236,KITTY PENCIL ERASERS,2,2011-12-01 13:28:00,0.21,15862.0,United Kingdom,0.42,Sale
572295,23403,LETTER HOLDER HOME SWEET HOME,2,2011-10-23 13:49:00,3.75,16686.0,United Kingdom,7.5,Sale
565851,21791,VINTAGE HEADS AND TAILS CARD GAME ,12,2011-09-07 13:06:00,1.25,14911.0,EIRE,15.0,Sale
578510,21524,DOORMAT SPOTTY HOME SWEET HOME,1,2011-11-24 13:25:00,8.25,14056.0,United Kingdom,8.25,Sale
536409,22664,TOY TIDY DOLLY GIRL DESIGN,1,2010-12-01 11:45:00,2.1,17908.0,United Kingdom,2.1,Sale
537224,84406B,CREAM CUPID HEARTS COAT HANGER,2,2010-12-05 16:24:00,3.25,13174.0,United Kingdom,6.5,Sale
558864,23307,SET OF 60 PANTRY DESIGN CAKE CASES ,24,2011-07-04 12:38:00,0.55,,EIRE,13.2,Sale
552372,22908,PACK OF 20 NAPKINS RED APPLES,12,2011-05-09 12:29:00,0.85,13394.0,United Kingdom,10.2,Sale
559027,23308,SET OF 60 VINTAGE LEAF CAKE CASES ,24,2011-07-05 14:24:00,0.55,17046.0,United Kingdom,13.2,Sale
542536,22328,ROUND SNACK BOXES SET OF 4 FRUITS ,3,2011-01-28 13:37:00,4.13,,United Kingdom,12.39,Sale
562555,22582,PACK OF 6 SWEETIE GIFT BOXES,24,2011-08-05 16:37:00,2.55,15671.0,United Kingdom,61.2,Sale
547713,21931,JUMBO STORAGE BAG SUKI,10,2011-03-25 08:41:00,1.95,16458.0,United Kingdom,19.5,Sale
571713,22905,CALENDAR IN SEASON DESIGN,1,2011-10-18 16:58:00,2.46,,United Kingdom,2.46,Sale
580723,84509G,SET OF 4 FAIRY CAKE PLACEMATS ,3,2011-12-05 17:09:00,1.25,15856.0,United Kingdom,3.75,Sale
578928,21791,VINTAGE HEADS AND TAILS CARD GAME ,5,2011-11-27 12:29:00,1.25,15443.0,United Kingdom,6.25,Sale
537351,22556,PLASTERS IN TIN CIRCUS PARADE ,1,2010-12-06 12:23:00,1.65,16898.0,United Kingdom,1.65,Sale
539451,22445,PENCIL CASE LIFE IS BEAUTIFUL,1,2010-12-17 16:59:00,5.91,,United Kingdom,5.91,Sale
540238,21802,CHRISTMAS TREE HEART DECORATION,11,2011-01-05 14:44:00,0.43,,United Kingdom,4.73,Sale
580153,21165,BEWARE OF THE CAT METAL SIGN ,12,2011-12-02 10:23:00,1.69,12762.0,Portugal,20.28,Sale
550805,47566,PARTY BUNTING,12,2011-04-20 15:38:00,4.95,13162.0,United Kingdom,59.400000000000006,Sale
558087,21724,PANDA AND BUNNIES STICKER SHEET,6,2011-06-26 12:04:00,0.85,17323.0,United Kingdom,5.1,Sale
540977,21633,SUNFLOWER DECORATIVE PARASOL,1,2011-01-12 15:01:00,8.47,,United Kingdom,8.47,Sale
553013,85227,SET OF 6 3D KIT CARDS FOR KIDS,1,2011-05-12 18:19:00,1.63,,United Kingdom,1.63,Sale
546486,22675,FRENCH KITCHEN SIGN BLUE METAL,1,2011-03-14 11:41:00,1.25,15039.0,United Kingdom,1.25,Sale
581492,84347,ROTATING SILVER ANGELS T-LIGHT HLDR,2,2011-12-09 10:03:00,4.96,,United Kingdom,9.92,Sale
540972,21843,RED RETROSPOT CAKE STAND,8,2011-01-12 14:13:00,10.95,12437.0,France,87.6,Sale
550636,84913A,SOFT PINK ROSE TOWEL ,1,2011-04-19 15:37:00,3.29,,United Kingdom,3.29,Sale
541223,20659,ECONOMY LUGGAGE TAG,1,2011-01-14 14:39:00,1.25,17954.0,United Kingdom,1.25,Sale
576329,22599,CHRISTMAS MUSICAL ZINC STAR,4,2011-11-14 15:22:00,0.83,,United Kingdom,3.32,Sale
570715,22419,LIPSTICK PEN RED,12,2011-10-12 10:23:00,0.42,18287.0,United Kingdom,5.04,Sale
581237,23378,PACK OF 12 50'S CHRISTMAS TISSUES,1,2011-12-08 10:40:00,0.39,15443.0,United Kingdom,0.39,Sale
547964,21731,RED TOADSTOOL LED NIGHT LIGHT,1,2011-03-28 15:45:00,3.29,,United Kingdom,3.29,Sale
559733,21314,SMALL GLASS HEART TRINKET POT,8,2011-07-12 10:54:00,2.1,16145.0,United Kingdom,16.8,Sale
551006,21931,JUMBO STORAGE BAG SUKI,2,2011-04-26 09:48:00,4.13,,United Kingdom,8.26,Sale
578085,84879,ASSORTED COLOUR BIRD ORNAMENT,16,2011-11-22 16:39:00,1.69,13319.0,United Kingdom,27.04,Sale
579471,23406,HOME SWEET HOME KEY HOLDER,1,2011-11-29 15:08:00,12.46,,United Kingdom,12.46,Sale
568703,22919,HERB MARKER MINT,6,2011-09-28 15:21:00,0.65,12748.0,United Kingdom,3.9,Sale
556728,23239,SET OF 4 KNICK KNACK TINS POPPIES,2,2011-06-14 11:36:00,4.15,15719.0,United Kingdom,8.3,Sale
543978,20718,RED RETROSPOT SHOPPER BAG,6,2011-02-14 15:37:00,1.25,12867.0,United Kingdom,7.5,Sale
581217,21219,SET/4 BADGES BALLOON GIRL,1,2011-12-08 09:20:00,2.46,,United Kingdom,2.46,Sale
576593,20619,TROPICAL PASSPORT COVER ,1,2011-11-15 14:48:00,2.1,15720.0,United Kingdom,2.1,Sale
572229,22697,GREEN REGENCY TEACUP AND SAUCER,6,2011-10-21 14:23:00,2.95,14329.0,United Kingdom,17.700000000000003,Sale
554820,23202,JUMBO BAG VINTAGE LEAF,10,2011-05-26 14:09:00,1.95,15622.0,United Kingdom,19.5,Sale
578366,20981,12 PENCILS TALL TUBE WOODLAND,12,2011-11-24 10:53:00,0.85,16173.0,United Kingdom,10.2,Sale
566774,22086,PAPER CHAIN KIT 50'S CHRISTMAS ,6,2011-09-15 09:44:00,2.95,12921.0,United Kingdom,17.700000000000003,Sale
557938,21746,SMALL RED RETROSPOT WINDMILL,2,2011-06-23 15:35:00,2.46,,United Kingdom,4.92,Sale
542114,22841,ROUND CAKE TIN VINTAGE GREEN,4,2011-01-25 14:00:00,7.95,16943.0,United Kingdom,31.8,Sale
551990,22607,WOODEN ROUNDERS GARDEN SET ,8,2011-05-05 15:13:00,8.5,15759.0,United Kingdom,68.0,Sale
554946,22962,JAM JAR WITH PINK LID,48,2011-05-27 14:22:00,0.72,18242.0,United Kingdom,34.56,Sale
564647,23240,SET OF 4 KNICK KNACK TINS DOILY ,1,2011-08-26 13:56:00,4.15,17920.0,United Kingdom,4.15,Sale
572540,72349b,SET/6 PURPLE BUTTERFLY T-LIGHTS,1,2011-10-24 16:17:00,4.13,,United Kingdom,4.13,Sale
576840,20973,12 PENCIL SMALL TUBE WOODLAND,1,2011-11-16 15:23:00,1.25,,United Kingdom,1.25,Sale
541516,47591B,SCOTTIES CHILDRENS APRON,1,2011-01-18 17:34:00,1.63,,United Kingdom,1.63,Sale
561468,22980,PANTRY SCRUBBING BRUSH,12,2011-07-27 13:00:00,1.65,12709.0,Germany,19.8,Sale
581218,22215,CAKE STAND WHITE TWO TIER LACE,6,2011-12-08 09:23:00,2.95,14191.0,United Kingdom,17.700000000000003,Sale
581219,23207,LUNCH BAG ALPHABET DESIGN,1,2011-12-08 09:28:00,4.13,,United Kingdom,4.13,Sale
554988,15039,SANDALWOOD FAN,130,2011-05-29 13:32:00,0.85,15897.0,United Kingdom,110.5,Sale
552315,22024,RAINY LADIES BIRTHDAY CARD,12,2011-05-08 16:10:00,0.42,12700.0,France,5.04,Sale
558068,23207,LUNCH BAG ALPHABET DESIGN,1,2011-06-24 15:51:00,4.13,,United Kingdom,4.13,Sale
576538,72800D,4 BLUE DINNER CANDLES SILVER FLOCK,2,2011-11-15 12:42:00,2.55,14725.0,United Kingdom,5.1,Sale
555649,85015,SET OF 12  VINTAGE POSTCARD SET,24,2011-06-06 13:47:00,0.65,15386.0,United Kingdom,15.6,Sale
562465,20749,ASSORTED COLOUR MINI CASES,2,2011-08-05 11:46:00,7.95,13908.0,United Kingdom,15.9,Sale
552640,22271,FELTCRAFT DOLL ROSIE,1,2011-05-10 13:19:00,2.95,17841.0,United Kingdom,2.95,Sale
536592,85017A,ENVELOPE 50 ROMANTIC IMAGES,1,2010-12-01 17:06:00,0.85,,United Kingdom,0.85,Sale
548522,22485,SET OF 2 WOODEN MARKET CRATES,1,2011-03-31 16:43:00,24.96,,United Kingdom,24.96,Sale
571714,22505,MEMO BOARD COTTAGE DESIGN,1,2011-10-18 17:00:00,10.79,,United Kingdom,10.79,Sale
536842,22502,PICNIC BASKET WICKER SMALL,4,2010-12-02 18:45:00,5.95,17552.0,United Kingdom,23.8,Sale
544776,84029G,KNITTED UNION FLAG HOT WATER BOTTLE,5,2011-02-23 11:39:00,8.29,,United Kingdom,41.45,Sale
565292,23355,HOT WATER BOTTLE KEEP CALM,12,2011-09-02 11:54:00,4.95,16102.0,United Kingdom,59.400000000000006,Sale
550957,22661,CHARLOTTE BAG DOLLY GIRL DESIGN,1,2011-04-21 16:37:00,0.85,18283.0,United Kingdom,0.85,Sale
558680,22089,PAPER BUNTING VINTAGE PAISLEY,1,2011-07-01 11:19:00,4.13,,United Kingdom,4.13,Sale
577167,22328,ROUND SNACK BOXES SET OF 4 FRUITS ,2,2011-11-18 10:41:00,2.95,16511.0,United Kingdom,5.9,Sale
581420,20726,LUNCH BAG WOODLAND,10,2011-12-08 15:09:00,1.65,16358.0,United Kingdom,16.5,Sale
563617,21706,FOLDING UMBRELLA RED/WHITE POLKADOT,8,2011-08-18 09:45:00,4.95,15301.0,United Kingdom,39.6,Sale
573406,23436,VINTAGE CHRISTMAS GIFT BAG LARGE ,12,2011-10-30 15:57:00,1.25,14112.0,United Kingdom,15.0,Sale
565617,51014C,"FEATHER PEN,COAL BLACK",1,2011-09-05 15:30:00,0.83,,United Kingdom,0.83,Sale
569205,20727,LUNCH BAG  BLACK SKULL.,10,2011-10-02 10:55:00,1.65,16923.0,United Kingdom,16.5,Sale
549830,22849,BREAD BIN DINER STYLE MINT,4,2011-04-12 13:01:00,14.95,17811.0,United Kingdom,59.8,Sale
559036,21559,STRAWBERRY LUNCH BOX WITH CUTLERY,6,2011-07-05 15:14:00,2.55,12637.0,France,15.3,Sale
571671,23379,PACK OF 12 RED APPLE TISSUES,12,2011-10-18 13:15:00,0.39,16940.0,United Kingdom,4.68,Sale
576391,23208,LUNCH BAG VINTAGE LEAF DESIGN,3,2011-11-15 10:13:00,4.96,,United Kingdom,14.88,Sale
541424,22457,NATURAL SLATE HEART CHALKBOARD ,3,2011-01-17 17:57:00,5.79,,United Kingdom,17.37,Sale
580730,22982,PANTRY PASTRY BRUSH,1,2011-12-05 17:28:00,2.46,,United Kingdom,2.46,Sale
546925,POST,POSTAGE,3,2011-03-18 10:09:00,18.0,12647.0,Germany,54.0,Sale
578067,22817,CARD SUKI BIRTHDAY,7,2011-11-22 15:43:00,0.42,,United Kingdom,2.94,Sale
573830,20727,LUNCH BAG  BLACK SKULL.,4,2011-11-01 11:35:00,1.65,16960.0,United Kingdom,6.6,Sale
550636,85131B,BEADED CRYSTAL HEART GREEN ON STICK,2,2011-04-19 15:37:00,0.83,,United Kingdom,1.66,Sale
564755,47566,PARTY BUNTING,2,2011-08-30 10:31:00,10.79,,United Kingdom,21.58,Sale
578856,23207,LUNCH BAG ALPHABET DESIGN,3,2011-11-27 11:18:00,1.65,17769.0,United Kingdom,4.949999999999999,Sale
573481,23535,WALL ART BICYCLE SAFETY,4,2011-10-31 11:10:00,5.95,13994.0,United Kingdom,23.8,Sale
580730,84568,GIRLS ALPHABET IRON ON PATCHES ,22,2011-12-05 17:28:00,0.42,,United Kingdom,9.24,Sale
561627,22580,ADVENT CALENDAR GINGHAM SACK,3,2011-07-28 14:08:00,5.95,12453.0,Austria,17.85,Sale
541827,84569A,PACK 3 IRON ON DOG PATCHES,1,2011-01-21 17:05:00,0.83,,United Kingdom,0.83,Sale
546136,22077,6 RIBBONS RUSTIC CHARM,1,2011-03-09 16:32:00,3.29,,United Kingdom,3.29,Sale
557640,79321,CHILLI LIGHTS,2,2011-06-21 16:24:00,12.46,,United Kingdom,24.92,Sale
555923,22077,6 RIBBONS RUSTIC CHARM,1,2011-06-07 17:09:00,3.29,,United Kingdom,3.29,Sale
543192,22564,ALPHABET STENCIL CRAFT,144,2011-02-04 11:55:00,1.06,17381.0,United Kingdom,152.64,Sale
563195,22027,TEA PARTY BIRTHDAY CARD,1,2011-08-12 16:36:00,0.83,,United Kingdom,0.83,Sale
542691,84978,HANGING HEART JAR T-LIGHT HOLDER,72,2011-01-31 12:34:00,1.06,13408.0,United Kingdom,76.32000000000001,Sale
559521,20727,LUNCH BAG  BLACK SKULL.,8,2011-07-08 16:26:00,1.65,,Unspecified,13.2,Sale
558861,23240,SET OF 4 KNICK KNACK TINS DOILEY ,6,2011-07-04 12:19:00,4.15,13373.0,United Kingdom,24.9,Sale
551997,21080,SET/20 RED RETROSPOT PAPER NAPKINS ,2,2011-05-05 15:47:00,1.63,,United Kingdom,3.26,Sale
567148,23314,VINTAGE CHRISTMAS TABLECLOTH,2,2011-09-16 15:23:00,12.5,18225.0,United Kingdom,25.0,Sale
555400,22822,CREAM WALL PLANTER HEART SHAPED,1,2011-06-02 17:50:00,4.95,14088.0,United Kingdom,4.95,Sale
561192,84912A,PINK ROSE WASHBAG,2,2011-07-25 13:45:00,3.75,16033.0,United Kingdom,7.5,Sale
554310,21336,GOLD WASHBAG,1,2011-05-23 15:25:00,1.63,,United Kingdom,1.63,Sale
578977,22170,PICTURE FRAME WOOD TRIPLE PORTRAIT,1,2011-11-27 15:18:00,6.75,17231.0,United Kingdom,6.75,Sale
569843,21386,IVORY HANGING DECORATION  EGG,2,2011-10-06 13:29:00,0.19,14449.0,United Kingdom,0.38,Sale
554067,22568,FELTCRAFT CUSHION OWL,4,2011-05-22 10:47:00,3.75,18150.0,United Kingdom,15.0,Sale
558774,DOT,DOTCOM POSTAGE,1,2011-07-04 10:17:00,206.66,,United Kingdom,206.66,Sale
566571,23355,HOT WATER BOTTLE KEEP CALM,4,2011-09-13 12:49:00,4.95,17037.0,United Kingdom,19.8,Sale
577474,20723,STRAWBERRY CHARLOTTE BAG,10,2011-11-20 11:30:00,0.85,12778.0,Netherlands,8.5,Sale
549743,22985,WRAP BILLBOARD FONTS DESIGN,25,2011-04-12 10:05:00,0.42,16186.0,United Kingdom,10.5,Sale
564825,21422,PORCELAIN ROSE SMALL,1,2011-08-30 12:26:00,1.63,,United Kingdom,1.63,Sale
551270,23132,SMALL IVORY HEART WALL ORGANISER,1,2011-04-27 12:35:00,5.75,15891.0,United Kingdom,5.75,Sale
557621,22782,SET 3 WICKER STORAGE BASKETS ,1,2011-06-21 14:00:00,24.95,12444.0,Norway,24.95,Sale
566079,23395,BELLE JARDINIERE CUSHION COVER,4,2011-09-09 09:52:00,3.75,17593.0,United Kingdom,15.0,Sale
579751,23352,ROLL WRAP 50'S RED CHRISTMAS ,4,2011-11-30 14:46:00,2.46,,United Kingdom,9.84,Sale
561209,21198,WHITE HEART CONFETTI IN TUBE,3,2011-07-25 16:57:00,0.83,,United Kingdom,2.49,Sale
578835,22749,FELTCRAFT PRINCESS CHARLOTTE DOLL,4,2011-11-25 15:44:00,3.75,12682.0,France,15.0,Sale
551137,22236,CAKE STAND 3 TIER MAGIC GARDEN,1,2011-04-26 13:05:00,12.75,15581.0,United Kingdom,12.75,Sale
547358,22784,LANTERN CREAM GAZEBO ,2,2011-03-22 12:25:00,4.95,15998.0,United Kingdom,9.9,Sale
544887,21059,PARTY INVITES DINOSAURS,4,2011-02-24 11:54:00,0.85,17364.0,United Kingdom,3.4,Sale
541809,22356,CHARLOTTE BAG PINK POLKADOT,1,2011-01-21 14:58:00,2.46,,United Kingdom,2.46,Sale
570418,22427,ENAMEL FLOWER JUG CREAM,3,2011-10-10 13:31:00,5.95,15211.0,United Kingdom,17.85,Sale
569222,22897,OVEN MITT APPLES DESIGN,6,2011-10-02 13:46:00,1.45,15906.0,United Kingdom,8.7,Sale
578928,22086,PAPER CHAIN KIT 50'S CHRISTMAS ,11,2011-11-27 12:29:00,2.95,15443.0,United Kingdom,32.45,Sale
545150,85099C,JUMBO  BAG BAROQUE BLACK WHITE,10,2011-02-28 12:27:00,1.95,14227.0,United Kingdom,19.5,Sale
580170,22197,POPCORN HOLDER,1000,2011-12-02 11:39:00,0.72,17949.0,United Kingdom,720.0,Sale
579558,23404,HOME SWEET HOME BLACKBOARD,6,2011-11-30 11:24:00,4.95,14755.0,United Kingdom,29.700000000000003,Sale
536540,85071A,BLUE CHARLIE+LOLA PERSONAL DOORSIGN,6,2010-12-01 14:05:00,2.95,14911.0,EIRE,17.700000000000003,Sale
570479,21495,SKULLS AND CROSSBONES WRAP,25,2011-10-10 16:58:00,0.42,17589.0,United Kingdom,10.5,Sale
562211,85071B,RED CHARLIE+LOLA PERSONAL DOORSIGN,24,2011-08-03 13:22:00,0.39,17429.0,United Kingdom,9.36,Sale
569739,23333,IVORY WICKER HEART MEDIUM,12,2011-10-06 10:48:00,1.25,14911.0,EIRE,15.0,Sale
559876,21967,PACK OF 12 SKULL TISSUES,12,2011-07-13 11:09:00,0.29,15752.0,United Kingdom,3.4799999999999995,Sale
562024,23347,I LOVE LONDON BEAKER,1,2011-08-01 16:07:00,2.46,,United Kingdom,2.46,Sale
552663,21714,CITRONELLA CANDLE GARDEN POT,2,2011-05-10 15:04:00,2.46,,United Kingdom,4.92,Sale
555279,22505,MEMO BOARD COTTAGE DESIGN,1,2011-06-01 17:42:00,4.95,16348.0,United Kingdom,4.95,Sale
567530,22328,ROUND SNACK BOXES SET OF 4 FRUITS ,6,2011-09-21 09:33:00,2.95,12390.0,Belgium,17.700000000000003,Sale
537362,22424,ENAMEL BREAD BIN CREAM,1,2010-12-06 12:34:00,12.75,17596.0,United Kingdom,12.75,Sale
563821,22972,CHILDREN'S SPACEBOY MUG,12,2011-08-19 12:06:00,1.65,14533.0,United Kingdom,19.8,Sale
538168,21485,RETROSPOT HEART HOT WATER BOTTLE,4,2010-12-09 19:23:00,4.95,14702.0,United Kingdom,19.8,Sale
578472,22979,PANTRY WASHING UP BRUSH,24,2011-11-24 12:40:00,1.45,12476.0,Germany,34.8,Sale
562377,47503A,ASS FLORAL PRINT MULTI SCREWDRIVER,3,2011-08-04 15:04:00,0.42,14535.0,United Kingdom,1.26,Sale
580136,23275,SET OF 3 HANGING OWLS OLLIE BEAK,2,2011-12-01 19:42:00,1.25,17841.0,United Kingdom,2.5,Sale
566319,22113,GREY HEART HOT WATER BOTTLE,12,2011-09-12 11:25:00,4.25,13431.0,United Kingdom,51.0,Sale
538714,37450,CERAMIC CAKE BOWL + HANGING CAKES,2,2010-12-14 11:01:00,2.95,14524.0,United Kingdom,5.9,Sale
568013,23129,HEART SHAPED HOLLY WREATH,4,2011-09-23 11:39:00,4.15,17480.0,United Kingdom,16.6,Sale
548516,22364,GLASS JAR DIGESTIVE BISCUITS,2,2011-03-31 16:28:00,5.79,,United Kingdom,11.58,Sale
581015,22785,SQUARECUSHION COVER PINK UNION JACK,12,2011-12-07 09:35:00,1.25,13949.0,United Kingdom,15.0,Sale
560499,23203,JUMBO BAG DOILEY PATTERNS,10,2011-07-19 11:03:00,2.08,16713.0,United Kingdom,20.8,Sale
570667,20725,LUNCH BAG RED RETROSPOT,10,2011-10-11 14:33:00,1.65,12362.0,Belgium,16.5,Sale
537237,48194,DOORMAT HEARTS,2,2010-12-06 09:58:00,14.43,,United Kingdom,28.86,Sale
580678,79191B,RETRO PLASTIC POLKA TRAY,1,2011-12-05 14:49:00,0.85,18015.0,United Kingdom,0.85,Sale
565648,85130B,BEADED CRYSTAL HEART GREEN LARGE,3,2011-09-05 16:22:00,0.79,18196.0,United Kingdom,2.37,Sale
539294,21055,TOOL BOX SOFT TOY ,1,2010-12-16 16:45:00,8.95,15532.0,United Kingdom,8.95,Sale
570887,23227,FILIGREE HEART BUTTERFLY WHITE ,24,2011-10-13 10:25:00,1.25,17169.0,United Kingdom,30.0,Sale
547358,21125,SET 6 FOOTBALL CELEBRATION CANDLES,2,2011-03-22 12:25:00,1.25,15998.0,United Kingdom,2.5,Sale
550458,35911A,MULTICOLOUR RABBIT EGG WARMER,2,2011-04-18 13:13:00,0.83,,United Kingdom,1.66,Sale
575138,22666,RECIPE BOX PANTRY YELLOW DESIGN,8,2011-11-08 15:24:00,5.79,,United Kingdom,46.32,Sale
571284,22624,IVORY KITCHEN SCALES,1,2011-10-16 14:07:00,8.5,14562.0,United Kingdom,8.5,Sale
557276,16235,RECYCLED PENCIL WITH RABBIT ERASER,6,2011-06-19 12:05:00,0.21,16931.0,United Kingdom,1.26,Sale
560554,21136,PAINTED METAL PEARS ASSORTED,8,2011-07-19 13:01:00,1.69,16232.0,United Kingdom,13.52,Sale
563832,84879,ASSORTED COLOUR BIRD ORNAMENT,8,2011-08-19 12:33:00,1.69,16419.0,United Kingdom,13.52,Sale
562843,84637,KITCHEN FLOWER POTS WALL PLAQUE,1,2011-08-09 17:37:00,4.96,,United Kingdom,4.96,Sale
571733,21415,CLAM SHELL SMALL ,12,2011-10-19 09:59:00,2.1,16187.0,United Kingdom,25.200000000000003,Sale
559745,23322,LARGE WHITE HEART OF WICKER,9,2011-07-12 11:15:00,2.95,17790.0,United Kingdom,26.55,Sale
551584,23284,DOORMAT KEEP CALM AND COME IN,2,2011-05-03 11:22:00,7.95,15620.0,United Kingdom,15.9,Sale
570672,21577,SAVE THE PLANET COTTON TOTE BAG,6,2011-10-11 14:52:00,2.25,12536.0,France,13.5,Sale
552508,21094,SET/6 RED SPOTTY PAPER PLATES,6,2011-05-09 16:27:00,0.83,,United Kingdom,4.98,Sale
566290,84536A,ENGLISH ROSE NOTEBOOK A7 SIZE,1,2011-09-11 15:24:00,0.42,14456.0,United Kingdom,0.42,Sale
581266,16008,SMALL FOLDING SCISSOR(POINTED EDGE),48,2011-12-08 11:25:00,0.12,12621.0,Germany,5.76,Sale
574661,22812,PACK 3 BOXES CHRISTMAS PANNETONE,12,2011-11-06 11:56:00,1.95,13447.0,United Kingdom,23.4,Sale
540545,22383,LUNCH BAG SUKI  DESIGN ,1,2011-01-09 15:35:00,1.65,13451.0,United Kingdom,1.65,Sale
579516,22755,SMALL PURPLE BABUSHKA NOTEBOOK ,3,2011-11-29 17:52:00,0.85,17841.0,United Kingdom,2.55,Sale
547248,22860,EASTER TIN CHICKS PINK DAISY,1,2011-03-22 09:23:00,3.29,,United Kingdom,3.29,Sale
572292,21135,VICTORIAN  METAL POSTCARD SPRING,3,2011-10-23 12:56:00,1.69,16017.0,United Kingdom,5.07,Sale
541838,22795,SWEETHEART RECIPE BOOK STAND,4,2011-01-23 10:43:00,6.75,12916.0,United Kingdom,27.0,Sale
551268,84212,"ASSORTED FLOWER COLOUR ""LEIS""",30,2011-04-27 12:08:00,0.65,16965.0,United Kingdom,19.5,Sale
545216,21843,RED RETROSPOT CAKE STAND,1,2011-02-28 16:50:00,10.95,,United Kingdom,10.95,Sale
559499,22328,ROUND SNACK BOXES SET OF 4 FRUITS ,2,2011-07-08 14:22:00,4.13,,United Kingdom,8.26,Sale
580643,22112,CHOCOLATE HOT WATER BOTTLE,6,2011-12-05 12:59:00,4.95,14547.0,United Kingdom,29.700000000000003,Sale
568531,22037,ROBOT BIRTHDAY CARD,12,2011-09-27 13:49:00,0.42,16713.0,United Kingdom,5.04,Sale
572103,21226,POCKET MIRROR WOODLAND,1,2011-10-20 15:57:00,1.25,17571.0,United Kingdom,1.25,Sale
562540,85071B,RED CHARLIE+LOLA PERSONAL DOORSIGN,4,2011-08-05 15:38:00,0.39,17400.0,United Kingdom,1.56,Sale
558637,22026,BANQUET BIRTHDAY  CARD  ,12,2011-06-30 20:08:00,0.42,17891.0,United Kingdom,5.04,Sale
544434,21847,GREEN  DIAMANTE PEN IN GIFT BOX,1,2011-02-18 16:12:00,4.13,,United Kingdom,4.13,Sale
572677,22315,200 RED + WHITE BENDY STRAWS,1,2011-10-25 13:46:00,1.25,17596.0,United Kingdom,1.25,Sale
549300,21041,RED RETROSPOT OVEN GLOVE DOUBLE,6,2011-04-08 08:21:00,2.95,13362.0,United Kingdom,17.700000000000003,Sale
557213,82486,WOOD S/3 CABINET ANT WHITE FINISH,2,2011-06-17 12:16:00,8.95,15021.0,United Kingdom,17.9,Sale
549555,22568,FELTCRAFT CUSHION OWL,1,2011-04-10 12:52:00,3.75,13606.0,United Kingdom,3.75,Sale
562347,22997,TRAVEL CARD WALLET UNION JACK,2,2011-08-04 12:22:00,0.42,13263.0,United Kingdom,0.84,Sale
564165,21755,LOVE BUILDING BLOCK WORD,1,2011-08-23 13:35:00,5.95,13593.0,United Kingdom,5.95,Sale
545699,84792,ENCHANTED BIRD COATHANGER 5 HOOK,2,2011-03-06 14:50:00,4.65,15572.0,United Kingdom,9.3,Sale
571557,85099F,JUMBO BAG STRAWBERRY,20,2011-10-18 09:25:00,2.08,15678.0,United Kingdom,41.6,Sale
555851,23152,IVORY SWEETHEART WIRE LETTER RACK ,1,2011-06-07 13:37:00,3.75,13050.0,United Kingdom,3.75,Sale
553860,15044D,RED PAPER PARASOL,1,2011-05-19 13:57:00,2.95,17841.0,United Kingdom,2.95,Sale
579787,21974,SET OF 36 PAISLEY FLOWER DOILIES,1,2011-11-30 15:33:00,3.75,,United Kingdom,3.75,Sale
567671,23423,PANTRY 3 HOOK ROLLING PIN HANGER,1,2011-09-21 15:34:00,7.46,,United Kingdom,7.46,Sale
537646,21813,GARLAND WITH STARS AND BELLS,2,2010-12-07 15:39:00,4.95,17591.0,United Kingdom,9.9,Sale
568135,21934,SKULL SHOULDER BAG,5,2011-09-23 17:04:00,1.63,,United Kingdom,8.149999999999999,Sale
555848,22156,HEART DECORATION WITH PEARLS ,12,2011-06-07 13:31:00,0.85,16081.0,United Kingdom,10.2,Sale
571671,22904,CALENDAR PAPER CUT DESIGN,6,2011-10-18 13:15:00,2.95,16940.0,United Kingdom,17.700000000000003,Sale
560225,22610,PENS ASSORTED FUNNY FACE,14,2011-07-15 16:27:00,0.42,,United Kingdom,5.88,Sale
541845,22147,FELTCRAFT BUTTERFLY HEARTS,2,2011-01-23 12:41:00,1.45,15167.0,United Kingdom,2.9,Sale
541219,84754,S/15 SILVER GLASS BAUBLES IN BAG,1,2011-01-14 14:06:00,2.46,,United Kingdom,2.46,Sale
572061,22750,FELTCRAFT PRINCESS LOLA DOLL,4,2011-10-20 12:53:00,3.75,12474.0,Germany,15.0,Sale
573923,21292,SMALL STRIPES CHOCOLATE GIFT BAG ,16,2011-11-02 09:31:00,0.85,17965.0,United Kingdom,13.6,Sale
559202,84596G,SMALL CHOCOLATES PINK BOWL,16,2011-07-07 10:40:00,0.42,13583.0,United Kingdom,6.72,Sale
566290,21931,JUMBO STORAGE BAG SUKI,1,2011-09-11 15:24:00,2.08,14456.0,United Kingdom,2.08,Sale
549316,22665,RECIPE BOX BLUE SKETCHBOOK DESIGN,6,2011-04-08 09:54:00,2.95,12705.0,Germany,17.700000000000003,Sale
573373,22619,SET OF 6 SOLDIER SKITTLES,1,2011-10-30 13:37:00,3.75,14684.0,United Kingdom,3.75,Sale
567507,85099B,JUMBO BAG RED RETROSPOT,19,2011-09-20 14:46:00,4.13,,United Kingdom,78.47,Sale
542890,22891,TEA FOR ONE POLKADOT,2,2011-02-01 13:25:00,4.25,15311.0,United Kingdom,8.5,Sale
541696,22133,PINK LOVE HEART SHAPE CUP,1,2011-01-20 18:08:00,1.63,,United Kingdom,1.63,Sale
557026,84987,SET OF 36 TEATIME PAPER DOILIES,12,2011-06-16 13:14:00,1.45,16571.0,United Kingdom,17.4,Sale
551152,22084,PAPER CHAIN KIT EMPIRE,2,2011-04-26 14:47:00,2.95,13230.0,United Kingdom,5.9,Sale
552233,23298,SPOTTY BUNTING,9,2011-05-06 15:54:00,4.95,17068.0,United Kingdom,44.55,Sale
564477,22946,WOODEN ADVENT CALENDAR CREAM,12,2011-08-25 12:59:00,12.75,13854.0,United Kingdom,153.0,Sale
557764,85015,SET OF 12  VINTAGE POSTCARD SET,24,2011-06-22 14:21:00,0.65,13089.0,United Kingdom,15.6,Sale
572337,23201,JUMBO BAG ALPHABET,100,2011-10-24 10:30:00,1.79,14607.0,United Kingdom,179.0,Sale
573380,23329,DECORATIVE WICKER HEART LARGE,2,2011-10-30 14:04:00,1.65,14572.0,United Kingdom,3.3,Sale
550899,22556,PLASTERS IN TIN CIRCUS PARADE ,12,2011-04-21 12:07:00,1.65,13505.0,Switzerland,19.8,Sale
546498,48116,DOORMAT MULTICOLOUR STRIPE,1,2011-03-14 11:44:00,7.95,15493.0,United Kingdom,7.95,Sale
547551,DOT,DOTCOM POSTAGE,1,2011-03-23 15:55:00,128.25,,United Kingdom,128.25,Sale
547940,21877,HOME SWEET HOME MUG,6,2011-03-28 14:43:00,1.25,16814.0,United Kingdom,7.5,Sale
575477,21824,PAINTED METAL STAR WITH HOLLY BELLS,2,2011-11-09 16:14:00,0.83,,United Kingdom,1.66,Sale
554765,22171,3 HOOK PHOTO SHELF ANTIQUE WHITE,2,2011-05-26 11:38:00,8.5,16837.0,United Kingdom,17.0,Sale
565767,84692,BOX OF 24 COCKTAIL PARASOLS,1,2011-09-06 14:28:00,4.17,,United Kingdom,4.17,Sale
567668,23209,LUNCH BAG VINTAGE DOILY ,1,2011-09-21 15:29:00,4.13,,United Kingdom,4.13,Sale
572550,23203,JUMBO BAG VINTAGE DOILY ,1,2011-10-24 17:06:00,4.13,,United Kingdom,4.13,Sale
559629,22350,ILLUSTRATED CAT BOWL ,1,2011-07-11 11:58:00,2.55,14690.0,United Kingdom,2.55,Sale
549245,84466,TOP SECRET PEN SET,4,2011-04-07 11:59:00,1.25,15005.0,United Kingdom,5.0,Sale
566560,23241,TREASURE TIN GYMKHANA DESIGN,4,2011-09-13 12:09:00,2.08,17092.0,United Kingdom,8.32,Sale
546915,22555,PLASTERS IN TIN STRONGMAN,12,2011-03-18 08:31:00,1.65,15695.0,United Kingdom,19.8,Sale
542997,21430,SET/3 RED GINGHAM ROSE STORAGE BOX,1,2011-02-02 12:16:00,7.46,,United Kingdom,7.46,Sale
577511,23296,SET OF 6 TEA TIME BAKING CASES,2,2011-11-20 12:53:00,1.25,17561.0,United Kingdom,2.5,Sale
538715,22548,HEADS AND TAILS SPORTING FUN,12,2010-12-14 11:03:00,1.25,14907.0,United Kingdom,15.0,Sale
557268,21314,SMALL GLASS HEART TRINKET POT,8,2011-06-19 11:26:00,2.1,13097.0,United Kingdom,16.8,Sale
563911,20728,LUNCH BAG CARS BLUE,10,2011-08-21 12:39:00,1.65,16265.0,United Kingdom,16.5,Sale
560491,23295,SET OF 12 MINI LOAF BAKING CASES,2,2011-07-19 10:51:00,0.83,12415.0,Australia,1.66,Sale
536558,22802,FAUX FUR CHOCOLATE THROW,5,2010-12-01 14:48:00,19.95,,United Kingdom,99.75,Sale
566534,84031A,CHARLIE+LOLA RED HOT WATER BOTTLE ,8,2011-09-13 11:32:00,4.96,,United Kingdom,39.68,Sale
562934,84032A,CHARLIE+LOLA PINK HOT WATER BOTTLE,1,2011-08-10 16:56:00,3.29,,United Kingdom,3.29,Sale
560650,21913,VINTAGE SEASIDE JIGSAW PUZZLES,3,2011-07-20 11:38:00,3.75,15529.0,United Kingdom,11.25,Sale
539490,84970S,HANGING HEART ZINC T-LIGHT HOLDER,12,2010-12-20 10:00:00,0.85,17069.0,United Kingdom,10.2,Sale
576326,22154,ANGEL DECORATION 3 BUTTONS ,15,2011-11-14 15:18:00,0.42,16504.0,United Kingdom,6.3,Sale
576617,23203,JUMBO BAG VINTAGE DOILY ,4,2011-11-15 16:57:00,4.13,,United Kingdom,16.52,Sale
560942,22066,LOVE HEART TRINKET POT,6,2011-07-22 11:31:00,0.39,15005.0,United Kingdom,2.34,Sale
537665,48194,DOORMAT HEARTS,1,2010-12-07 17:19:00,7.95,16365.0,United Kingdom,7.95,Sale
569871,23535,BICYCLE SAFTEY WALL ART,4,2011-10-06 15:04:00,5.95,13089.0,United Kingdom,23.8,Sale
552315,22390,PAPERWEIGHT CHILDHOOD MEMORIES,6,2011-05-08 16:10:00,2.55,12700.0,France,15.3,Sale
549279,22918,HERB MARKER PARSLEY,2,2011-04-07 13:16:00,0.65,16469.0,United Kingdom,1.3,Sale
546406,21534,DAIRY MAID LARGE MILK JUG,1,2011-03-11 16:21:00,9.96,,United Kingdom,9.96,Sale
570521,23156,SET OF 5 MINI GROCERY MAGNETS,12,2011-10-11 10:43:00,2.08,12371.0,Switzerland,24.96,Sale
540372,85014B,RED RETROSPOT UMBRELLA,6,2011-01-06 16:41:00,5.95,13081.0,United Kingdom,35.7,Sale
552657,21723,ALPHABET HEARTS STICKER SHEET,50,2011-05-10 14:51:00,0.85,18041.0,United Kingdom,42.5,Sale
567673,23206,LUNCH BAG APPLE DESIGN,2,2011-09-21 15:43:00,4.13,,United Kingdom,8.26,Sale
555092,22150,3 STRIPEY MICE FELTCRAFT,3,2011-05-31 13:08:00,1.95,16483.0,United Kingdom,5.85,Sale
560434,85087,CANDY SPOT CUSHION COVER,3,2011-07-18 15:56:00,3.29,,United Kingdom,9.87,Sale
563353,23291,DOLLY GIRL CHILDRENS CUP,8,2011-08-15 14:32:00,1.25,15480.0,Malta,10.0,Sale
540459,22357,KINGS CHOICE BISCUIT TIN,12,2011-01-07 12:35:00,3.75,16191.0,United Kingdom,45.0,Sale
566740,16237,SLEEPING CAT ERASERS,30,2011-09-14 14:34:00,0.21,17033.0,United Kingdom,6.3,Sale
550542,22025,RING OF ROSES BIRTHDAY CARD,1,2011-04-19 11:37:00,0.83,,United Kingdom,0.83,Sale
552285,47591D,PINK FAIRY CAKE CHILDRENS APRON,1,2011-05-08 12:58:00,1.95,14684.0,United Kingdom,1.95,Sale
554920,21577,SAVE THE PLANET COTTON TOTE BAG,12,2011-05-27 12:41:00,2.25,16275.0,United Kingdom,27.0,Sale
572309,72760B,VINTAGE CREAM 3 BASKET CAKE STAND,1,2011-10-23 15:29:00,9.95,14432.0,United Kingdom,9.95,Sale
538011,21754,HOME BUILDING BLOCK WORD,3,2010-12-09 12:24:00,5.95,14896.0,United Kingdom,17.85,Sale
537638,15039,SANDALWOOD FAN,1,2010-12-07 15:28:00,1.66,,United Kingdom,1.66,Sale
552864,23254,CHILDRENS CUTLERY DOLLY GIRL ,5,2011-05-11 17:13:00,4.15,13235.0,United Kingdom,20.75,Sale
546117,84912A,PINK ROSE WASHBAG,3,2011-03-09 13:56:00,3.75,16771.0,United Kingdom,11.25,Sale
567346,22866,HAND WARMER SCOTTY DOG DESIGN,96,2011-09-19 15:53:00,1.85,13767.0,United Kingdom,177.60000000000002,Sale
573904,23555,LANDMARK FRAME NOTTING HILL ,1,2011-11-01 14:54:00,12.5,14505.0,United Kingdom,12.5,Sale
563922,22616,PACK OF 12 LONDON TISSUES ,1,2011-08-21 14:10:00,0.29,14529.0,United Kingdom,0.29,Sale
569670,22689,DOORMAT MERRY CHRISTMAS RED ,2,2011-10-05 13:47:00,8.25,14730.0,United Kingdom,16.5,Sale
556786,23014,GLASS APOTHECARY BOTTLE ELIXIR,12,2011-06-14 13:18:00,3.45,13408.0,United Kingdom,41.400000000000006,Sale
574717,23321,SMALL WHITE HEART OF WICKER,40,2011-11-06 14:35:00,1.45,18170.0,United Kingdom,58.0,Sale
580362,82494L,WOODEN FRAME ANTIQUE WHITE ,6,2011-12-02 16:30:00,2.95,13884.0,United Kingdom,17.700000000000003,Sale
554065,22644,CERAMIC CHERRY CAKE MONEY BANK,12,2011-05-22 10:39:00,1.45,18287.0,United Kingdom,17.4,Sale
568533,22629,SPACEBOY LUNCH BOX ,24,2011-09-27 13:56:00,1.65,15061.0,United Kingdom,39.6,Sale
572312,84792,ENCHANTED BIRD COATHANGER 5 HOOK,2,2011-10-23 15:47:00,4.65,15022.0,United Kingdom,9.3,Sale
565326,15056N,EDWARDIAN PARASOL NATURAL,2,2011-09-02 13:41:00,5.95,16706.0,United Kingdom,11.9,Sale
580115,22835,HOT WATER BOTTLE I AM SO POORLY,2,2011-12-01 16:22:00,10.79,,United Kingdom,21.58,Sale
573576,82567,"AIRLINE LOUNGE,METAL SIGN",1,2011-10-31 14:09:00,1.63,14096.0,United Kingdom,1.63,Sale
550468,20725,LUNCH BAG RED RETROSPOT,10,2011-04-18 13:43:00,1.65,16700.0,United Kingdom,16.5,Sale
558774,35923,CANDY HEART HANGING DECORATION,5,2011-07-04 10:17:00,0.83,,United Kingdom,4.15,Sale
574682,23080,RED METAL BOX TOP SECRET,1,2011-11-06 12:44:00,8.25,14963.0,United Kingdom,8.25,Sale
576618,22357,KINGS CHOICE BISCUIT TIN,1,2011-11-15 17:00:00,4.13,,United Kingdom,4.13,Sale
564093,21744,SNOWFLAKE PORTABLE TABLE LIGHT ,12,2011-08-23 10:29:00,2.95,14930.0,Channel Islands,35.400000000000006,Sale
568712,22077,6 RIBBONS RUSTIC CHARM,1,2011-09-28 15:50:00,1.95,17841.0,United Kingdom,1.95,Sale
557849,21928,JUMBO BAG SCANDINAVIAN BLUE PAISLEY,10,2011-06-23 10:52:00,2.08,17613.0,United Kingdom,20.8,Sale
548158,84509A,SET OF 4 ENGLISH ROSE PLACEMATS,4,2011-03-29 13:28:00,3.75,15906.0,United Kingdom,15.0,Sale
551159,21914,BLUE HARMONICA IN BOX ,12,2011-04-26 15:02:00,1.25,16203.0,United Kingdom,15.0,Sale
570129,22300,COFFEE MUG DOG + BALL DESIGN,6,2011-10-07 13:34:00,2.55,12885.0,United Kingdom,15.3,Sale
558996,22192,BLUE DINER WALL CLOCK,2,2011-07-05 12:11:00,8.5,13085.0,United Kingdom,17.0,Sale
547811,22128,PARTY CONES CANDY ASSORTED,6,2011-03-25 14:01:00,1.25,17368.0,United Kingdom,7.5,Sale
573868,20724,RED RETROSPOT CHARLOTTE BAG,10,2011-11-01 12:18:00,0.85,12491.0,France,8.5,Sale
578058,22608,PENS ASSORTED FUNKY JEWELED ,36,2011-11-22 15:07:00,0.19,18249.0,United Kingdom,6.84,Sale
578065,90013C,GREEN VINTAGE EARRINGS ,1,2011-11-22 15:41:00,4.15,,United Kingdom,4.15,Sale
557891,84596B,SMALL DOLLY MIX DESIGN ORANGE BOWL,16,2011-06-23 14:05:00,0.42,17652.0,United Kingdom,6.72,Sale
573094,22192,BLUE DINER WALL CLOCK,1,2011-10-27 14:39:00,8.5,15707.0,United Kingdom,8.5,Sale
573585,20725,LUNCH BAG RED RETROSPOT,3,2011-10-31 14:41:00,4.13,,United Kingdom,12.39,Sale
563731,23322,LARGE WHITE HEART OF WICKER,5,2011-08-18 17:44:00,2.95,17576.0,United Kingdom,14.75,Sale
567512,20676,RED RETROSPOT BOWL,16,2011-09-20 15:03:00,1.25,12720.0,Germany,20.0,Sale
541843,22804,CANDLEHOLDER PINK HANGING HEART,1,2011-01-23 12:08:00,2.95,13659.0,United Kingdom,2.95,Sale
577358,21892,TRADITIONAL WOODEN CATCH CUP GAME ,1,2011-11-18 15:59:00,2.46,,United Kingdom,2.46,Sale
552290,84849D,HOT BATHS SOAP HOLDER,2,2011-05-08 13:32:00,1.69,16007.0,United Kingdom,3.38,Sale
568146,23201,JUMBO BAG ALPHABET,10,2011-09-25 11:33:00,2.08,16169.0,United Kingdom,20.8,Sale
560729,85152,HAND OVER THE CHOCOLATE   SIGN ,12,2011-07-20 14:39:00,2.1,17511.0,United Kingdom,25.200000000000003,Sale
563100,23108,SET OF 10 LED DOLLY LIGHTS,2,2011-08-12 09:57:00,6.25,12381.0,Norway,12.5,Sale
544295,21908,CHOCOLATE THIS WAY METAL SIGN,12,2011-02-17 12:43:00,1.85,14298.0,United Kingdom,22.200000000000003,Sale
564716,23245,SET OF 3 REGENCY CAKE TINS,4,2011-08-28 11:02:00,4.95,14810.0,United Kingdom,19.8,Sale
578702,22629,SPACEBOY LUNCH BOX ,12,2011-11-25 10:58:00,1.95,15382.0,United Kingdom,23.4,Sale
570502,22966,GINGERBREAD MAN COOKIE CUTTER,1,2011-10-11 09:24:00,1.25,14744.0,United Kingdom,1.25,Sale
567459,22985,WRAP BILLBOARD FONTS DESIGN,25,2011-09-20 12:21:00,0.42,14221.0,United Kingdom,10.5,Sale
560260,22667,RECIPE BOX RETROSPOT ,1,2011-07-17 13:32:00,2.95,14044.0,United Kingdom,2.95,Sale
544200,22383,LUNCH BAG SUKI  DESIGN ,10,2011-02-17 10:08:00,1.65,12494.0,France,16.5,Sale
537374,84558A,3D DOG PICTURE PLAYING CARDS,2,2010-12-06 12:55:00,2.95,17259.0,United Kingdom,5.9,Sale
557636,23275,SET OF 3 HANGING OWLS OLLIE BEAK,2,2011-06-21 15:41:00,1.25,17841.0,United Kingdom,2.5,Sale
541870,22861,EASTER TIN CHICKS IN GARDEN,1,2011-01-24 09:39:00,3.29,,United Kingdom,3.29,Sale
555647,21124,SET/10 BLUE POLKADOT PARTY CANDLES,24,2011-06-06 13:43:00,1.25,12957.0,United Kingdom,30.0,Sale
564734,22382,LUNCH BAG SPACEBOY DESIGN ,3,2011-08-28 13:32:00,1.65,12484.0,Spain,4.949999999999999,Sale
546480,22656,VINTAGE BLUE KITCHEN CABINET,1,2011-03-14 11:38:00,295.0,13452.0,United Kingdom,295.0,Sale
569015,22186,RED STAR CARD HOLDER,12,2011-09-30 09:20:00,1.95,13575.0,United Kingdom,23.4,Sale
560209,22360,GLASS JAR ENGLISH CONFECTIONERY,8,2011-07-15 14:05:00,2.95,15004.0,United Kingdom,23.6,Sale
557937,23020,GLASS  SONGBIRD STORAGE JAR,1,2011-06-23 15:30:00,24.96,,United Kingdom,24.96,Sale
550953,21716,BOYS VINTAGE TIN SEASIDE BUCKET,1,2011-04-21 16:17:00,4.96,,United Kingdom,4.96,Sale
558774,22662,LUNCH BAG DOLLY GIRL DESIGN,1,2011-07-04 10:17:00,4.13,,United Kingdom,4.13,Sale
553387,84978,HANGING HEART JAR T-LIGHT HOLDER,1,2011-05-16 16:33:00,2.46,,United Kingdom,2.46,Sale
538349,21915,RED  HARMONICA IN BOX ,1,2010-12-10 14:59:00,2.51,,United Kingdom,2.51,Sale
579777,21984,PACK OF 12 PINK PAISLEY TISSUES ,1,2011-11-30 15:13:00,0.83,,United Kingdom,0.83,Sale
537434,22548,HEADS AND TAILS SPORTING FUN,1,2010-12-06 16:57:00,2.51,,United Kingdom,2.51,Sale
574074,22571,ROCKING HORSE RED CHRISTMAS ,5,2011-11-02 15:33:00,1.63,,United Kingdom,8.149999999999999,Sale
543822,22955,36 FOIL STAR CAKE CASES ,12,2011-02-14 09:24:00,2.1,12507.0,Spain,25.200000000000003,Sale
570380,21899,GARAGE KEY FOB,1,2011-10-10 12:35:00,0.65,14606.0,United Kingdom,0.65,Sale
574298,90138,WHITE/PINK MINI CRYSTALS NECKLACE,1,2011-11-03 15:56:00,5.4,,United Kingdom,5.4,Sale
538071,20867,PINK ROSE FABRIC MIRROR,2,2010-12-09 14:09:00,2.51,,United Kingdom,5.02,Sale
537638,22588,CARD HOLDER GINGHAM HEART,5,2010-12-07 15:28:00,5.06,,United Kingdom,25.3,Sale
560262,22606,WOODEN SKITTLES GARDEN SET,1,2011-07-17 13:40:00,15.95,14224.0,United Kingdom,15.95,Sale
572562,23088,ZINC HEART FLOWER T-LIGHT HOLDER,16,2011-10-25 09:07:00,1.25,13481.0,United Kingdom,20.0,Sale
554961,22147,FELTCRAFT BUTTERFLY HEARTS,1,2011-05-27 15:19:00,4.13,,United Kingdom,4.13,Sale
558904,22993,SET OF 4 PANTRY JELLY MOULDS,2,2011-07-04 16:18:00,2.46,,United Kingdom,4.92,Sale
567980,21166,COOK WITH WINE METAL SIGN ,2,2011-09-23 11:22:00,2.08,15311.0,United Kingdom,4.16,Sale
578284,23202,JUMBO BAG VINTAGE LEAF,10,2011-11-23 13:56:00,2.08,14385.0,United Kingdom,20.8,Sale
575177,90010E,AMBER GLASS/SILVER BRACELET,3,2011-11-08 18:41:00,9.15,,United Kingdom,27.450000000000003,Sale
559051,84673B,BLUE FLY SWAT,1,2011-07-05 16:47:00,0.79,,United Kingdom,0.79,Sale
567667,21872,GLAMOROUS  MUG,2,2011-09-21 15:24:00,3.29,,United Kingdom,6.58,Sale
562593,22352,LUNCH BOX WITH CUTLERY RETROSPOT ,2,2011-08-07 15:43:00,2.55,16549.0,United Kingdom,5.1,Sale
567159,22507,MEMO BOARD RETROSPOT  DESIGN,3,2011-09-18 10:19:00,4.95,15465.0,United Kingdom,14.85,Sale
574734,22653,BUTTON BOX ,2,2011-11-06 15:20:00,1.95,15025.0,United Kingdom,3.9,Sale
549729,22857,ASSORTED EASTER GIFT TAGS,5,2011-04-11 16:17:00,0.85,13634.0,United Kingdom,4.25,Sale
540518,22270,HAPPY EASTER HANGING DECORATION,4,2011-01-09 12:03:00,3.75,14761.0,United Kingdom,15.0,Sale
578056,23109,PACK OF SIX LED TEA LIGHTS,36,2011-11-22 15:04:00,2.89,16164.0,United Kingdom,104.04,Sale
552869,21558,SKULL LUNCH BOX WITH CUTLERY ,6,2011-05-12 08:41:00,2.55,15106.0,United Kingdom,15.3,Sale
567182,22696,WICKER WREATH LARGE,3,2011-09-18 15:21:00,1.95,13334.0,United Kingdom,5.85,Sale
581439,23424,GINGHAM RECIPE BOOK BOX,1,2011-12-08 16:30:00,10.79,,United Kingdom,10.79,Sale
573364,23240,SET OF 4 KNICK KNACK TINS DOILY ,2,2011-10-30 13:09:00,4.15,14710.0,United Kingdom,8.3,Sale
580685,22924,FRIDGE MAGNETS LA VIE EN ROSE,12,2011-12-05 15:16:00,0.85,17676.0,United Kingdom,10.2,Sale
557268,22776,SWEETHEART CAKESTAND 3 TIER,1,2011-06-19 11:26:00,9.95,13097.0,United Kingdom,9.95,Sale
541682,84945,MULTI COLOUR SILVER T-LIGHT HOLDER,36,2011-01-20 15:00:00,0.85,14770.0,United Kingdom,30.6,Sale
544792,22583,PACK OF 6 HANDBAG GIFT BOXES,12,2011-02-23 12:37:00,2.55,18172.0,United Kingdom,30.6,Sale
562524,21035,SET/2 RED RETROSPOT TEA TOWELS ,6,2011-08-05 13:28:00,3.25,15201.0,United Kingdom,19.5,Sale
550638,22797,CHEST OF DRAWERS GINGHAM HEART ,1,2011-04-19 15:44:00,33.29,,United Kingdom,33.29,Sale
557431,22697,GREEN REGENCY TEACUP AND SAUCER,6,2011-06-20 12:37:00,2.95,18260.0,United Kingdom,17.700000000000003,Sale
579885,22227,HANGING HEART MIRROR DECORATION ,5,2011-11-30 17:37:00,0.65,15444.0,United Kingdom,3.25,Sale
566564,20724,RED RETROSPOT CHARLOTTE BAG,1,2011-09-13 12:26:00,0.85,15522.0,United Kingdom,0.85,Sale
539437,22960,JAM MAKING SET WITH JARS,2,2010-12-17 14:54:00,8.47,,United Kingdom,16.94,Sale
555650,22077,6 RIBBONS RUSTIC CHARM,12,2011-06-06 13:48:00,1.65,14156.0,EIRE,19.8,Sale
538709,22079,RIBBON REEL HEARTS DESIGN ,2,2010-12-14 10:46:00,1.65,16442.0,United Kingdom,3.3,Sale
573093,23343,JUMBO BAG VINTAGE CHRISTMAS ,5,2011-10-27 14:38:00,2.08,18283.0,United Kingdom,10.4,Sale
559051,84946,ANTIQUE SILVER T-LIGHT GLASS,10,2011-07-05 16:47:00,2.46,,United Kingdom,24.6,Sale
560433,85106,CUT GLASS HEXAGON T-LIGHT HOLDER,2,2011-07-18 15:49:00,4.13,,United Kingdom,8.26,Sale
564483,21292,SMALL STRIPES CHOCOLATE GIFT BAG ,16,2011-08-25 13:46:00,0.85,14050.0,United Kingdom,13.6,Sale
560773,21206,STRAWBERRY HONEYCOMB  GARLAND ,2,2011-07-20 16:17:00,1.63,,United Kingdom,3.26,Sale
545901,21577,SAVE THE PLANET COTTON TOTE BAG,2,2011-03-07 17:52:00,2.25,15834.0,United Kingdom,4.5,Sale
549556,22659,LUNCH BOX I LOVE LONDON,2,2011-04-10 12:53:00,1.95,17372.0,United Kingdom,3.9,Sale
568141,47504K,ENGLISH ROSE GARDEN SECATEURS,3,2011-09-25 11:21:00,0.79,16326.0,United Kingdom,2.37,Sale
564321,90200A,PURPLE SWEETHEART BRACELET,2,2011-08-24 13:22:00,4.25,15059.0,United Kingdom,8.5,Sale
540689,85123A,WHITE HANGING HEART T-LIGHT HOLDER,1010,2011-01-11 08:43:00,3.24,17450.0,United Kingdom,3272.4,Sale
537023,46000R,POLYESTER FILLER PAD 45x30cm,1,2010-12-03 16:02:00,1.45,16725.0,United Kingdom,1.45,Sale
579297,21137,BLACK RECORD COVER FRAME,4,2011-11-29 11:23:00,7.46,,United Kingdom,29.84,Sale
577757,23460,SWEETHEART WALL TIDY ,2,2011-11-21 15:10:00,9.95,13755.0,United Kingdom,19.9,Sale
557560,23245,SET OF 3 REGENCY CAKE TINS,4,2011-06-21 10:37:00,4.95,15329.0,United Kingdom,19.8,Sale
548167,22088,PAPER BUNTING COLOURED LACE,1,2011-03-29 13:45:00,4.13,,United Kingdom,4.13,Sale
549023,21454,PAINTED PINK RABBIT ,3,2011-04-05 16:27:00,0.83,,United Kingdom,2.49,Sale
549262,22086,PAPER CHAIN KIT 50'S CHRISTMAS ,1,2011-04-07 12:38:00,2.95,14465.0,United Kingdom,2.95,Sale
574734,85061W,WHITE JEWELLED HEART DECORATION,10,2011-11-06 15:20:00,0.85,15025.0,United Kingdom,8.5,Sale
563093,84997B,CHILDRENS CUTLERY RETROSPOT RED ,1,2011-08-11 17:28:00,8.29,,United Kingdom,8.29,Sale
537463,22313,OFFICE MUG WARMER PINK,18,2010-12-07 10:08:00,2.95,12681.0,France,53.1,Sale
568510,22733,3D TRADITIONAL CHRISTMAS STICKERS,18,2011-09-27 12:26:00,1.25,13555.0,United Kingdom,22.5,Sale
567882,22950,36 DOILIES VINTAGE CHRISTMAS,12,2011-09-22 15:03:00,1.45,12906.0,United Kingdom,17.4,Sale
537666,22422,TOOTHPASTE TUBE PEN,2,2010-12-07 18:36:00,1.28,,United Kingdom,2.56,Sale
550052,21935,SUKI  SHOULDER BAG,10,2011-04-14 12:00:00,1.65,17068.0,United Kingdom,16.5,Sale
546426,21754,HOME BUILDING BLOCK WORD,2,2011-03-13 13:46:00,5.95,13708.0,United Kingdom,11.9,Sale
578067,22578,WOODEN STAR CHRISTMAS SCANDINAVIAN,1,2011-11-22 15:43:00,0.83,,United Kingdom,0.83,Sale
577228,21328,BALLOONS  WRITING SET ,1,2011-11-18 12:07:00,1.65,12391.0,Cyprus,1.65,Sale
561690,22379,RECYCLING BAG RETROSPOT ,5,2011-07-29 09:11:00,2.1,13875.0,United Kingdom,10.5,Sale
565917,84755,COLOUR GLASS T-LIGHT HOLDER HANGING,16,2011-09-07 16:15:00,1.24,,United Kingdom,19.84,Sale
544598,21773,DECORATIVE ROSE BATHROOM BOTTLE,1,2011-02-21 18:10:00,2.46,,United Kingdom,2.46,Sale
540551,20622,VIPPASSPORT COVER ,2,2011-01-10 09:43:00,1.66,,United Kingdom,3.32,Sale
547665,84880,WHITE WIRE EGG HOLDER,6,2011-03-24 13:17:00,7.5,14256.0,United Kingdom,45.0,Sale
557640,21556,CERAMIC STRAWBERRY MONEY BOX,4,2011-06-21 16:24:00,4.13,,United Kingdom,16.52,Sale
558614,22752,SET 7 BABUSHKA NESTING BOXES,1,2011-06-30 15:56:00,8.29,,United Kingdom,8.29,Sale
540848,22697,GREEN REGENCY TEACUP AND SAUCER,1,2011-01-12 09:26:00,5.91,,United Kingdom,5.91,Sale
555150,90037C,TINY CRYSTAL BRACELET BLUE,1,2011-05-31 15:53:00,2.48,,United Kingdom,2.48,Sale
557324,21974,SET OF 36 PAISLEY FLOWER DOILIES,2,2011-06-20 09:41:00,2.92,,United Kingdom,5.84,Sale
565768,85099B,JUMBO BAG RED RETROSPOT,20,2011-09-06 14:29:00,2.08,14040.0,United Kingdom,41.6,Sale
537196,84406B,CREAM CUPID HEARTS COAT HANGER,1,2010-12-05 13:55:00,3.25,15426.0,United Kingdom,3.25,Sale
561894,82483,WOOD 2 DRAWER CABINET WHITE FINISH,1,2011-07-31 15:00:00,6.95,14456.0,United Kingdom,6.95,Sale
561005,22583,PACK OF 6 HANDBAG GIFT BOXES,5,2011-07-22 14:53:00,2.55,17961.0,United Kingdom,12.75,Sale
569965,85152,HAND OVER THE CHOCOLATE   SIGN ,3,2011-10-06 18:47:00,2.1,18109.0,United Kingdom,6.300000000000001,Sale
578149,23170,REGENCY TEA PLATE ROSES ,7,2011-11-23 11:11:00,3.29,,United Kingdom,23.03,Sale
536862,21066,VINTAGE RED MUG,1,2010-12-03 11:13:00,2.51,,United Kingdom,2.51,Sale
536370,10002,INFLATABLE POLITICAL GLOBE ,48,2010-12-01 08:45:00,0.85,12583.0,France,40.8,Sale
544778,17012C,ORIGAMI LAVENDER INCENSE/CANDL SET ,1,2011-02-23 12:03:00,2.55,14978.0,United Kingdom,2.55,Sale
568321,21914,BLUE HARMONICA IN BOX ,12,2011-09-26 13:36:00,1.25,13639.0,United Kingdom,15.0,Sale
539434,22738,RIBBON REEL SNOWY VILLAGE,1,2010-12-17 14:41:00,3.36,,United Kingdom,3.36,Sale
573501,23313,VINTAGE CHRISTMAS BUNTING,7,2011-10-31 12:02:00,4.95,18055.0,United Kingdom,34.65,Sale
557889,23292,SPACE BOY CHILDRENS CUP,8,2011-06-23 13:51:00,1.25,12412.0,Denmark,10.0,Sale
551305,21096,SET/6 FRUIT SALAD  PAPER PLATES,24,2011-04-27 14:58:00,0.39,16145.0,United Kingdom,9.36,Sale
551142,21155,RED RETROSPOT PEG BAG,3,2011-04-26 13:22:00,2.55,17613.0,United Kingdom,7.649999999999999,Sale
544928,21165,BEWARE OF THE CAT METAL SIGN ,1,2011-02-24 18:07:00,4.13,,United Kingdom,4.13,Sale
573585,21071,VINTAGE BILLBOARD DRINK ME MUG,1,2011-10-31 14:41:00,2.46,,United Kingdom,2.46,Sale
551527,21904,HOUSE WRECKING METAL SIGN ,1,2011-05-01 12:41:00,2.1,14395.0,United Kingdom,2.1,Sale
547249,21143,ANTIQUE GLASS HEART DECORATION ,2,2011-03-22 09:27:00,4.13,,United Kingdom,8.26,Sale
567959,23343,JUMBO BAG VINTAGE CHRISTMAS ,50,2011-09-23 09:13:00,2.08,12516.0,Germany,104.0,Sale
575694,21253,SET OF PICTURE FRAME  STICKERS,5,2011-11-10 16:38:00,2.95,12748.0,United Kingdom,14.75,Sale
581439,84031A,CHARLIE+LOLA RED HOT WATER BOTTLE ,1,2011-12-08 16:30:00,4.13,,United Kingdom,4.13,Sale
539437,20966,SANDWICH BATH SPONGE,6,2010-12-17 14:54:00,2.51,,United Kingdom,15.06,Sale
581439,22563,HAPPY STENCIL CRAFT,2,2011-12-08 16:30:00,2.46,,United Kingdom,4.92,Sale
542617,22566,FELTCRAFT HAIRBAND PINK AND PURPLE,1,2011-01-30 15:48:00,0.85,17463.0,United Kingdom,0.85,Sale
555745,85123A,WHITE HANGING HEART T-LIGHT HOLDER,6,2011-06-07 10:46:00,2.95,14462.0,United Kingdom,17.700000000000003,Sale
539764,22427,ENAMEL FLOWER JUG CREAM,6,2010-12-22 11:07:00,5.95,14533.0,United Kingdom,35.7,Sale
580115,22086,PAPER CHAIN KIT 50'S CHRISTMAS ,75,2011-12-01 16:22:00,2.55,,United Kingdom,191.25,Sale
561615,84879,ASSORTED COLOUR BIRD ORNAMENT,16,2011-07-28 12:57:00,1.69,13319.0,United Kingdom,27.04,Sale
541423,21889,WOODEN BOX OF DOMINOES,1,2011-01-17 17:54:00,2.46,,United Kingdom,2.46,Sale
567306,22568,FELTCRAFT CUSHION OWL,48,2011-09-19 13:32:00,3.39,12752.0,Norway,162.72,Sale
569676,23209,LUNCH BAG VINTAGE DOILY ,1,2011-10-05 14:12:00,1.65,,United Kingdom,1.65,Sale
571717,23191,BUNDLE OF 3 RETRO NOTE BOOKS,1,2011-10-18 17:10:00,1.65,14381.0,United Kingdom,1.65,Sale
550015,22631,CIRCUS PARADE LUNCH BOX ,12,2011-04-14 10:54:00,1.95,17735.0,United Kingdom,23.4,Sale
572882,22964,3 PIECE SPACEBOY COOKIE CUTTER SET,6,2011-10-26 13:36:00,2.1,18226.0,United Kingdom,12.6,Sale
561513,85174,S/4 CACTI CANDLES,1,2011-07-27 15:12:00,10.79,,United Kingdom,10.79,Sale
568212,23130,MISTLETOE HEART WREATH GREEN,1,2011-09-25 16:05:00,4.15,15154.0,United Kingdom,4.15,Sale
577850,22186,RED STAR CARD HOLDER,12,2011-11-22 11:04:00,1.95,14911.0,EIRE,23.4,Sale
551987,23204,CHARLOTTE BAG APPLES DESIGN,10,2011-05-05 14:55:00,0.85,15005.0,United Kingdom,8.5,Sale
571046,23133,LARGE IVORY HEART WALL ORGANISER,1,2011-10-13 13:35:00,8.25,18096.0,United Kingdom,8.25,Sale
564136,82494L,WOODEN FRAME ANTIQUE WHITE ,24,2011-08-23 11:16:00,2.55,14404.0,United Kingdom,61.2,Sale
566873,22631,CIRCUS PARADE LUNCH BOX ,12,2011-09-15 13:31:00,1.95,12682.0,France,23.4,Sale
550035,20711,JUMBO BAG TOYS ,10,2011-04-14 11:48:00,2.08,15039.0,United Kingdom,20.8,Sale
568183,22384,LUNCH BAG PINK POLKADOT,10,2011-09-25 13:47:00,1.65,13991.0,United Kingdom,16.5,Sale
577785,23188,VINTAGE  2 METRE FOLDING RULER,4,2011-11-21 16:25:00,1.65,16369.0,United Kingdom,6.6,Sale
549954,21106,CREAM SLICE FLANNEL CHOCOLATE SPOT ,2,2011-04-13 13:25:00,2.95,13700.0,United Kingdom,5.9,Sale
562046,23000,TRAVEL CARD WALLET TRANSPORT,24,2011-08-02 10:34:00,0.42,12378.0,Switzerland,10.08,Sale
553220,22721,SET OF 3 CAKE TINS SKETCHBOOK,3,2011-05-16 09:57:00,4.95,13319.0,United Kingdom,14.85,Sale
543247,85099C,JUMBO  BAG BAROQUE BLACK WHITE,100,2011-02-04 14:23:00,1.65,16029.0,United Kingdom,165.0,Sale
548796,85099B,JUMBO BAG RED RETROSPOT,8,2011-04-04 12:42:00,2.08,15752.0,United Kingdom,16.64,Sale
561515,21933,PINK VINTAGE PAISLEY PICNIC BAG,2,2011-07-27 15:16:00,2.46,,United Kingdom,4.92,Sale
574950,85032C,CURIOUS IMAGES GIFT WRAP SET,1,2011-11-08 09:29:00,1.63,,United Kingdom,1.63,Sale
573287,21733,RED HANGING HEART T-LIGHT HOLDER,6,2011-10-28 14:42:00,2.95,14194.0,United Kingdom,17.700000000000003,Sale
542613,22270,HAPPY EASTER HANGING DECORATION,3,2011-01-30 14:36:00,3.75,17431.0,United Kingdom,11.25,Sale
570167,84836,ZINC METAL HEART DECORATION,12,2011-10-07 14:04:00,1.25,15615.0,United Kingdom,15.0,Sale
554268,21931,JUMBO STORAGE BAG SUKI,3,2011-05-23 12:59:00,2.08,15311.0,United Kingdom,6.24,Sale
578045,23507,MINI PLAYING CARDS BUFFALO BILL ,1,2011-11-22 14:43:00,0.42,17297.0,United Kingdom,0.42,Sale
570217,23293,SET OF 12 FAIRY CAKE BAKING CASES,8,2011-10-09 12:19:00,0.83,17323.0,United Kingdom,6.64,Sale
558991,21533,RETROSPOT LARGE MILK JUG,1,2011-07-05 11:32:00,4.95,14606.0,United Kingdom,4.95,Sale
564553,22430,ENAMEL WATERING CAN CREAM,2,2011-08-25 18:45:00,4.95,18200.0,United Kingdom,9.9,Sale
541596,20975,12 PENCILS SMALL TUBE RED RETROSPOT,5,2011-01-19 16:19:00,0.65,17602.0,United Kingdom,3.25,Sale
552574,75049L,LARGE CIRCULAR MIRROR MOBILE,96,2011-05-10 12:20:00,0.85,15311.0,United Kingdom,81.6,Sale
560930,85159B,"WHITE TEA,COFFEE,SUGAR JARS",12,2011-07-22 10:23:00,1.95,15829.0,United Kingdom,23.4,Sale
571931,46776C,WOVEN FROST CUSHION COVER,1,2011-10-19 16:59:00,4.13,,United Kingdom,4.13,Sale
558777,20725,LUNCH BAG RED RETROSPOT,1,2011-07-04 10:23:00,4.13,,United Kingdom,4.13,Sale
543121,22231,JIGSAW TREE WITH BIRDHOUSE,12,2011-02-03 13:58:00,1.45,12662.0,Germany,17.4,Sale
549525,79000,MOROCCAN TEA GLASS,6,2011-04-08 15:44:00,1.65,,United Kingdom,9.9,Sale
574678,22530,MAGIC DRAWING SLATE DOLLY GIRL ,24,2011-11-06 12:36:00,0.42,13365.0,United Kingdom,10.08,Sale
567656,22743,MAKE YOUR OWN FLOWERPOWER CARD KIT,4,2011-09-21 14:40:00,5.79,14096.0,United Kingdom,23.16,Sale
572094,23103,JINGLE BELL HEART DECORATION,24,2011-10-20 14:52:00,1.65,17420.0,United Kingdom,39.6,Sale
581493,21108,FAIRY CAKE FLANNEL ASSORTED COLOUR,18,2011-12-09 10:10:00,0.79,12423.0,Belgium,14.22,Sale
557956,21931,JUMBO STORAGE BAG SUKI,1,2011-06-23 19:20:00,2.08,18283.0,United Kingdom,2.08,Sale
541669,22847,BREAD BIN DINER STYLE IVORY,1,2011-01-20 12:29:00,16.95,17315.0,United Kingdom,16.95,Sale
540468,82613C,"METAL SIGN,CUPCAKE SINGLE HOOK",5,2011-01-07 13:55:00,0.85,,United Kingdom,4.25,Sale
541869,22513,DOORSTOP FOOTBALL DESIGN,1,2011-01-24 09:35:00,7.46,,United Kingdom,7.46,Sale
580637,22753,SMALL YELLOW BABUSHKA NOTEBOOK ,3,2011-12-05 12:40:00,0.21,15033.0,United Kingdom,0.63,Sale
552816,22606,WOODEN SKITTLES GARDEN SET,1,2011-05-11 12:47:00,15.95,15521.0,United Kingdom,15.95,Sale
555572,22382,LUNCH BAG SPACEBOY DESIGN ,10,2011-06-05 15:37:00,1.65,12449.0,Belgium,16.5,Sale
548649,21155,RED RETROSPOT PEG BAG,100,2011-04-01 13:21:00,2.1,18179.0,United Kingdom,210.0,Sale
550953,22975,SPACEBOY CHILDRENS EGG CUP,1,2011-04-21 16:17:00,2.46,,United Kingdom,2.46,Sale
578936,35598B,BLACK CHRISTMAS TREE 60CM,1,2011-11-27 13:00:00,0.65,16923.0,United Kingdom,0.65,Sale
557389,21654,RIDGED GLASS FINGER BOWL,24,2011-06-20 11:03:00,0.39,15921.0,United Kingdom,9.36,Sale
541421,21803,CHRISTMAS TREE STAR DECORATION,11,2011-01-17 17:44:00,0.42,,United Kingdom,4.62,Sale
537598,22727,ALARM CLOCK BAKELIKE RED ,4,2010-12-07 12:37:00,3.75,14135.0,United Kingdom,15.0,Sale
571189,85178,VICTORIAN SEWING KIT,12,2011-10-14 11:42:00,1.25,13213.0,United Kingdom,15.0,Sale
575298,23216,LAUREL HEART ANTIQUE GOLD,2,2011-11-09 12:29:00,1.25,17841.0,United Kingdom,2.5,Sale
577795,22633,HAND WARMER UNION JACK,2,2011-11-21 16:50:00,2.1,13246.0,United Kingdom,4.2,Sale
545894,84879,ASSORTED COLOUR BIRD ORNAMENT,16,2011-03-07 17:04:00,1.69,16242.0,United Kingdom,27.04,Sale
560833,84882,GREEN WIRE STANDING CANDLE HOLDER,1,2011-07-21 12:14:00,3.75,16891.0,United Kingdom,3.75,Sale
564323,22411,JUMBO SHOPPER VINTAGE RED PAISLEY,100,2011-08-24 13:24:00,1.75,13694.0,United Kingdom,175.0,Sale
547383,20981,12 PENCILS TALL TUBE WOODLAND,12,2011-03-22 15:42:00,0.85,12613.0,Germany,10.2,Sale
541604,85184C,S/4 VALENTINE DECOUPAGE HEART BOX,2,2011-01-19 17:23:00,2.95,14572.0,United Kingdom,5.9,Sale
565917,22691,DOORMAT WELCOME SUNRISE,1,2011-09-07 16:15:00,15.79,,United Kingdom,15.79,Sale
575607,84380,SET OF 3 BUTTERFLY COOKIE CUTTERS,2,2011-11-10 12:37:00,2.46,14096.0,United Kingdom,4.92,Sale
550323,22902,TOTE BAG I LOVE LONDON,24,2011-04-17 12:57:00,2.1,13692.0,United Kingdom,50.400000000000006,Sale
574287,21817,GLITTER CHRISTMAS TREE,1,2011-11-03 15:09:00,0.39,14723.0,United Kingdom,0.39,Sale
573553,22090,PAPER BUNTING RETROSPOT,1,2011-10-31 13:48:00,6.63,,United Kingdom,6.63,Sale
536566,22805,BLUE DRAWER KNOB ACRYLIC EDWARDIAN,9,2010-12-01 15:21:00,1.25,16928.0,United Kingdom,11.25,Sale
549047,22966,GINGERBREAD MAN COOKIE CUTTER,1,2011-04-06 10:07:00,1.25,17783.0,United Kingdom,1.25,Sale
539019,21232,STRAWBERRY CERAMIC TRINKET BOX,1,2010-12-15 14:12:00,1.25,17551.0,United Kingdom,1.25,Sale
539453,22725,ALARM CLOCK BAKELIKE CHOCOLATE,2,2010-12-17 17:08:00,7.62,,United Kingdom,15.24,Sale
559295,22423,REGENCY CAKESTAND 3 TIER,1,2011-07-07 12:32:00,12.75,12362.0,Belgium,12.75,Sale
539451,21219,SET/4 BADGES BALLOON GIRL,1,2010-12-17 16:59:00,2.51,,United Kingdom,2.51,Sale
541695,21662,VINTAGE GLASS COFFEE CADDY,2,2011-01-20 18:01:00,11.63,,United Kingdom,23.26,Sale
559488,22379,RECYCLING BAG RETROSPOT ,1,2011-07-08 13:52:00,4.96,,United Kingdom,4.96,Sale
577358,22910,PAPER CHAIN KIT VINTAGE CHRISTMAS,2,2011-11-18 15:59:00,5.79,,United Kingdom,11.58,Sale
544886,22467,GUMBALL COAT RACK,12,2011-02-24 11:42:00,2.55,12582.0,Finland,30.6,Sale
544097,22855,FINE WICKER HEART ,48,2011-02-16 09:56:00,1.06,12455.0,Cyprus,50.88,Sale
540121,84792,ENCHANTED BIRD COATHANGER 5 HOOK,4,2011-01-05 10:35:00,4.65,16145.0,United Kingdom,18.6,Sale
567095,20719,WOODLAND CHARLOTTE BAG,10,2011-09-16 13:03:00,0.85,17049.0,United Kingdom,8.5,Sale
560926,DOT,DOTCOM POSTAGE,1,2011-07-22 09:20:00,356.7,,United Kingdom,356.7,Sale
575516,21519,GIN & TONIC DIET GREETING CARD ,24,2011-11-10 10:45:00,0.42,17340.0,United Kingdom,10.08,Sale
573576,21980,PACK OF 12 RED RETROSPOT TISSUES ,2,2011-10-31 14:09:00,0.83,14096.0,United Kingdom,1.66,Sale
548712,84510C,SET OF 4 POLKADOT COASTERS,1,2011-04-03 14:42:00,1.25,17050.0,United Kingdom,1.25,Sale
557260,22457,NATURAL SLATE HEART CHALKBOARD ,6,2011-06-19 10:39:00,2.95,17932.0,United Kingdom,17.700000000000003,Sale
560249,16235,RECYCLED PENCIL WITH RABBIT ERASER,18,2011-07-17 12:26:00,0.21,17571.0,United Kingdom,3.78,Sale
549738,22659,LUNCH BOX I LOVE LONDON,12,2011-04-12 09:28:00,1.95,,Hong Kong,23.4,Sale
580399,23293,SET OF 12 FAIRY CAKE BAKING CASES,8,2011-12-04 11:45:00,0.83,13471.0,United Kingdom,6.64,Sale
541684,22743,MAKE YOUR OWN FLOWERPOWER CARD KIT,1,2011-01-20 15:22:00,2.95,15498.0,United Kingdom,2.95,Sale
547960,22619,SET OF 6 SOLDIER SKITTLES,1,2011-03-28 15:27:00,3.75,15644.0,United Kingdom,3.75,Sale
575930,84971S,SMALL HEART FLOWERS HOOK ,1,2011-11-11 17:58:00,1.63,,United Kingdom,1.63,Sale
570187,22203,MILK PAN RED RETROSPOT,1,2011-10-07 15:09:00,7.46,,United Kingdom,7.46,Sale
578283,23084,RABBIT NIGHT LIGHT,48,2011-11-23 13:54:00,1.79,13139.0,United Kingdom,85.92,Sale
537434,22150,3 STRIPEY MICE FELTCRAFT,4,2010-12-06 16:57:00,4.21,,United Kingdom,16.84,Sale
545062,21868,POTTING SHED TEA MUG,2,2011-02-27 14:07:00,1.25,12748.0,United Kingdom,2.5,Sale
547906,23194,GYMKHANA TREASURE BOOK BOX,3,2011-03-28 12:13:00,2.25,14410.0,United Kingdom,6.75,Sale
580695,22301,COFFEE MUG CAT + BIRD DESIGN,2,2011-12-05 16:03:00,2.55,13230.0,United Kingdom,5.1,Sale
539750,22557,PLASTERS IN TIN VINTAGE PAISLEY ,2,2010-12-21 15:40:00,3.36,,United Kingdom,6.72,Sale
561026,84660A,WHITE STITCHED WALL CLOCK,1,2011-07-24 10:49:00,0.79,17265.0,United Kingdom,0.79,Sale
548621,47594B,SCOTTIES DESIGN WASHBAG,2,2011-04-01 11:54:00,1.95,16960.0,United Kingdom,3.9,Sale
559783,20675,BLUE POLKADOT BOWL,8,2011-07-12 12:02:00,1.25,13069.0,United Kingdom,10.0,Sale
565320,21212,PACK OF 72 RETROSPOT CAKE CASES,120,2011-09-02 13:10:00,0.42,16745.0,United Kingdom,50.4,Sale
556470,22844,VINTAGE CREAM DOG FOOD CONTAINER,2,2011-06-12 11:41:00,8.5,15291.0,United Kingdom,17.0,Sale
569483,22950,36 DOILIES VINTAGE CHRISTMAS,12,2011-10-04 12:45:00,1.45,14057.0,United Kingdom,17.4,Sale
576851,23322,LARGE WHITE HEART OF WICKER,1,2011-11-16 15:41:00,2.95,15967.0,United Kingdom,2.95,Sale
569653,20725,LUNCH BAG RED RETROSPOT,20,2011-10-05 12:52:00,1.65,12451.0,Switzerland,33.0,Sale
570410,22439,6 ROCKET BALLOONS ,10,2011-10-10 13:04:00,0.65,16776.0,United Kingdom,6.5,Sale
573898,22841,ROUND CAKE TIN VINTAGE GREEN,1,2011-11-01 14:35:00,7.95,14562.0,United Kingdom,7.95,Sale
562087,21231,SWEETHEART CERAMIC TRINKET BOX,1,2011-08-02 12:31:00,1.25,14606.0,United Kingdom,1.25,Sale
561363,84997A,CHILDRENS CUTLERY POLKADOT GREEN ,3,2011-07-26 15:42:00,4.15,17238.0,United Kingdom,12.45,Sale
578264,22217,T-LIGHT HOLDER HANGING LACE,2,2011-11-23 13:27:00,1.25,12748.0,United Kingdom,2.5,Sale
579434,22111,SCOTTIE DOG HOT WATER BOTTLE,9,2011-11-29 13:17:00,4.95,16678.0,United Kingdom,44.55,Sale
571266,22624,IVORY KITCHEN SCALES,1,2011-10-16 11:41:00,8.5,17769.0,United Kingdom,8.5,Sale
572549,21935,SUKI  SHOULDER BAG,5,2011-10-24 17:03:00,1.63,,United Kingdom,8.149999999999999,Sale
577217,22791,T-LIGHT GLASS FLUTED ANTIQUE,12,2011-11-18 11:53:00,1.25,17324.0,United Kingdom,15.0,Sale
559109,22167, OVAL WALL MIRROR DIAMANTE ,1,2011-07-06 11:52:00,9.95,15021.0,United Kingdom,9.95,Sale
537823,22812,PACK 3 BOXES CHRISTMAS PANNETONE,3,2010-12-08 14:25:00,4.21,,United Kingdom,12.63,Sale
570187,85203,HANGING WOOD AND FELT BUTTERFLY ,1,2011-10-07 15:09:00,0.79,,United Kingdom,0.79,Sale
569210,84849D,HOT BATHS SOAP HOLDER,3,2011-10-02 11:41:00,1.69,13681.0,United Kingdom,5.07,Sale
550123,22516,CHILDS GARDEN RAKE BLUE,1,2011-04-14 12:39:00,2.1,,United Kingdom,2.1,Sale
555124,85049F,BABY BOOM RIBBONS ,1,2011-05-31 15:26:00,1.25,18204.0,United Kingdom,1.25,Sale
563532,23296,SET OF 6 TEA TIME BAKING CASES,128,2011-08-17 11:04:00,1.04,17511.0,United Kingdom,133.12,Sale
539451,22444,GROW YOUR OWN PLANT IN A CAN ,2,2010-12-17 16:59:00,2.51,,United Kingdom,5.02,Sale
546388,21243,PINK  POLKADOT PLATE ,4,2011-03-11 13:43:00,3.29,,United Kingdom,13.16,Sale
560185,21212,PACK OF 72 RETROSPOT CAKE CASES,48,2011-07-15 11:50:00,0.55,14676.0,United Kingdom,26.4,Sale
537781,22759,SET OF 3 NOTEBOOKS IN PARCEL,1,2010-12-08 12:46:00,1.65,17341.0,United Kingdom,1.65,Sale
562574,23321,SMALL WHITE HEART OF WICKER,4,2011-08-07 12:42:00,1.65,14903.0,United Kingdom,6.6,Sale
547872,15058B,PINK POLKADOT GARDEN PARASOL,2,2011-03-27 14:34:00,7.95,16777.0,United Kingdom,15.9,Sale
562417,23061,VINTAGE EMBOSSED HEART,10,2011-08-04 16:32:00,2.46,,United Kingdom,24.6,Sale
561382,20886,BOX OF 9 PEBBLE CANDLES,1,2011-07-26 17:27:00,1.95,16750.0,United Kingdom,1.95,Sale
546896,22951,60 CAKE CASES DOLLY GIRL DESIGN,1,2011-03-17 18:24:00,1.25,,United Kingdom,1.25,Sale
568831,22593,CHRISTMAS GINGHAM STAR,10,2011-09-29 11:35:00,0.85,16059.0,United Kingdom,8.5,Sale
569405,22749,FELTCRAFT PRINCESS CHARLOTTE DOLL,8,2011-10-04 09:05:00,3.75,15241.0,United Kingdom,30.0,Sale
573763,23437, 50'S CHRISTMAS GIFT BAG LARGE,12,2011-11-01 09:56:00,1.25,17139.0,United Kingdom,15.0,Sale
575984,23344,JUMBO BAG 50'S CHRISTMAS ,8,2011-11-13 13:50:00,2.08,17068.0,United Kingdom,16.64,Sale
581405,70006,LOVE HEART POCKET WARMER,1,2011-12-08 13:50:00,0.79,13521.0,United Kingdom,0.79,Sale
541592,22422,TOOTHPASTE TUBE PEN,1,2011-01-19 15:08:00,1.25,,United Kingdom,1.25,Sale
536839,22027,TEA PARTY BIRTHDAY CARD,12,2010-12-02 18:25:00,0.42,15093.0,United Kingdom,5.04,Sale
540469,21677,HEARTS  STICKERS,6,2011-01-07 14:04:00,0.85,12484.0,Spain,5.1,Sale
546909,22971,QUEENS GUARD COFFEE MUG,6,2011-03-17 19:01:00,2.55,14056.0,United Kingdom,15.3,Sale
541110,21164,HOME SWEET HOME METAL SIGN ,1,2011-01-13 15:11:00,2.95,15916.0,United Kingdom,2.95,Sale
577482,84029E,RED WOOLLY HOTTIE WHITE HEART.,3,2011-11-20 11:43:00,4.25,16762.0,United Kingdom,12.75,Sale
559887,21216,"SET 3 RETROSPOT TEA,COFFEE,SUGAR",1,2011-07-13 11:44:00,4.95,13263.0,United Kingdom,4.95,Sale
539958,21918,SET 12 KIDS COLOUR  CHALK STICKS,4,2010-12-23 13:26:00,0.85,,United Kingdom,3.4,Sale
573335,85049A,TRADITIONAL CHRISTMAS RIBBONS,2,2011-10-30 11:35:00,1.25,15059.0,United Kingdom,2.5,Sale
558311,21244,BLUE POLKADOT PLATE ,96,2011-06-28 11:22:00,1.45,14646.0,Netherlands,139.2,Sale
549561,22295,HEART FILIGREE DOVE LARGE,12,2011-04-10 13:36:00,1.65,13570.0,United Kingdom,19.8,Sale
556243,22098,BOUDOIR SQUARE TISSUE BOX,2,2011-06-09 16:07:00,2.46,,United Kingdom,4.92,Sale
543350,22200,FRYING PAN PINK POLKADOT,1,2011-02-07 13:15:00,4.25,13809.0,Cyprus,4.25,Sale
571183,20679,EDWARDIAN PARASOL RED,3,2011-10-14 11:08:00,5.95,14796.0,United Kingdom,17.85,Sale
550474,22469,HEART OF WICKER SMALL,3,2011-04-18 13:58:00,1.65,,United Kingdom,4.949999999999999,Sale
544301,21260,FIRST AID TIN,1,2011-02-17 12:59:00,3.25,14606.0,United Kingdom,3.25,Sale
544688,22607,WOODEN ROUNDERS GARDEN SET ,3,2011-02-23 08:29:00,9.95,18151.0,United Kingdom,29.85,Sale
540268,85099B,JUMBO BAG RED RETROSPOT,10,2011-01-06 11:25:00,1.95,13458.0,United Kingdom,19.5,Sale
553356,23199,JUMBO BAG APPLES,10,2011-05-16 14:05:00,2.08,14038.0,United Kingdom,20.8,Sale
574734,84879,ASSORTED COLOUR BIRD ORNAMENT,8,2011-11-06 15:20:00,1.69,15025.0,United Kingdom,13.52,Sale
578940,22423,REGENCY CAKESTAND 3 TIER,5,2011-11-27 13:18:00,24.96,,United Kingdom,124.8,Sale
565471,21975,PACK OF 60 DINOSAUR CAKE CASES,24,2011-09-05 10:12:00,0.55,13931.0,United Kingdom,13.2,Sale
581501,22942,CHRISTMAS LIGHTS 10 SANTAS ,12,2011-12-09 10:46:00,2.95,12985.0,United Kingdom,35.400000000000006,Sale
539444,22075,6 RIBBONS ELEGANT CHRISTMAS ,12,2010-12-17 15:52:00,1.65,14146.0,United Kingdom,19.8,Sale
554963,21533,RETROSPOT LARGE MILK JUG,3,2011-05-27 15:32:00,4.95,14625.0,United Kingdom,14.85,Sale
545717,84997a,CHILDRENS CUTLERY POLKADOT GREEN ,3,2011-03-07 10:15:00,8.29,,United Kingdom,24.87,Sale
551174,21555,CERAMIC STRAWBERRY TRINKET TRAY,1,2011-04-26 17:02:00,2.46,,United Kingdom,2.46,Sale
571847,21485,RETROSPOT HEART HOT WATER BOTTLE,3,2011-10-19 12:39:00,4.95,15220.0,United Kingdom,14.85,Sale
578067,90141A,GREEN PENDANT TRIPLE SHELL NECKLACE,1,2011-11-22 15:43:00,5.4,,United Kingdom,5.4,Sale
559878,23173,REGENCY TEAPOT ROSES ,1,2011-07-13 11:19:00,9.95,15493.0,United Kingdom,9.95,Sale
580107,22144,CHRISTMAS CRAFT LITTLE FRIENDS,6,2011-12-01 15:32:00,2.1,15948.0,United Kingdom,12.6,Sale
543306,22531,MAGIC DRAWING SLATE CIRCUS PARADE  ,2,2011-02-07 11:56:00,0.42,16686.0,United Kingdom,0.84,Sale
544795,22047,EMPIRE GIFT WRAP,25,2011-02-23 13:21:00,0.42,15858.0,United Kingdom,10.5,Sale
536876,22069,BROWN  PIRATE TREASURE CHEST ,2,2010-12-03 11:36:00,3.36,,United Kingdom,6.72,Sale
580468,35970,ZINC FOLKART SLEIGH BELLS,1,2011-12-04 12:31:00,1.69,12748.0,United Kingdom,1.69,Sale
572675,23350,ROLL WRAP VINTAGE SPOT ,1,2011-10-25 13:20:00,1.25,17917.0,United Kingdom,1.25,Sale
571694,22537,MAGIC DRAWING SLATE DINOSAUR,24,2011-10-18 14:44:00,0.42,13308.0,United Kingdom,10.08,Sale
580545,23418,LAVENDER TOILETTE BOTTLE,12,2011-12-05 09:16:00,2.08,12782.0,Portugal,24.96,Sale
544788,22717,CARD DOG AND BALL ,12,2011-02-23 12:18:00,0.42,13089.0,United Kingdom,5.04,Sale
550636,22535,MAGIC DRAWING SLATE BUNNIES ,2,2011-04-19 15:37:00,0.83,,United Kingdom,1.66,Sale
566085,20728,LUNCH BAG CARS BLUE,3,2011-09-09 10:12:00,1.65,17841.0,United Kingdom,4.949999999999999,Sale
542534,21624,VINTAGE UNION JACK DOORSTOP,3,2011-01-28 13:27:00,5.95,13707.0,United Kingdom,17.85,Sale
567980,20679,EDWARDIAN PARASOL RED,1,2011-09-23 11:22:00,5.95,15311.0,United Kingdom,5.95,Sale
539256,21524,DOORMAT SPOTTY HOME SWEET HOME,4,2010-12-16 14:27:00,7.95,15601.0,United Kingdom,31.8,Sale
554511,22630,DOLLY GIRL LUNCH BOX,2,2011-05-24 15:52:00,4.13,,United Kingdom,8.26,Sale
581095,85034B,3 WHITE CHOC MORRIS BOXED CANDLES,4,2011-12-07 11:35:00,1.25,17238.0,United Kingdom,5.0,Sale
576653,22993,SET OF 4 PANTRY JELLY MOULDS,72,2011-11-16 10:45:00,1.06,14156.0,EIRE,76.32000000000001,Sale
575661,22577,WOODEN HEART CHRISTMAS SCANDINAVIAN,6,2011-11-10 14:39:00,0.29,12617.0,France,1.7399999999999998,Sale
560989,23182,TOILET SIGN OCCUPIED OR VACANT,12,2011-07-22 13:20:00,0.83,15704.0,United Kingdom,9.96,Sale
576077,22350,ILLUSTRATED CAT BOWL ,3,2011-11-13 16:22:00,2.55,16720.0,United Kingdom,7.649999999999999,Sale
561693,22969,HOMEMADE JAM SCENTED CANDLES,12,2011-07-29 09:48:00,1.45,15120.0,United Kingdom,17.4,Sale
562377,23299,FOOD COVER WITH BEADS SET 2 ,2,2011-08-04 15:04:00,3.75,14535.0,United Kingdom,7.5,Sale
560453,22729,ALARM CLOCK BAKELIKE ORANGE,8,2011-07-19 09:52:00,3.75,13209.0,United Kingdom,30.0,Sale
575691,82484,WOOD BLACK BOARD ANT WHITE FINISH,4,2011-11-10 16:21:00,7.95,14180.0,United Kingdom,31.8,Sale
574673,22531,MAGIC DRAWING SLATE CIRCUS PARADE  ,1,2011-11-06 12:26:00,0.42,15555.0,United Kingdom,0.42,Sale
564818,23308,SET OF 60 VINTAGE LEAF CAKE CASES ,1,2011-08-30 12:10:00,1.25,,United Kingdom,1.25,Sale
538368,21881,CUTE CATS TAPE,1,2010-12-12 10:57:00,0.65,15503.0,United Kingdom,0.65,Sale
569828,23317,BLUE REFECTORY CLOCK ,1,2011-10-06 12:35:00,9.95,14527.0,United Kingdom,9.95,Sale
561209,23157,SET OF 6 NATIVITY MAGNETS ,1,2011-07-25 16:57:00,4.13,,United Kingdom,4.13,Sale
554977,82567,"AIRLINE LOUNGE,METAL SIGN",1,2011-05-29 11:03:00,2.1,16444.0,United Kingdom,2.1,Sale
551893,20975,12 PENCILS SMALL TUBE RED RETROSPOT,24,2011-05-05 10:07:00,0.65,17675.0,United Kingdom,15.6,Sale
540098,47593B,SCOTTIE DOGS BABY BIB,1,2011-01-04 15:50:00,1.25,16241.0,United Kingdom,1.25,Sale
543015,22636,CHILDS BREAKFAST SET CIRCUS PARADE,4,2011-02-02 13:46:00,8.5,14188.0,United Kingdom,34.0,Sale
567515,21340,CLASSIC METAL BIRDCAGE PLANT HOLDER,8,2011-09-20 15:29:00,9.95,16839.0,United Kingdom,79.6,Sale
563848,23286,BLUE VINTAGE SPOT BEAKER,16,2011-08-19 14:57:00,0.85,14911.0,EIRE,13.6,Sale
557299,23031,DRAWER KNOB CRACKLE GLAZE PINK,6,2011-06-19 13:56:00,1.65,13047.0,United Kingdom,9.9,Sale
575705,21818,GLITTER HEART DECORATION,36,2011-11-10 17:06:00,0.39,15159.0,United Kingdom,14.04,Sale
547380,20716,PARTY FOOD SHOPPER BAG,2,2011-03-22 15:20:00,1.25,16809.0,United Kingdom,2.5,Sale
573585,21739,COSY SLIPPER SHOES SMALL GREEN,5,2011-10-31 14:41:00,2.46,,United Kingdom,12.3,Sale
559506,23197,SKETCHBOOK MAGNETIC SHOPPING LIST,1,2011-07-08 15:17:00,3.29,,United Kingdom,3.29,Sale
571271,22791,T-LIGHT GLASS FLUTED ANTIQUE,12,2011-10-16 12:16:00,1.25,15440.0,United Kingdom,15.0,Sale
538524,21210,SET OF 72 RETROSPOT PAPER  DOILIES,2,2010-12-13 09:35:00,2.98,,United Kingdom,5.96,Sale
574587,21755,LOVE BUILDING BLOCK WORD,6,2011-11-06 10:29:00,6.25,14936.0,Channel Islands,37.5,Sale
578653,22622,BOX OF VINTAGE ALPHABET BLOCKS,2,2011-11-24 16:40:00,11.95,18161.0,United Kingdom,23.9,Sale
556248,22918,HERB MARKER PARSLEY,12,2011-06-09 16:33:00,0.65,15681.0,United Kingdom,7.800000000000001,Sale
549847,22501,PICNIC BASKET WICKER LARGE,2,2011-04-12 14:43:00,9.95,15358.0,United Kingdom,19.9,Sale
573343,23211,RED ROCKING HORSE HAND PAINTED,5,2011-10-30 11:59:00,1.25,13566.0,United Kingdom,6.25,Sale
564666,22815,CARD PSYCHEDELIC APPLES,12,2011-08-26 14:51:00,0.42,12492.0,Germany,5.04,Sale
556812,22507,MEMO BOARD RETROSPOT  DESIGN,1,2011-06-14 17:25:00,10.79,,United Kingdom,10.79,Sale
565649,22853,CAT BOWL VINTAGE CREAM,2,2011-09-05 16:27:00,3.25,16712.0,United Kingdom,6.5,Sale
543028,22084,PAPER CHAIN KIT EMPIRE,6,2011-02-02 15:09:00,2.95,14443.0,United Kingdom,17.700000000000003,Sale
544597,22417,PACK OF 60 SPACEBOY CAKE CASES,1,2011-02-21 17:42:00,0.55,16014.0,United Kingdom,0.55,Sale
560225,79144C,PAINTED LIGHTBULB RAINBOW DESIGN,1,2011-07-15 16:27:00,0.83,,United Kingdom,0.83,Sale
552668,21328,BALLOONS  WRITING SET ,1,2011-05-10 15:05:00,3.29,,United Kingdom,3.29,Sale
541970,22967,SET 3 SONG BIRD PAPER EGGS ASSORTED,12,2011-01-24 13:48:00,2.95,15179.0,United Kingdom,35.400000000000006,Sale
579297,23068,ALUMINIUM STAMPED HEART,1,2011-11-29 11:23:00,4.96,,United Kingdom,4.96,Sale
554950,20685,DOORMAT RED RETROSPOT,4,2011-05-27 14:48:00,7.95,14227.0,United Kingdom,31.8,Sale
542192,21833,CAMOUFLAGE LED TORCH,6,2011-01-26 11:27:00,1.69,14049.0,United Kingdom,10.14,Sale
571411,22430,ENAMEL WATERING CAN CREAM,2,2011-10-17 12:33:00,4.95,17858.0,United Kingdom,9.9,Sale
577230,23005,TRAVEL CARD WALLET I LOVE LONDON,1,2011-11-18 12:08:00,0.42,18034.0,United Kingdom,0.42,Sale
557771,22772,PINK DRAWER KNOB ACRYLIC EDWARDIAN,12,2011-06-22 14:43:00,1.25,15601.0,United Kingdom,15.0,Sale
567128,21175,GIN + TONIC DIET METAL SIGN,12,2011-09-16 14:04:00,2.55,18055.0,United Kingdom,30.6,Sale
575868,22255,FELT TOADSTOOL  SMALL,12,2011-11-11 12:44:00,0.85,12985.0,United Kingdom,10.2,Sale
578852,23408,PHOTO FRAME LINEN AND LACE SMALL,1,2011-11-27 11:12:00,2.08,17841.0,United Kingdom,2.08,Sale
565835,22098,BOUDOIR SQUARE TISSUE BOX,3,2011-09-07 11:32:00,0.39,14452.0,United Kingdom,1.17,Sale
538826,22150,3 STRIPEY MICE FELTCRAFT,3,2010-12-14 12:58:00,1.95,12370.0,Cyprus,5.85,Sale
568567,21982,PACK OF 12 SUKI TISSUES ,2,2011-09-27 18:41:00,0.83,,United Kingdom,1.66,Sale
579692,22727,ALARM CLOCK BAKELIKE RED ,8,2011-11-30 14:05:00,3.75,12433.0,Norway,30.0,Sale
575739,21429,RED GINGHAM ROSE JEWELLERY BOX,1,2011-11-11 09:05:00,4.13,,United Kingdom,4.13,Sale
546638,21733,RED HANGING HEART T-LIGHT HOLDER,6,2011-03-15 12:52:00,2.95,15106.0,United Kingdom,17.700000000000003,Sale
573822,22699,ROSES REGENCY TEACUP AND SAUCER ,6,2011-11-01 11:33:00,2.95,15527.0,United Kingdom,17.700000000000003,Sale
566451,47594B,SCOTTIES DESIGN WASHBAG,1,2011-09-12 16:14:00,1.95,18069.0,United Kingdom,1.95,Sale
563909,21803,CHRISTMAS TREE STAR DECORATION,36,2011-08-21 12:36:00,0.42,15701.0,United Kingdom,15.12,Sale
551998,21417,COCKLE SHELL DISH,2,2011-05-05 15:48:00,2.1,14099.0,United Kingdom,4.2,Sale
543774,84596B,SMALL DOLLY MIX DESIGN ORANGE BOWL,8,2011-02-11 15:56:00,1.25,15856.0,United Kingdom,10.0,Sale
557466,20724,RED RETROSPOT CHARLOTTE BAG,20,2011-06-20 13:08:00,0.85,13815.0,Germany,17.0,Sale
539050,22482,BLUE TEA TOWEL CLASSIC DESIGN,2,2010-12-15 16:21:00,1.25,12577.0,France,2.5,Sale
567385,22720,SET OF 3 CAKE TINS PANTRY DESIGN ,64,2011-09-20 10:27:00,4.25,14866.0,United Kingdom,272.0,Sale
539920,21069,VINTAGE BILLBOARD TEA MUG,6,2010-12-23 11:06:00,1.25,14085.0,United Kingdom,7.5,Sale
548011,22244,3 HOOK HANGER MAGIC GARDEN,96,2011-03-29 11:14:00,1.65,14646.0,Netherlands,158.39999999999998,Sale
537642,71053,WHITE METAL LANTERN,1,2010-12-07 15:33:00,8.47,,United Kingdom,8.47,Sale
571117,22111,SCOTTIE DOG HOT WATER BOTTLE,3,2011-10-13 17:51:00,4.95,16224.0,United Kingdom,14.85,Sale
559551,82494L,WOODEN FRAME ANTIQUE WHITE ,2,2011-07-10 16:18:00,2.95,16877.0,United Kingdom,5.9,Sale
559052,21906,PHARMACIE FIRST AID TIN,2,2011-07-05 16:53:00,13.29,,United Kingdom,26.58,Sale
543300,22150,3 STRIPEY MICE FELTCRAFT,6,2011-02-07 11:42:00,1.95,13334.0,United Kingdom,11.7,Sale
539492,20961,STRAWBERRY BATH SPONGE ,1,2010-12-20 10:14:00,2.51,,United Kingdom,2.51,Sale
571918,23350,ROLL WRAP VINTAGE SPOT ,12,2011-10-19 16:05:00,1.25,17350.0,United Kingdom,15.0,Sale
546414,22478,BIRDHOUSE GARDEN MARKER ,10,2011-03-13 10:25:00,1.25,16768.0,United Kingdom,12.5,Sale
537044,22476,EMPIRE UNION JACK TV DINNER TRAY,3,2010-12-05 10:52:00,4.95,18055.0,United Kingdom,14.85,Sale
575944,84012,MAGIC SHEEP WOOL GROWING FROM PAPER,24,2011-11-13 11:46:00,0.85,16571.0,United Kingdom,20.4,Sale
560772,72819,CUPID DESIGN SCENTED CANDLES,1,2011-07-20 16:12:00,4.96,,United Kingdom,4.96,Sale
573909,21154,RED RETROSPOT OVEN GLOVE ,1,2011-11-01 15:26:00,1.25,17813.0,United Kingdom,1.25,Sale
579692,22467,GUMBALL COAT RACK,6,2011-11-30 14:05:00,2.55,12433.0,Norway,15.3,Sale
558461,23240,SET OF 4 KNICK KNACK TINS DOILEY ,2,2011-06-29 15:03:00,4.15,13263.0,United Kingdom,8.3,Sale
541485,84050,PINK HEART SHAPE EGG FRYING PAN,1,2011-01-18 13:05:00,1.65,18118.0,United Kingdom,1.65,Sale
556890,21746,SMALL RED RETROSPOT WINDMILL,24,2011-06-15 12:48:00,1.25,17581.0,United Kingdom,30.0,Sale
548992,21452,TOADSTOOL MONEY BOX,12,2011-04-05 13:52:00,2.95,13089.0,United Kingdom,35.400000000000006,Sale
547374,84226,HEN HOUSE W FAMILY IN BARN & NEST,2,2011-03-22 13:54:00,0.85,16110.0,United Kingdom,1.7,Sale
547490,20658,RED RETROSPOT LUGGAGE TAG,4,2011-03-23 11:48:00,1.25,17507.0,United Kingdom,5.0,Sale
564228,84077,WORLD WAR 2 GLIDERS ASSTD DESIGNS,192,2011-08-24 10:20:00,0.29,13743.0,United Kingdom,55.67999999999999,Sale
566737,16218,CARTOON  PENCIL SHARPENERS,80,2011-09-14 14:26:00,0.06,13430.0,United Kingdom,4.8,Sale
565734,21903,MAN FLU METAL SIGN,1,2011-09-06 12:15:00,2.1,17191.0,United Kingdom,2.1,Sale
563944,20719,WOODLAND CHARLOTTE BAG,10,2011-08-22 10:08:00,0.85,17581.0,United Kingdom,8.5,Sale
551189,22386,JUMBO BAG PINK POLKADOT,100,2011-04-27 10:04:00,1.74,16029.0,United Kingdom,174.0,Sale
564757,21916,SET 12 RETRO WHITE CHALK STICKS,2,2011-08-30 10:36:00,0.83,,United Kingdom,1.66,Sale
573551,21524,DOORMAT SPOTTY HOME SWEET HOME,2,2011-10-31 13:35:00,8.25,15044.0,United Kingdom,16.5,Sale
566913,84754,S/15 SILVER GLASS BAUBLES IN BAG,3,2011-09-15 14:07:00,1.25,17602.0,United Kingdom,3.75,Sale
562032,22727,ALARM CLOCK BAKELIKE RED ,8,2011-08-02 08:48:00,3.75,12347.0,Iceland,30.0,Sale
556740,23202,JUMBO BAG VINTAGE LEAF,4,2011-06-14 12:06:00,2.08,17346.0,United Kingdom,8.32,Sale
569255,23404,HOME SWEET HOME BLACKBOARD,108,2011-10-03 11:01:00,3.26,18102.0,United Kingdom,352.08,Sale
581437,22865,HAND WARMER OWL DESIGN,12,2011-12-08 16:22:00,2.1,14621.0,United Kingdom,25.200000000000003,Sale
556107,20712,JUMBO BAG WOODLAND ANIMALS,1,2011-06-08 17:09:00,2.08,17360.0,United Kingdom,2.08,Sale
570713,22149,FELTCRAFT 6 FLOWER FRIENDS,6,2011-10-12 10:18:00,2.1,17064.0,United Kingdom,12.6,Sale
554310,22426,ENAMEL WASH BOWL CREAM,1,2011-05-23 15:25:00,7.46,,United Kingdom,7.46,Sale
539988,22147,FELTCRAFT BUTTERFLY HEARTS,3,2010-12-23 16:06:00,1.45,18116.0,United Kingdom,4.35,Sale
575070,22453,MEASURING TAPE BABUSHKA BLUE,1,2011-11-08 12:58:00,2.95,17841.0,United Kingdom,2.95,Sale
561034,21901,"KEY FOB , BACK DOOR ",2,2011-07-24 11:45:00,0.65,15506.0,United Kingdom,1.3,Sale
568897,84406B,CREAM CUPID HEARTS COAT HANGER,4,2011-09-29 13:17:00,4.15,13886.0,United Kingdom,16.6,Sale
579512,22549,PICTURE DOMINOES,2,2011-11-29 16:47:00,3.29,,United Kingdom,6.58,Sale
570210,22931,BAKING MOULD HEART WHITE CHOCOLATE,1,2011-10-09 10:48:00,2.55,13259.0,United Kingdom,2.55,Sale
549262,22331,WOODLAND PARTY BAG + STICKER SET,1,2011-04-07 12:38:00,1.65,14465.0,United Kingdom,1.65,Sale
539958,DOT,DOTCOM POSTAGE,1,2010-12-23 13:26:00,627.47,,United Kingdom,627.47,Sale
540848,22212,FOUR HOOK  WHITE LOVEBIRDS,1,2011-01-12 09:26:00,4.21,,United Kingdom,4.21,Sale
574099,22278,OVERNIGHT BAG VINTAGE ROSE PAISLEY,3,2011-11-03 10:05:00,4.95,12808.0,Portugal,14.85,Sale
556671,22676,FRENCH BLUE METAL DOOR SIGN 1,1,2011-06-13 16:33:00,1.25,17841.0,United Kingdom,1.25,Sale
550997,21088,SET/6 FRUIT SALAD PAPER CUPS,24,2011-04-26 09:04:00,0.19,17735.0,United Kingdom,4.5600000000000005,Sale
547918,22720,SET OF 3 CAKE TINS PANTRY DESIGN ,3,2011-03-28 12:49:00,4.95,15249.0,United Kingdom,14.85,Sale
541631,20684,STRAWBERRY DREAM CHILDS UMBRELLA,6,2011-01-20 10:48:00,3.25,12637.0,France,19.5,Sale
569983,21900,"KEY FOB , SHED",3,2011-10-06 19:49:00,0.65,17231.0,United Kingdom,1.95,Sale
580882,21621,VINTAGE UNION JACK BUNTING,2,2011-12-06 12:20:00,8.5,12971.0,United Kingdom,17.0,Sale
538148,21166,COOK WITH WINE METAL SIGN ,2,2010-12-09 16:26:00,4.21,,United Kingdom,8.42,Sale
553162,21774,DECORATIVE CATS BATHROOM BOTTLE,2,2011-05-13 15:53:00,2.46,,United Kingdom,4.92,Sale
570688,35953,FOLKART STAR CHRISTMAS DECORATIONS,4,2011-10-11 16:29:00,0.61,,United Kingdom,2.44,Sale
572552,23080,RED METAL BOX TOP SECRET,1,2011-10-24 17:07:00,16.63,14096.0,United Kingdom,16.63,Sale
552514,22907,PACK OF 20 NAPKINS PANTRY DESIGN,3,2011-05-09 16:30:00,1.63,,United Kingdom,4.89,Sale
540768,85183B,CHARLIE & LOLA WASTEPAPER BIN FLORA,48,2011-01-11 10:38:00,1.25,17428.0,United Kingdom,60.0,Sale
557222,22607,WOODEN ROUNDERS GARDEN SET ,2,2011-06-17 13:14:00,9.95,14936.0,Channel Islands,19.9,Sale
579690,21592,RETROSPOT CIGAR BOX MATCHES ,3,2011-11-30 14:03:00,1.25,15060.0,United Kingdom,3.75,Sale
549300,20867,PINK ROSE FABRIC MIRROR,12,2011-04-08 08:21:00,1.25,13362.0,United Kingdom,15.0,Sale
556575,22913,RED COAT RACK PARIS FASHION,2,2011-06-13 13:44:00,4.95,17027.0,United Kingdom,9.9,Sale
580657,82484,WOOD BLACK BOARD ANT WHITE FINISH,3,2011-12-05 13:43:00,7.95,14696.0,United Kingdom,23.85,Sale
560035,23298,SPOTTY BUNTING,6,2011-07-14 13:41:00,4.95,17706.0,United Kingdom,29.700000000000003,Sale
541524,48185,DOORMAT FAIRY CAKE,2,2011-01-19 10:49:00,7.95,17091.0,United Kingdom,15.9,Sale
541971,90170,DAISY HAIR BAND,2,2011-01-24 13:48:00,1.65,,United Kingdom,3.3,Sale
550458,20733,GOLD MINI TAPE MEASURE ,1,2011-04-18 13:13:00,0.83,,United Kingdom,0.83,Sale
580513,35961,FOLKART ZINC HEART CHRISTMAS DEC,3,2011-12-04 13:59:00,0.85,14456.0,United Kingdom,2.55,Sale
538071,47593B,SCOTTIE DOGS BABY BIB,6,2010-12-09 14:09:00,0.85,,United Kingdom,5.1,Sale
537237,90014B,GOLD M PEARL  ORBIT NECKLACE,1,2010-12-06 09:58:00,10.62,,United Kingdom,10.62,Sale
558567,46000M,POLYESTER FILLER PAD 45x45cm,36,2011-06-30 14:37:00,1.55,14191.0,United Kingdom,55.8,Sale
572513,22906,12 MESSAGE CARDS WITH ENVELOPES,2,2011-10-24 14:36:00,1.65,16728.0,United Kingdom,3.3,Sale
547867,84917,WHITE HAND TOWEL WITH BUTTERFLY,2,2011-03-27 13:56:00,5.95,13357.0,United Kingdom,11.9,Sale
559095,22327,ROUND SNACK BOXES SET OF 4 SKULLS,6,2011-07-06 10:49:00,2.95,13198.0,United Kingdom,17.700000000000003,Sale
559521,22662,LUNCH BAG DOLLY GIRL DESIGN,10,2011-07-08 16:26:00,1.65,,Unspecified,16.5,Sale
548191,22630,DOLLY GIRL LUNCH BOX,1,2011-03-29 15:20:00,4.13,,United Kingdom,4.13,Sale
544434,22507,MEMO BOARD RETROSPOT  DESIGN,1,2011-02-18 16:12:00,4.96,,United Kingdom,4.96,Sale
546466,21063,PARTY INVITES JAZZ HEARTS,1,2011-03-14 11:04:00,0.85,18118.0,United Kingdom,0.85,Sale
541269,22367,CHILDRENS APRON SPACEBOY DESIGN,8,2011-01-17 11:01:00,1.95,12626.0,Germany,15.6,Sale
546498,72351A,SET/6 TURQUOISE BUTTERFLY T-LIGHTS,3,2011-03-14 11:44:00,2.1,15493.0,United Kingdom,6.300000000000001,Sale
540352,22722,SET OF 6 SPICE TINS PANTRY DESIGN,1,2011-01-06 14:27:00,8.47,,United Kingdom,8.47,Sale
545072,22930,BAKING MOULD HEART MILK CHOCOLATE,18,2011-02-28 08:43:00,2.55,12781.0,Czech Republic,45.9,Sale
562928,22546,MINI JIGSAW PURDEY,3,2011-08-10 15:29:00,0.42,15494.0,United Kingdom,1.26,Sale
580367,21833,CAMOUFLAGE LED TORCH,1,2011-12-02 16:39:00,3.29,,United Kingdom,3.29,Sale
544598,22665,RECIPE BOX BLUE SKETCHBOOK DESIGN,1,2011-02-21 18:10:00,5.79,,United Kingdom,5.79,Sale
559817,21175,GIN + TONIC DIET METAL SIGN,1,2011-07-12 16:20:00,4.96,,United Kingdom,4.96,Sale
539434,22498,WOODEN REGATTA BUNTING,2,2010-12-17 14:41:00,12.72,,United Kingdom,25.44,Sale
556578,22417,PACK OF 60 SPACEBOY CAKE CASES,24,2011-06-13 14:13:00,0.55,12472.0,Germany,13.2,Sale
540848,22983,CARD BILLBOARD FONT,1,2011-01-12 09:26:00,0.85,,United Kingdom,0.85,Sale
536858,22554,PLASTERS IN TIN WOODLAND ANIMALS,36,2010-12-03 10:36:00,1.65,13520.0,Switzerland,59.4,Sale
558777,21716,BOYS VINTAGE TIN SEASIDE BUCKET,2,2011-07-04 10:23:00,2.46,,United Kingdom,4.92,Sale
540977,47563A,RETRO LONGBOARD IRONING BOARD COVER,1,2011-01-12 15:01:00,3.36,,United Kingdom,3.36,Sale
540418,22324,BLUE POLKADOT KIDS BAG,1,2011-01-07 11:04:00,4.21,,United Kingdom,4.21,Sale
574532,23096,PETIT TRAY CHIC,12,2011-11-04 14:19:00,1.65,15676.0,United Kingdom,19.8,Sale
556079,20725,LUNCH BAG RED RETROSPOT,100,2011-06-08 15:18:00,1.45,18229.0,United Kingdom,145.0,Sale
568047,23129,HEART SHAPED HOLLY WREATH,12,2011-09-23 12:27:00,4.15,15075.0,United Kingdom,49.8,Sale
541424,21947,SET OF 6 HEART CHOPSTICKS,6,2011-01-17 17:57:00,1.25,,United Kingdom,7.5,Sale
552894,22411,JUMBO SHOPPER VINTAGE RED PAISLEY,1,2011-05-12 10:53:00,2.08,14606.0,United Kingdom,2.08,Sale
551727,21932,SCANDINAVIAN PAISLEY PICNIC BAG,5,2011-05-04 08:40:00,2.95,14245.0,United Kingdom,14.75,Sale
567530,23255,CHILDRENS CUTLERY CIRCUS PARADE,4,2011-09-21 09:33:00,4.15,12390.0,Belgium,16.6,Sale
540352,85071D,CHARLIE+LOLA MY ROOM DOOR SIGN,1,2011-01-06 14:27:00,0.85,,United Kingdom,0.85,Sale
552329,22432,WATERING CAN PINK BUNNY,6,2011-05-09 10:06:00,1.95,13492.0,Switzerland,11.7,Sale
581439,21993,FLORAL FOLK STATIONERY SET,5,2011-12-08 16:30:00,2.46,,United Kingdom,12.3,Sale
559055,82581,TOILET METAL SIGN,1,2011-07-05 17:09:00,1.25,,United Kingdom,1.25,Sale
555845,22715,CARD WEDDING DAY,12,2011-06-07 13:19:00,0.42,17015.0,United Kingdom,5.04,Sale
560393,21832,CHOCOLATE CALCULATOR,6,2011-07-18 13:33:00,1.65,14808.0,United Kingdom,9.9,Sale
560772,22246,MAGIC GARDEN FELT GARLAND ,4,2011-07-20 16:12:00,1.63,,United Kingdom,6.52,Sale
561513,21976,PACK OF 60 MUSHROOM CAKE CASES,1,2011-07-27 15:12:00,1.25,,United Kingdom,1.25,Sale
549115,22196,SMALL HEART MEASURING SPOONS,24,2011-04-06 12:41:00,0.85,13098.0,United Kingdom,20.4,Sale
565776,22328,ROUND SNACK BOXES SET OF 4 FRUITS ,2,2011-09-06 14:38:00,2.95,15311.0,United Kingdom,5.9,Sale
540977,22637,PIGGY BANK RETROSPOT ,1,2011-01-12 15:01:00,5.06,,United Kingdom,5.06,Sale
564974,22381,TOY TIDY PINK POLKADOT,1,2011-08-31 15:32:00,4.13,,United Kingdom,4.13,Sale
563195,22983,CARD BILLBOARD FONT,1,2011-08-12 16:36:00,0.83,,United Kingdom,0.83,Sale
581492,90175D,TIGRIS EYE CHUNKY CHARM BRACELET,1,2011-12-09 10:03:00,9.15,,United Kingdom,9.15,Sale
554098,23162,REGENCY TEA STRAINER,4,2011-05-22 13:01:00,3.75,14769.0,United Kingdom,15.0,Sale
581450,20725,LUNCH BAG RED RETROSPOT,1,2011-12-08 17:54:00,1.65,16794.0,United Kingdom,1.65,Sale
548011,22384,LUNCH BAG PINK POLKADOT,100,2011-03-29 11:14:00,1.45,14646.0,Netherlands,145.0,Sale
568654,22811,SET OF 6 T-LIGHTS CACTI ,6,2011-09-28 12:20:00,2.95,14911.0,EIRE,17.700000000000003,Sale
581352,22905,CALENDAR IN SEASON DESIGN,3,2011-12-08 12:26:00,1.25,14698.0,United Kingdom,3.75,Sale
563217,21175,GIN + TONIC DIET METAL SIGN,12,2011-08-14 13:21:00,2.55,13515.0,United Kingdom,30.6,Sale
566557,22562,MONSTERS STENCIL CRAFT,72,2011-09-13 11:47:00,1.06,14646.0,Netherlands,76.32000000000001,Sale
568135,21014,SWISS CHALET TREE DECORATION ,2,2011-09-23 17:04:00,0.83,,United Kingdom,1.66,Sale
565234,21990,MODERN FLORAL STATIONERY SET,1,2011-09-02 09:38:00,2.46,,United Kingdom,2.46,Sale
543751,22607,WOODEN ROUNDERS GARDEN SET ,1,2011-02-11 14:00:00,9.95,,United Kingdom,9.95,Sale
577052,23168,CLASSIC CAFE SUGAR DISPENSER,2,2011-11-17 14:08:00,1.25,17397.0,United Kingdom,2.5,Sale
546866,85123A,WHITE HANGING HEART T-LIGHT HOLDER,4,2011-03-17 15:47:00,2.95,14462.0,United Kingdom,11.8,Sale
575647,22735,RIBBON REEL SOCKS AND MITTENS,5,2011-11-10 14:16:00,1.65,16440.0,United Kingdom,8.25,Sale
563585,22556,PLASTERS IN TIN CIRCUS PARADE ,1,2011-08-17 17:01:00,1.65,17070.0,United Kingdom,1.65,Sale
576051,22962,JAM JAR WITH PINK LID,12,2011-11-13 14:45:00,0.85,14911.0,EIRE,10.2,Sale
575930,90161D,ANT COPPER PINK BOUDICCA BRACELET,1,2011-11-11 17:58:00,4.98,,United Kingdom,4.98,Sale
559923,47580,TEA TIME DES TEA COSY,1,2011-07-13 16:07:00,2.46,,United Kingdom,2.46,Sale
536520,84596E,SMALL LICORICE DES PINK BOWL,1,2010-12-01 12:43:00,1.25,14729.0,United Kingdom,1.25,Sale
562347,22994,TRAVEL CARD WALLET RETROSPOT,2,2011-08-04 12:22:00,0.42,13263.0,United Kingdom,0.84,Sale
576688,22470,HEART OF WICKER LARGE,6,2011-11-16 12:16:00,2.95,16717.0,United Kingdom,17.700000000000003,Sale
552364,84970S,HANGING HEART ZINC T-LIGHT HOLDER,12,2011-05-09 12:25:00,0.85,13004.0,United Kingdom,10.2,Sale
545221,20979,36 PENCILS TUBE RED RETROSPOT,16,2011-03-01 08:35:00,1.25,14740.0,United Kingdom,20.0,Sale
568183,17003,BROCADE RING PURSE ,2,2011-09-25 13:47:00,0.39,13991.0,United Kingdom,0.78,Sale
543111,22666,RECIPE BOX PANTRY YELLOW DESIGN,2,2011-02-03 12:44:00,2.95,15719.0,United Kingdom,5.9,Sale
560223,20675,BLUE POLKADOT BOWL,1,2011-07-15 15:32:00,1.25,16904.0,United Kingdom,1.25,Sale
560491,23237,SET OF 4 KNICK KNACK TINS LEAF,1,2011-07-19 10:51:00,4.15,12415.0,Australia,4.15,Sale
537111,22974,CHILDRENS DOLLY GIRL MUG,6,2010-12-05 12:08:00,1.65,14810.0,United Kingdom,9.9,Sale
541575,20677,PINK POLKADOT BOWL,12,2011-01-19 13:21:00,1.25,15311.0,United Kingdom,15.0,Sale
549130,21624,VINTAGE UNION JACK DOORSTOP,1,2011-04-06 15:02:00,5.95,14701.0,United Kingdom,5.95,Sale
552290,22355,CHARLOTTE BAG SUKI DESIGN,1,2011-05-08 13:32:00,0.85,16007.0,United Kingdom,0.85,Sale
547837,20970,PINK FLORAL FELTCRAFT SHOULDER BAG,2,2011-03-27 10:26:00,3.75,17243.0,United Kingdom,7.5,Sale
578266,22683,FRENCH BLUE METAL DOOR SIGN 8,1,2011-11-23 13:34:00,1.25,12748.0,United Kingdom,1.25,Sale
546768,20749,ASSORTED COLOUR MINI CASES,12,2011-03-16 14:54:00,6.35,15694.0,United Kingdom,76.19999999999999,Sale
552684,21931,JUMBO STORAGE BAG SUKI,7,2011-05-10 15:09:00,4.13,,United Kingdom,28.91,Sale
539075,20685,DOORMAT RED RETROSPOT,1,2010-12-15 17:28:00,7.95,17189.0,United Kingdom,7.95,Sale
559693,35648,VINTAGE BEAD PINK PURSE ,1,2011-07-11 16:21:00,1.63,,United Kingdom,1.63,Sale
575748,22731,3D CHRISTMAS STAMPS STICKERS ,4,2011-11-11 10:21:00,1.63,,United Kingdom,6.52,Sale
578289,22758,LARGE PURPLE BABUSHKA NOTEBOOK  ,1,2011-11-23 14:07:00,1.25,17841.0,United Kingdom,1.25,Sale
537144,21930,JUMBO STORAGE BAG SKULLS,1,2010-12-05 13:00:00,1.95,15880.0,United Kingdom,1.95,Sale
550458,23193,BUFFALO BILL TREASURE BOOK BOX,1,2011-04-18 13:13:00,4.58,,United Kingdom,4.58,Sale
554958,22379,RECYCLING BAG RETROSPOT ,3,2011-05-27 15:17:00,4.96,,United Kingdom,14.88,Sale
575930,22308,TEA COSY BLUE STRIPE,1,2011-11-11 17:58:00,4.96,,United Kingdom,4.96,Sale
581403,22367,CHILDRENS APRON SPACEBOY DESIGN,8,2011-12-08 13:46:00,1.95,13510.0,United Kingdom,15.6,Sale
557427,22728,ALARM CLOCK BAKELIKE PINK,16,2011-06-20 12:14:00,3.75,12429.0,Denmark,60.0,Sale
543114,48184,DOORMAT ENGLISH ROSE ,2,2011-02-03 13:26:00,7.95,14156.0,EIRE,15.9,Sale
540551,90019B,GOLD M.O.P ORBIT BRACELET,1,2011-01-10 09:43:00,5.51,,United Kingdom,5.51,Sale
547248,21899,"KEY FOB , GARAGE DESIGN",1,2011-03-22 09:23:00,1.63,,United Kingdom,1.63,Sale
564756,23295,SET OF 12 MINI LOAF BAKING CASES,1,2011-08-30 10:33:00,2.46,,United Kingdom,2.46,Sale
579414,21977,PACK OF 60 PINK PAISLEY CAKE CASES,2,2011-11-29 12:52:00,0.55,14719.0,United Kingdom,1.1,Sale
542087,22721,SET OF 3 CAKE TINS SKETCHBOOK,3,2011-01-25 12:35:00,4.95,14849.0,United Kingdom,14.85,Sale
578088,22749,FELTCRAFT PRINCESS CHARLOTTE DOLL,2,2011-11-22 16:47:00,3.75,16376.0,United Kingdom,7.5,Sale
550633,82482,WOODEN PICTURE FRAME WHITE FINISH,2,2011-04-19 14:57:00,2.55,17449.0,United Kingdom,5.1,Sale
556536,22609,PENS ASSORTED SPACEBALL,36,2011-06-13 12:36:00,0.19,17795.0,United Kingdom,6.84,Sale
572317,23553,LANDMARK FRAME CAMDEN TOWN ,1,2011-10-23 16:13:00,12.5,14629.0,United Kingdom,12.5,Sale
566869,21790,VINTAGE SNAP CARDS,12,2011-09-15 13:20:00,0.85,13658.0,United Kingdom,10.2,Sale
549124,22630,DOLLY GIRL LUNCH BOX,24,2011-04-06 14:03:00,1.95,16672.0,United Kingdom,46.8,Sale
542112,21213,PACK OF 72 SKULL CAKE CASES,8,2011-01-25 13:55:00,0.55,13168.0,United Kingdom,4.4,Sale
541869,21930,JUMBO STORAGE BAG SKULLS,1,2011-01-24 09:35:00,4.13,,United Kingdom,4.13,Sale
537666,22083,PAPER CHAIN KIT RETROSPOT,1,2010-12-07 18:36:00,5.91,,United Kingdom,5.91,Sale
578041,22348,TEA BAG PLATE RED RETROSPOT,5,2011-11-22 14:23:00,0.85,17338.0,United Kingdom,4.25,Sale
548550,21794,CLASSIC FRENCH STYLE BASKET NATURAL,2,2011-04-01 08:22:00,6.75,18161.0,United Kingdom,13.5,Sale
540357,22723,SET OF 6 HERB TINS SKETCHBOOK,24,2011-01-06 15:14:00,3.45,13093.0,United Kingdom,82.80000000000001,Sale
544186,22285,HANGING HEN ON NEST DECORATION,1,2011-02-16 15:56:00,3.29,,United Kingdom,3.29,Sale
576687,22574,HEART WOODEN CHRISTMAS DECORATION,3,2011-11-16 12:13:00,0.85,13558.0,United Kingdom,2.55,Sale
547406,17003,BROCADE RING PURSE ,36,2011-03-23 08:26:00,0.29,16948.0,United Kingdom,10.44,Sale
554083,21034,REX CASH+CARRY JUMBO SHOPPER,2,2011-05-22 11:51:00,0.95,18125.0,United Kingdom,1.9,Sale
578292,21191,LARGE WHITE HONEYCOMB PAPER BELL  ,12,2011-11-23 14:35:00,2.1,13174.0,United Kingdom,25.200000000000003,Sale
565303,22746,POPPY'S PLAYHOUSE LIVINGROOM ,1,2011-09-02 12:17:00,2.1,,Unspecified,2.1,Sale
544434,22577,WOODEN HEART CHRISTMAS SCANDINAVIAN,1,2011-02-18 16:12:00,1.63,,United Kingdom,1.63,Sale
574302,22138,BAKING SET 9 PIECE RETROSPOT ,12,2011-11-03 16:28:00,4.95,13914.0,United Kingdom,59.400000000000006,Sale
568828,22489,PACK OF 12 TRADITIONAL CRAYONS,24,2011-09-29 11:31:00,0.42,15175.0,United Kingdom,10.08,Sale
577783,47566,PARTY BUNTING,150,2011-11-21 16:20:00,4.15,18139.0,United Kingdom,622.5,Sale
565920,22468,BABUSHKA LIGHTS STRING OF 10,4,2011-09-08 08:56:00,6.75,15298.0,United Kingdom,27.0,Sale
578510,23049,RECYCLED ACAPULCO MAT RED,6,2011-11-24 13:25:00,8.25,14056.0,United Kingdom,49.5,Sale
536876,90214G,"LETTER ""G"" BLING KEY RING",1,2010-12-03 11:36:00,0.85,,United Kingdom,0.85,Sale
574059,23515,EMBROIDERED RIBBON REEL DAISY ,1,2011-11-02 14:13:00,2.08,14646.0,Netherlands,2.08,Sale
558904,21719,LOVELY BONBON STICKER SHEET,2,2011-07-04 16:18:00,0.79,,United Kingdom,1.58,Sale
541848,21579,LOLITA  DESIGN  COTTON TOTE BAG,1,2011-01-23 13:31:00,2.25,17611.0,United Kingdom,2.25,Sale
540154,22035,VINTAGE CARAVAN GREETING CARD ,1,2011-01-05 11:30:00,0.85,,United Kingdom,0.85,Sale
548698,21340,CLASSIC METAL BIRDCAGE PLANT HOLDER,1,2011-04-03 10:55:00,12.75,18109.0,United Kingdom,12.75,Sale
544945,20727,LUNCH BAG  BLACK SKULL.,10,2011-02-25 10:53:00,1.65,17735.0,United Kingdom,16.5,Sale
549016,22697,GREEN REGENCY TEACUP AND SAUCER,6,2011-04-05 15:20:00,2.95,16696.0,United Kingdom,17.700000000000003,Sale
580635,85066,CREAM SWEETHEART MINI CHEST,1,2011-12-05 12:30:00,12.75,14649.0,United Kingdom,12.75,Sale
536381,22083,PAPER CHAIN KIT RETROSPOT,1,2010-12-01 09:41:00,2.95,15311.0,United Kingdom,2.95,Sale
568577,22974,CHILDRENS DOLLY GIRL MUG,12,2011-09-28 09:41:00,1.65,15301.0,United Kingdom,19.8,Sale
574308,23263,SET OF 3 WOODEN HEART DECORATIONS,12,2011-11-03 16:45:00,1.25,16409.0,United Kingdom,15.0,Sale
578036,20978,36 PENCILS TUBE SKULLS,2,2011-11-22 14:04:00,1.25,16474.0,United Kingdom,2.5,Sale
567024,22110,BIRD HOUSE HOT WATER BOTTLE,2,2011-09-16 11:23:00,7.46,,United Kingdom,14.92,Sale
573588,22182,CAKE STAND VICTORIAN FILIGREE SMALL,4,2011-10-31 15:01:00,4.95,12588.0,Finland,19.8,Sale
565917,22844,VINTAGE CREAM DOG FOOD CONTAINER,1,2011-09-07 16:15:00,16.63,,United Kingdom,16.63,Sale
576339,22801,ANTIQUE GLASS PEDESTAL BOWL,1,2011-11-14 15:27:00,7.46,14096.0,United Kingdom,7.46,Sale
571292,16008,SMALL FOLDING SCISSOR(POINTED EDGE),12,2011-10-16 15:45:00,0.12,15311.0,United Kingdom,1.44,Sale
575671,22976,CIRCUS PARADE CHILDRENS EGG CUP ,12,2011-11-10 15:03:00,1.25,12670.0,France,15.0,Sale
569538,22169,FAMILY ALBUM WHITE PICTURE FRAME,2,2011-10-04 15:55:00,8.5,14462.0,United Kingdom,17.0,Sale
553463,22457,NATURAL SLATE HEART CHALKBOARD ,12,2011-05-17 11:02:00,2.95,13488.0,United Kingdom,35.400000000000006,Sale
550150,47566B,TEA TIME PARTY BUNTING,12,2011-04-14 14:39:00,4.95,15230.0,United Kingdom,59.400000000000006,Sale
545415,22989,SET 2 PANTRY DESIGN TEA TOWELS,6,2011-03-02 13:03:00,3.25,15641.0,United Kingdom,19.5,Sale
568069,22417,PACK OF 60 SPACEBOY CAKE CASES,24,2011-09-23 14:05:00,0.55,13336.0,United Kingdom,13.2,Sale
546950,22021,BLUE FELT EASTER EGG BASKET,2,2011-03-18 11:24:00,1.65,16511.0,United Kingdom,3.3,Sale
555562,20668,DISCO BALL CHRISTMAS DECORATION,24,2011-06-05 14:45:00,0.12,17841.0,United Kingdom,2.88,Sale
564301,22776,SWEETHEART CAKESTAND 3 TIER,2,2011-08-24 11:54:00,9.95,14299.0,United Kingdom,19.9,Sale
573511,23503,PLAYING CARDS KEEP CALM & CARRY ON,12,2011-10-31 12:25:00,1.25,12347.0,Iceland,15.0,Sale
546136,22960,JAM MAKING SET WITH JARS,2,2011-03-09 16:32:00,8.29,,United Kingdom,16.58,Sale
537155,22553,PLASTERS IN TIN SKULLS,1,2010-12-05 13:05:00,1.65,12748.0,United Kingdom,1.65,Sale
561969,84926E,FLOWERS TILE COASTER,12,2011-08-01 13:31:00,0.29,17757.0,United Kingdom,3.4799999999999995,Sale
568990,21212,PACK OF 72 RETROSPOT CAKE CASES,24,2011-09-29 16:42:00,0.55,15933.0,United Kingdom,13.2,Sale
572923,22454,MEASURING TAPE BABUSHKA RED,6,2011-10-27 08:35:00,2.95,15948.0,United Kingdom,17.700000000000003,Sale
566039,23421,PANTRY HOOK SPATULA,12,2011-09-08 13:38:00,2.08,14223.0,United Kingdom,24.96,Sale
578520,23492,VINTAGE JINGLE BELLS WREATH,1,2011-11-24 13:57:00,8.25,14591.0,United Kingdom,8.25,Sale
540352,35648,VINTAGE BEAD PINK PURSE ,2,2011-01-06 14:27:00,1.66,,United Kingdom,3.32,Sale
559163,84748,FOLK FELT HANGING MULTICOL GARLAND,1,2011-07-06 16:33:00,2.46,,United Kingdom,2.46,Sale
575141,21929,JUMBO BAG PINK VINTAGE PAISLEY,10,2011-11-08 15:35:00,2.08,15615.0,United Kingdom,20.8,Sale
569651,23344,JUMBO BAG 50'S CHRISTMAS ,10,2011-10-05 12:49:00,2.08,14534.0,United Kingdom,20.8,Sale
539436,21680,WOODLAND  STICKERS,1,2010-12-17 14:49:00,1.66,,United Kingdom,1.66,Sale
567866,84997C,CHILDRENS CUTLERY POLKADOT BLUE,2,2011-09-22 14:13:00,4.15,16669.0,United Kingdom,8.3,Sale
552961,21175,GIN + TONIC DIET METAL SIGN,12,2011-05-12 12:54:00,2.55,15489.0,United Kingdom,30.6,Sale
575734,23084,RABBIT NIGHT LIGHT,6,2011-11-11 08:39:00,2.08,12384.0,Switzerland,12.48,Sale
567873,23439,HAND WARMER RED LOVE HEART,12,2011-09-22 14:25:00,2.1,13055.0,United Kingdom,25.200000000000003,Sale
577312,23378,PACK OF 12 50'S CHRISTMAS TISSUES,48,2011-11-18 13:18:00,0.39,17049.0,United Kingdom,18.72,Sale
546790,22045,SPACEBOY GIFT WRAP,25,2011-03-17 10:26:00,0.42,14713.0,United Kingdom,10.5,Sale
553638,82486,WOOD S/3 CABINET ANT WHITE FINISH,2,2011-05-18 10:56:00,8.95,14180.0,United Kingdom,17.9,Sale
576553,M,Manual,6,2011-11-15 12:57:00,2.55,14666.0,United Kingdom,15.3,Sale
553686,21523,DOORMAT FANCY FONT HOME SWEET HOME,2,2011-05-18 13:58:00,7.95,14911.0,EIRE,15.9,Sale
537399,22372,AIRLINE BAG VINTAGE WORLD CHAMPION ,1,2010-12-06 14:31:00,4.25,13030.0,United Kingdom,4.25,Sale
578469,POST,POSTAGE,4,2011-11-24 12:36:00,18.0,12471.0,Germany,72.0,Sale
580654,23480,MINI LIGHTS WOODLAND MUSHROOMS,1,2011-12-05 13:37:00,3.75,15854.0,United Kingdom,3.75,Sale
536874,22153,ANGEL DECORATION STARS ON DRESS,1,2010-12-03 11:35:00,0.42,16891.0,United Kingdom,0.42,Sale
539436,84536A,ENGLISH ROSE NOTEBOOK A7 SIZE,3,2010-12-17 14:49:00,0.85,,United Kingdom,2.55,Sale
569137,20711,JUMBO BAG TOYS ,4,2011-09-30 14:45:00,4.13,,United Kingdom,16.52,Sale
565083,22212,FOUR HOOK  WHITE LOVEBIRDS,6,2011-09-01 09:19:00,2.1,16187.0,United Kingdom,12.6,Sale
550637,22898,CHILDRENS APRON APPLES DESIGN,1,2011-04-19 15:39:00,1.95,14415.0,United Kingdom,1.95,Sale
567662,22994,TRAVEL CARD WALLET RETROSPOT,4,2011-09-21 15:12:00,0.42,17758.0,United Kingdom,1.68,Sale
540277,21430,SET/3 RED GINGHAM ROSE STORAGE BOX,24,2011-01-06 12:18:00,3.39,14258.0,United Kingdom,81.36,Sale
541811,22386,JUMBO BAG PINK POLKADOT,8,2011-01-21 15:01:00,4.13,,United Kingdom,33.04,Sale
580137,82583,HOT BATHS METAL SIGN,3,2011-12-01 19:54:00,2.1,17566.0,United Kingdom,6.300000000000001,Sale
548612,84380,SET OF 3 BUTTERFLY COOKIE CUTTERS,3,2011-04-01 11:34:00,1.25,13137.0,United Kingdom,3.75,Sale
551468,47574A,ENGLISH ROSE SCENTED HANGING FLOWER,1,2011-04-28 16:21:00,2.46,,United Kingdom,2.46,Sale
537240,22969,HOMEMADE JAM SCENTED CANDLES,10,2010-12-06 10:08:00,3.36,,United Kingdom,33.6,Sale
561072,23035,DRAWER KNOB CERAMIC IVORY,6,2011-07-24 15:39:00,1.45,14019.0,United Kingdom,8.7,Sale
538944,85039A,SET/4 RED MINI ROSE CANDLE IN BOWL,12,2010-12-15 11:21:00,1.65,13295.0,United Kingdom,19.8,Sale
551188,23201,JUMBO BAG ALPHABET,10,2011-04-27 10:03:00,2.08,15898.0,United Kingdom,20.8,Sale
573585,23175,REGENCY MILK JUG PINK ,1,2011-10-31 14:41:00,7.46,,United Kingdom,7.46,Sale
567672,22489,PACK OF 12 TRADITIONAL CRAYONS,3,2011-09-21 15:39:00,0.42,16085.0,United Kingdom,1.26,Sale
578270,22338,STAR DECORATION PAINTED ZINC ,2,2011-11-23 13:39:00,1.25,14096.0,United Kingdom,2.5,Sale
558761,21914,BLUE HARMONICA IN BOX ,3,2011-07-03 12:52:00,1.25,15033.0,United Kingdom,3.75,Sale
572291,23342,MINT DINER WALL CLOCK,1,2011-10-23 12:46:00,8.5,16931.0,United Kingdom,8.5,Sale
556041,22138,BAKING SET 9 PIECE RETROSPOT ,1,2011-06-08 12:44:00,4.95,17954.0,United Kingdom,4.95,Sale
569363,22975,SPACEBOY CHILDRENS EGG CUP,12,2011-10-03 15:08:00,1.25,13297.0,United Kingdom,15.0,Sale
562387,21506,"FANCY FONT BIRTHDAY CARD, ",12,2011-08-04 15:51:00,0.42,13402.0,United Kingdom,5.04,Sale
574025,22554,PLASTERS IN TIN WOODLAND ANIMALS,1,2011-11-02 12:26:00,1.65,12748.0,United Kingdom,1.65,Sale
557034,23173,REGENCY TEAPOT ROSES ,2,2011-06-16 13:50:00,9.95,13627.0,United Kingdom,19.9,Sale
553346,21749,LARGE RED RETROSPOT WINDMILL,6,2011-05-16 12:57:00,2.1,17054.0,United Kingdom,12.6,Sale
558086,21896,POTTING SHED TWINE,1,2011-06-26 11:59:00,2.1,16728.0,United Kingdom,2.1,Sale
580167,84879,ASSORTED COLOUR BIRD ORNAMENT,40,2011-12-02 11:28:00,1.69,17386.0,United Kingdom,67.6,Sale
563012,22440,BALLOON WATER BOMB PACK OF 35,3,2011-08-11 12:00:00,0.42,17284.0,United Kingdom,1.26,Sale
558540,22846,BREAD BIN DINER STYLE RED ,3,2011-06-30 12:15:00,16.95,17706.0,United Kingdom,50.85,Sale
538379,85123A,WHITE HANGING HEART T-LIGHT HOLDER,1,2010-12-12 11:26:00,2.95,17126.0,United Kingdom,2.95,Sale
573585,21758,VINTAGE SHELLS PRINT,1,2011-10-31 14:41:00,12.46,,United Kingdom,12.46,Sale
559055,22211,WOOD STAMP SET FLOWERS,8,2011-07-05 17:09:00,0.83,,United Kingdom,6.64,Sale
558767,21124,SET/10 BLUE POLKADOT PARTY CANDLES,24,2011-07-03 13:27:00,1.25,13833.0,United Kingdom,30.0,Sale
557956,21213,PACK OF 72 SKULL CAKE CASES,1,2011-06-23 19:20:00,0.55,18283.0,United Kingdom,0.55,Sale
540700,84997C,BLUE 3 PIECE POLKADOT CUTLERY SET,6,2011-01-11 09:47:00,3.75,12393.0,Australia,22.5,Sale
579176,22784,LANTERN CREAM GAZEBO ,3,2011-11-28 14:44:00,4.95,13950.0,United Kingdom,14.85,Sale
565327,21231,SWEETHEART CERAMIC TRINKET BOX,12,2011-09-02 13:48:00,1.25,12832.0,United Kingdom,15.0,Sale
555367,21927,BLUE/CREAM STRIPE CUSHION COVER ,12,2011-06-02 14:28:00,1.25,17900.0,United Kingdom,15.0,Sale
539437,22467,GUMBALL COAT RACK,2,2010-12-17 14:54:00,5.06,,United Kingdom,10.12,Sale
567656,22595,GINGHAM HEART DECORATION,3,2011-09-21 14:40:00,1.63,14096.0,United Kingdom,4.89,Sale
547829,22294,HEART FILIGREE DOVE  SMALL,24,2011-03-25 15:24:00,1.25,16081.0,United Kingdom,30.0,Sale
554986,22328,ROUND SNACK BOXES SET OF 4 FRUITS ,5,2011-05-29 12:35:00,2.95,14451.0,United Kingdom,14.75,Sale
578953,22230,JIGSAW TREE WITH WATERING CAN,1,2011-11-27 14:50:00,0.29,13546.0,United Kingdom,0.29,Sale
545945,21531,RED RETROSPOT SUGAR JAM BOWL,3,2011-03-08 12:07:00,2.55,16710.0,United Kingdom,7.649999999999999,Sale
566434,23358,HOT STUFF HOT WATER BOTTLE,12,2011-09-12 15:01:00,3.75,17090.0,United Kingdom,45.0,Sale
569825,23115,RED APPLES CHOPPING BOARD   ,3,2011-10-06 12:23:00,4.95,15805.0,United Kingdom,14.85,Sale
536602,84029G,KNITTED UNION FLAG HOT WATER BOTTLE,6,2010-12-02 08:34:00,3.39,17850.0,United Kingdom,20.34,Sale
536746,22795,SWEETHEART RECIPE BOOK STAND,4,2010-12-02 13:39:00,6.75,16510.0,United Kingdom,27.0,Sale
553014,23298,SPOTTY BUNTING,3,2011-05-12 18:49:00,4.95,13451.0,United Kingdom,14.85,Sale
554854,22456,NATURAL SLATE CHALKBOARD LARGE ,6,2011-05-27 09:39:00,4.95,16369.0,United Kingdom,29.700000000000003,Sale
557949,85039B,S/4 IVORY MINI ROSE CANDLE IN BOWL,12,2011-06-23 17:20:00,1.65,15530.0,United Kingdom,19.8,Sale
565118,22411,JUMBO SHOPPER VINTAGE RED PAISLEY,30,2011-09-01 11:33:00,2.08,15039.0,United Kingdom,62.400000000000006,Sale
537388,22674,FRENCH TOILET SIGN BLUE METAL,12,2010-12-06 13:35:00,1.25,17682.0,United Kingdom,15.0,Sale
572330,23426,METAL SIGN DROP YOUR PANTS,1,2011-10-24 10:17:00,2.89,16426.0,United Kingdom,2.89,Sale
538566,21257,VICTORIAN SEWING BOX MEDIUM,1,2010-12-13 11:21:00,16.13,,United Kingdom,16.13,Sale
574629,84032B,CHARLIE + LOLA RED HOT WATER BOTTLE,1,2011-11-06 11:21:00,2.95,16326.0,United Kingdom,2.95,Sale
580611,22734,SET OF 6 RIBBONS VINTAGE CHRISTMAS,2,2011-12-05 11:49:00,2.89,12748.0,United Kingdom,5.78,Sale
581439,22674,FRENCH TOILET SIGN BLUE METAL,1,2011-12-08 16:30:00,2.46,,United Kingdom,2.46,Sale
546365,23053,RECYCLED ACAPULCO MAT PINK,2,2011-03-11 11:35:00,8.25,12520.0,Germany,16.5,Sale
569590,22139,RETROSPOT TEA SET CERAMIC 11 PC ,3,2011-10-05 11:25:00,4.95,13949.0,United Kingdom,14.85,Sale
572669,22631,CIRCUS PARADE LUNCH BOX ,1,2011-10-25 13:10:00,1.95,16549.0,United Kingdom,1.95,Sale
553377,23202,JUMBO BAG VINTAGE LEAF,10,2011-05-16 14:58:00,1.95,14888.0,United Kingdom,19.5,Sale
555945,23283,DOORMAT VINTAGE LEAVES DESIGN ,2,2011-06-08 10:36:00,7.95,17409.0,United Kingdom,15.9,Sale
565445,22954,HEN PARTY CORDON BARRIER TAPE,1,2011-09-04 14:50:00,1.25,13548.0,United Kingdom,1.25,Sale
547653,22667,RECIPE BOX RETROSPOT ,4,2011-03-24 12:21:00,2.95,16745.0,United Kingdom,11.8,Sale
564835,21558,SKULL LUNCH BOX WITH CUTLERY ,1,2011-08-30 12:31:00,4.96,,United Kingdom,4.96,Sale
578263,23435,3 RAFFIA RIBBONS VINTAGE CHRISTMAS,20,2011-11-23 13:27:00,0.79,17422.0,United Kingdom,15.8,Sale
562113,21901,"KEY FOB , BACK DOOR ",2,2011-08-02 16:11:00,1.63,,United Kingdom,3.26,Sale
553856,22123,PING MICROWAVE APRON,2,2011-05-19 13:28:00,1.95,16813.0,United Kingdom,3.9,Sale
576665,22150,3 STRIPEY MICE FELTCRAFT,1,2011-11-16 11:46:00,1.95,17841.0,United Kingdom,1.95,Sale
578233,23434,3 RAFFIA RIBBONS 50'S CHRISTMAS ,10,2011-11-23 12:20:00,0.79,14049.0,United Kingdom,7.9,Sale
550987,85093,CANDY SPOT EGG WARMER HARE,9,2011-04-21 18:10:00,0.83,,United Kingdom,7.47,Sale
579187,84946,ANTIQUE SILVER T-LIGHT GLASS,3,2011-11-28 15:31:00,2.46,,United Kingdom,7.38,Sale
542143,20719,WOODLAND CHARLOTTE BAG,40,2011-01-26 09:23:00,0.72,15061.0,United Kingdom,28.8,Sale
543618,20828,GLITTER BUTTERFLY CLIPS,6,2011-02-10 14:49:00,2.55,13468.0,United Kingdom,15.3,Sale
579196,22730,ALARM CLOCK BAKELIKE IVORY,1,2011-11-28 15:54:00,7.46,14096.0,United Kingdom,7.46,Sale
551733,20750,RED RETROSPOT MINI CASES,2,2011-05-04 10:15:00,7.95,13012.0,United Kingdom,15.9,Sale
580983,23083,SET 6 PAPER TABLE LANTERN STARS ,3,2011-12-06 16:26:00,7.46,,United Kingdom,22.38,Sale
572185,22645,CERAMIC HEART FAIRY CAKE MONEY BANK,15,2011-10-21 10:52:00,4.13,,United Kingdom,61.95,Sale
545333,22762,CUPBOARD 3 DRAWER MA CAMPAGNE,1,2011-03-01 16:22:00,29.17,,United Kingdom,29.17,Sale
560283,23035,DRAWER KNOB CERAMIC IVORY,6,2011-07-18 08:32:00,1.45,,EIRE,8.7,Sale
578344,20992,JAZZ HEARTS PURSE NOTEBOOK,1,2011-11-24 09:21:00,1.63,,United Kingdom,1.63,Sale
567929,22558,CLOTHES PEGS RETROSPOT PACK 24 ,12,2011-09-22 17:31:00,1.65,12425.0,Portugal,19.8,Sale
538630,22969,HOMEMADE JAM SCENTED CANDLES,12,2010-12-13 13:25:00,1.45,14565.0,United Kingdom,17.4,Sale
536754,22953,BIRTHDAY PARTY CORDON BARRIER TAPE,1,2010-12-02 14:09:00,1.25,14449.0,United Kingdom,1.25,Sale
571284,23284,DOORMAT KEEP CALM AND COME IN,2,2011-10-16 14:07:00,8.25,14562.0,United Kingdom,16.5,Sale
538652,21012,ANTIQUE ALL GLASS CANDLESTICK,1,2010-12-13 15:12:00,2.1,17890.0,United Kingdom,2.1,Sale
578531,22982,PANTRY PASTRY BRUSH,1,2011-11-24 14:40:00,1.25,17364.0,United Kingdom,1.25,Sale
550500,22148,EASTER CRAFT 4 CHICKS ,1,2011-04-18 15:26:00,4.13,,United Kingdom,4.13,Sale
544681,22174,PHOTO CUBE,1,2011-02-22 16:28:00,3.29,,United Kingdom,3.29,Sale
565233,82567,"AIRLINE LOUNGE,METAL SIGN",2,2011-09-02 09:34:00,1.63,,United Kingdom,3.26,Sale
547114,21989,PACK OF 20 SKULL PAPER NAPKINS,3,2011-03-21 11:49:00,0.85,14688.0,United Kingdom,2.55,Sale
563193,90129A,PINK GLASS TASSLE BAG CHARM ,1,2011-08-12 16:30:00,1.63,,United Kingdom,1.63,Sale
551391,22970,LONDON BUS COFFEE MUG,18,2011-04-28 12:06:00,2.55,15514.0,United Kingdom,45.9,Sale
551171,22804,CANDLEHOLDER PINK HANGING HEART,2,2011-04-26 16:45:00,2.95,13263.0,United Kingdom,5.9,Sale
555638,21509,COWBOYS AND INDIANS BIRTHDAY CARD ,12,2011-06-06 12:51:00,0.42,15150.0,United Kingdom,5.04,Sale
565803,22381,TOY TIDY PINK POLKADOT,5,2011-09-07 10:38:00,2.1,17735.0,United Kingdom,10.5,Sale
548361,23126,FELTCRAFT GIRL AMELIE KIT,4,2011-03-30 15:38:00,4.95,16092.0,United Kingdom,19.8,Sale
581412,21430,SET/3 RED GINGHAM ROSE STORAGE BOX,1,2011-12-08 14:38:00,3.75,14415.0,United Kingdom,3.75,Sale
556246,22613,PACK OF 20 SPACEBOY NAPKINS,3,2011-06-09 16:16:00,0.85,16113.0,United Kingdom,2.55,Sale
537179,22699,ROSES REGENCY TEACUP AND SAUCER ,8,2010-12-05 13:29:00,2.95,13767.0,United Kingdom,23.6,Sale
565056,22841,ROUND CAKE TIN VINTAGE GREEN,2,2011-08-31 17:12:00,7.95,16278.0,United Kingdom,15.9,Sale
577020,21804,WHITE CHRISTMAS GARLAND STARS TREES,6,2011-11-17 12:32:00,3.75,17147.0,United Kingdom,22.5,Sale
581492,22650,CERAMIC PIRATE CHEST MONEY BANK,2,2011-12-09 10:03:00,3.29,,United Kingdom,6.58,Sale
565233,22607,WOODEN ROUNDERS GARDEN SET ,1,2011-09-02 09:34:00,8.29,,United Kingdom,8.29,Sale
537707,22988,SOLDIERS EGG CUP ,12,2010-12-08 10:53:00,1.25,14032.0,United Kingdom,15.0,Sale
549923,22569,FELTCRAFT CUSHION BUTTERFLY,4,2011-04-13 09:59:00,3.75,13138.0,United Kingdom,15.0,Sale
567454,22899,CHILDREN'S APRON DOLLY GIRL ,12,2011-09-20 12:12:00,2.1,15839.0,United Kingdom,25.200000000000003,Sale
562269,22558,CLOTHES PEGS RETROSPOT PACK 24 ,3,2011-08-03 16:35:00,1.65,14056.0,United Kingdom,4.949999999999999,Sale
555845,20760,GARDEN PATH POCKET BOOK,3,2011-06-07 13:19:00,0.85,17015.0,United Kingdom,2.55,Sale
575843,23353,6 GIFT TAGS VINTAGE CHRISTMAS ,2,2011-11-11 12:02:00,0.83,14446.0,United Kingdom,1.66,Sale
570701,22413,METAL SIGN TAKE IT OR LEAVE IT ,48,2011-10-12 09:35:00,2.55,16652.0,United Kingdom,122.4,Sale
544294,84755,COLOUR GLASS T-LIGHT HOLDER HANGING,16,2011-02-17 12:42:00,0.65,15601.0,United Kingdom,10.4,Sale
556484,22931,BAKING MOULD HEART WHITE CHOCOLATE,2,2011-06-12 13:17:00,2.55,16938.0,United Kingdom,5.1,Sale
558614,22610,PENS ASSORTED FUNNY FACE,68,2011-06-30 15:56:00,0.42,,United Kingdom,28.56,Sale
556237,82482,WOODEN PICTURE FRAME WHITE FINISH,2,2011-06-09 15:34:00,5.79,,United Kingdom,11.58,Sale
580311,22962,JAM JAR WITH PINK LID,12,2011-12-02 14:48:00,0.85,18245.0,United Kingdom,10.2,Sale
578702,21982,PACK OF 12 SUKI TISSUES ,24,2011-11-25 10:58:00,0.39,15382.0,United Kingdom,9.36,Sale
553721,23108,SET OF 10 LED DOLLY LIGHTS,12,2011-05-18 16:37:00,5.39,16570.0,United Kingdom,64.67999999999999,Sale
546431,47566B,TEA TIME PARTY BUNTING,4,2011-03-14 08:05:00,4.95,16954.0,United Kingdom,19.8,Sale
538071,22553,PLASTERS IN TIN SKULLS,2,2010-12-09 14:09:00,3.36,,United Kingdom,6.72,Sale
577951,21191,LARGE WHITE HONEYCOMB PAPER BELL  ,4,2011-11-22 12:09:00,2.1,17238.0,United Kingdom,8.4,Sale
538071,82494L,WOODEN FRAME ANTIQUE WHITE ,1,2010-12-09 14:09:00,7.62,,United Kingdom,7.62,Sale
554694,21003,ROSE DU SUD CUSHION COVER,2,2011-05-25 17:06:00,5.79,,United Kingdom,11.58,Sale
570718,22326,ROUND SNACK BOXES SET OF4 WOODLAND ,18,2011-10-12 10:36:00,2.95,12518.0,Germany,53.1,Sale
558835,21218,RED SPOTTY BISCUIT TIN,1,2011-07-04 11:58:00,8.29,,United Kingdom,8.29,Sale
560397,22668,PINK BABY BUNTING,5,2011-07-18 14:04:00,2.95,17652.0,United Kingdom,14.75,Sale
568517,22571,ROCKING HORSE RED CHRISTMAS ,1,2011-09-27 12:52:00,0.85,14456.0,United Kingdom,0.85,Sale
572103,22747,POPPY'S PLAYHOUSE BATHROOM,1,2011-10-20 15:57:00,2.1,17571.0,United Kingdom,2.1,Sale
577572,46000M,POLYESTER FILLER PAD 45x45cm,4,2011-11-20 15:48:00,1.55,17384.0,United Kingdom,6.2,Sale
556813,23131,MISTLETOE HEART WREATH CREAM,1,2011-06-14 17:28:00,4.15,,United Kingdom,4.15,Sale
541570,22328,ROUND SNACK BOXES SET OF 4 FRUITS ,192,2011-01-19 12:34:00,2.55,14646.0,Netherlands,489.6,Sale
568135,20719,WOODLAND CHARLOTTE BAG,1,2011-09-23 17:04:00,1.63,,United Kingdom,1.63,Sale
541274,22723,SET OF 6 HERB TINS SKETCHBOOK,4,2011-01-17 11:24:00,3.95,15696.0,United Kingdom,15.8,Sale
553180,22831,WHITE BROCANTE SOAP DISH,2,2011-05-15 11:35:00,2.95,16466.0,United Kingdom,5.9,Sale
538349,22571,ROCKING HORSE RED CHRISTMAS ,3,2010-12-10 14:59:00,1.66,,United Kingdom,4.98,Sale
580978,22728,ALARM CLOCK BAKELIKE PINK,50,2011-12-06 15:36:00,3.39,13078.0,United Kingdom,169.5,Sale
575737,21108,FAIRY CAKE FLANNEL ASSORTED COLOUR,36,2011-11-11 08:59:00,0.79,14789.0,United Kingdom,28.44,Sale
580632,84519B,CARROT CHARLIE+LOLA COASTER SET,2,2011-12-05 12:16:00,1.25,16360.0,United Kingdom,2.5,Sale
547382,21984,PACK OF 12 PINK PAISLEY TISSUES ,3,2011-03-22 15:31:00,0.29,15457.0,United Kingdom,0.8699999999999999,Sale
539650,21407,BROWN CHECK CAT DOORSTOP ,1,2010-12-20 16:11:00,4.25,,United Kingdom,4.25,Sale
555012,23300,GARDENERS KNEELING PAD CUP OF TEA ,5,2011-05-31 10:43:00,1.65,16814.0,United Kingdom,8.25,Sale
543470,21679,SKULLS  STICKERS,12,2011-02-08 14:58:00,0.85,16951.0,United Kingdom,10.2,Sale
562846,23207,LUNCH BAG ALPHABET DESIGN,1,2011-08-10 09:29:00,4.96,,United Kingdom,4.96,Sale
575073,20970,PINK FLORAL FELTCRAFT SHOULDER BAG,2,2011-11-08 13:10:00,3.75,13975.0,United Kingdom,7.5,Sale
579287,84970S,HANGING HEART ZINC T-LIGHT HOLDER,12,2011-11-29 10:58:00,0.85,13496.0,United Kingdom,10.2,Sale
550471,21626,VINTAGE UNION JACK PENNANT,3,2011-04-18 13:52:00,4.13,,United Kingdom,12.39,Sale
538208,20969,RED FLORAL FELTCRAFT SHOULDER BAG,1,2010-12-10 11:39:00,3.75,14037.0,United Kingdom,3.75,Sale
569220,21931,JUMBO STORAGE BAG SUKI,1,2011-10-02 13:26:00,2.08,16007.0,United Kingdom,2.08,Sale
560238,21671,RED SPOT CERAMIC DRAWER KNOB,12,2011-07-17 11:41:00,1.25,17725.0,United Kingdom,15.0,Sale
580676,84947,ANTIQUE SILVER TEA GLASS ENGRAVED,6,2011-12-05 14:39:00,1.25,17817.0,United Kingdom,7.5,Sale
567148,22734,SET OF 6 RIBBONS VINTAGE CHRISTMAS,48,2011-09-16 15:23:00,2.89,18225.0,United Kingdom,138.72,Sale
580771,22756,LARGE YELLOW BABUSHKA NOTEBOOK ,2,2011-12-06 10:58:00,0.39,16015.0,United Kingdom,0.78,Sale
575193,20615,BLUE POLKADOT PASSPORT COVER,20,2011-11-09 09:34:00,0.75,12681.0,France,15.0,Sale
580367,23334,IVORY WICKER HEART SMALL,4,2011-12-02 16:39:00,1.25,,United Kingdom,5.0,Sale
570427,21933,PINK VINTAGE PAISLEY PICNIC BAG,10,2011-10-10 13:56:00,1.65,17462.0,United Kingdom,16.5,Sale
551351,22804,CANDLEHOLDER PINK HANGING HEART,32,2011-04-28 10:20:00,2.55,14298.0,United Kingdom,81.6,Sale
566783,85099B,JUMBO BAG RED RETROSPOT,10,2011-09-15 10:18:00,2.08,13539.0,United Kingdom,20.8,Sale
574477,23330,DECORATIVE WICKER HEART MEDIUM,6,2011-11-04 12:21:00,1.25,15453.0,United Kingdom,7.5,Sale
543200,84988,SET OF 72 PINK HEART PAPER DOILIES,1,2011-02-04 13:03:00,3.75,,United Kingdom,3.75,Sale
579287,35970,ZINC FOLKART SLEIGH BELLS,12,2011-11-29 10:58:00,1.69,13496.0,United Kingdom,20.28,Sale
538149,48111,DOORMAT 3 SMILEY CATS,1,2010-12-09 16:27:00,14.43,,United Kingdom,14.43,Sale
559120,20725,LUNCH BAG RED RETROSPOT,3,2011-07-06 12:18:00,1.65,16393.0,United Kingdom,4.949999999999999,Sale
560434,21033,JUMBO BAG CHARLIE AND LOLA TOYS,22,2011-07-18 15:56:00,2.08,,United Kingdom,45.760000000000005,Sale
564643,22726,ALARM CLOCK BAKELIKE GREEN,4,2011-08-26 13:25:00,3.75,15356.0,United Kingdom,15.0,Sale
570231,21845,DAIRY MAID STRIPE MUG,6,2011-10-09 13:44:00,0.79,16685.0,United Kingdom,4.74,Sale
572565,84029E,RED WOOLLY HOTTIE WHITE HEART.,9,2011-10-25 10:17:00,4.25,16762.0,United Kingdom,38.25,Sale
561066,22333,RETROSPOT PARTY BAG + STICKER SET,4,2011-07-24 14:21:00,1.65,16710.0,United Kingdom,6.6,Sale
549741,22897,OVEN MITT APPLES DESIGN,10,2011-04-12 09:53:00,1.45,13655.0,United Kingdom,14.5,Sale
565847,22916,HERB MARKER THYME,1,2011-09-07 12:44:00,1.63,,United Kingdom,1.63,Sale
564752,20970,PINK FLORAL FELTCRAFT SHOULDER BAG,16,2011-08-30 10:07:00,3.75,16126.0,United Kingdom,60.0,Sale
571032,85150,LADIES & GENTLEMEN METAL SIGN,1,2011-10-13 12:38:00,2.55,13827.0,United Kingdom,2.55,Sale
556259,POST,POSTAGE,4,2011-06-09 17:53:00,18.0,12721.0,France,72.0,Sale
537254,20970,PINK FLORAL FELTCRAFT SHOULDER BAG,2,2010-12-06 11:01:00,3.75,15898.0,United Kingdom,7.5,Sale
545217,22352,LUNCH BOX WITH CUTLERY RETROSPOT ,1,2011-02-28 16:59:00,4.96,,United Kingdom,4.96,Sale
557324,23344,JUMBO BAG 50'S CHRISTMAS ,1,2011-06-20 09:41:00,4.13,,United Kingdom,4.13,Sale
544453,85169C,EAU DE NIL LOVE BIRD CANDLE,2,2011-02-20 13:06:00,1.25,17214.0,United Kingdom,2.5,Sale
547654,21930,JUMBO STORAGE BAG SKULLS,2,2011-03-24 12:32:00,1.95,14527.0,United Kingdom,3.9,Sale
573328,17003,BROCADE RING PURSE ,36,2011-10-30 11:09:00,0.39,16601.0,United Kingdom,14.04,Sale
567899,84950,ASSORTED COLOUR T-LIGHT HOLDER,12,2011-09-22 16:26:00,0.65,14911.0,EIRE,7.800000000000001,Sale
569216,22186,RED STAR CARD HOLDER,2,2011-10-02 12:41:00,1.95,15555.0,United Kingdom,3.9,Sale
564034,23310,BUBBLEGUM RING ASSORTED,36,2011-08-22 12:22:00,0.42,12935.0,United Kingdom,15.12,Sale
567193,82482,WOODEN PICTURE FRAME WHITE FINISH,12,2011-09-19 09:27:00,2.95,18094.0,United Kingdom,35.400000000000006,Sale
579508,22326,ROUND SNACK BOXES SET OF4 WOODLAND ,1,2011-11-29 16:33:00,5.79,,United Kingdom,5.79,Sale
538198,22565,FELTCRAFT HAIRBANDS PINK AND WHITE ,6,2010-12-10 11:01:00,0.85,17827.0,United Kingdom,5.1,Sale
578461,23046,PAPER LANTERN 9 POINT DELUXE STAR,2,2011-11-24 12:30:00,6.65,12748.0,United Kingdom,13.3,Sale
562417,21749,LARGE RED RETROSPOT WINDMILL,1,2011-08-04 16:32:00,4.13,,United Kingdom,4.13,Sale
572291,22599,CHRISTMAS MUSICAL ZINC STAR,6,2011-10-23 12:46:00,0.29,16931.0,United Kingdom,1.7399999999999998,Sale
548323,22750,FELTCRAFT PRINCESS LOLA DOLL,4,2011-03-30 13:00:00,3.75,15424.0,United Kingdom,15.0,Sale
575610,22866,HAND WARMER SCOTTY DOG DESIGN,12,2011-11-10 12:45:00,2.1,16628.0,United Kingdom,25.200000000000003,Sale
567096,23321,SMALL WHITE HEART OF WICKER,10,2011-09-16 13:13:00,1.65,15099.0,United Kingdom,16.5,Sale
544928,20914,SET/5 RED RETROSPOT LID GLASS BOWLS,1,2011-02-24 18:07:00,5.79,,United Kingdom,5.79,Sale
542586,22540,MINI JIGSAW CIRCUS PARADE ,24,2011-01-28 15:45:00,0.42,12377.0,Switzerland,10.08,Sale
552010,22456,NATURAL SLATE CHALKBOARD LARGE ,2,2011-05-05 17:26:00,4.95,14713.0,United Kingdom,9.9,Sale
576217,23190,BUNDLE OF 3 SCHOOL EXERCISE BOOKS  ,1,2011-11-14 12:56:00,1.65,17081.0,United Kingdom,1.65,Sale
568805,23203,JUMBO BAG VINTAGE DOILY ,10,2011-09-29 10:55:00,2.08,12826.0,United Kingdom,20.8,Sale
566033,84991,60 TEATIME FAIRY CAKE CASES,1,2011-09-08 13:07:00,0.55,16031.0,United Kingdom,0.55,Sale
540821,17012B,ORIGAMI JASMINE INCENSE/CANDLE SET,2,2011-01-11 13:16:00,2.51,,United Kingdom,5.02,Sale
572037,22975,SPACEBOY CHILDRENS EGG CUP,4,2011-10-20 12:07:00,1.25,17365.0,United Kingdom,5.0,Sale
542894,22776,SWEETHEART CAKESTAND 3 TIER,1,2011-02-01 13:45:00,9.95,12775.0,Netherlands,9.95,Sale
555876,84596B,SMALL DOLLY MIX DESIGN ORANGE BOWL,16,2011-06-07 15:28:00,0.42,15799.0,United Kingdom,6.72,Sale
555751,22487,WHITE WOOD GARDEN PLANT LADDER,4,2011-06-07 11:07:00,8.5,16462.0,United Kingdom,34.0,Sale
551010,22362,GLASS JAR PEACOCK BATH SALTS,1,2011-04-26 09:52:00,5.79,,United Kingdom,5.79,Sale
581439,22920,HERB MARKER BASIL,2,2011-12-08 16:30:00,1.63,,United Kingdom,3.26,Sale
580619,21917,SET 12 KIDS  WHITE CHALK STICKS,1,2011-12-05 12:08:00,0.42,15053.0,United Kingdom,0.42,Sale
564818,22219,LOVEBIRD HANGING DECORATION WHITE ,1,2011-08-30 12:10:00,1.63,,United Kingdom,1.63,Sale
568671,23177,TREASURE ISLAND BOOK BOX,8,2011-09-28 13:13:00,2.25,13139.0,United Kingdom,18.0,Sale
581414,21408,SPOTTY PINK DUCK DOORSTOP,1,2011-12-08 14:39:00,1.95,14730.0,United Kingdom,1.95,Sale
580536,23199,JUMBO BAG APPLES,20,2011-12-04 16:07:00,2.08,12490.0,France,41.6,Sale
552281,22776,SWEETHEART CAKESTAND 3 TIER,6,2011-05-08 12:42:00,9.95,15704.0,United Kingdom,59.7,Sale
574476,23330,DECORATIVE WICKER HEART MEDIUM,2,2011-11-04 12:20:00,1.25,17203.0,United Kingdom,2.5,Sale
565149,85019B,BLOSSOM  IMAGES NOTEBOOK SET,24,2011-09-01 14:13:00,1.25,14414.0,United Kingdom,30.0,Sale
550637,22722,SET OF 6 SPICE TINS PANTRY DESIGN,2,2011-04-19 15:39:00,3.95,14415.0,United Kingdom,7.9,Sale
567203,22555,PLASTERS IN TIN STRONGMAN,12,2011-09-19 10:42:00,1.65,16080.0,United Kingdom,19.8,Sale
560888,84660C,PINK STITCHED WALL CLOCK,20,2011-07-21 16:33:00,0.79,15380.0,United Kingdom,15.8,Sale
545690,22361,GLASS JAR DAISY FRESH COTTON WOOL,1,2011-03-06 12:46:00,2.95,13263.0,United Kingdom,2.95,Sale
554310,84913B,MINT GREEN ROSE TOWEL,2,2011-05-23 15:25:00,3.29,,United Kingdom,6.58,Sale
569943,85017B,ENVELOPE 50 BLOSSOM IMAGES,10,2011-10-06 18:08:00,0.42,14592.0,United Kingdom,4.2,Sale
539303,22970,LONDON BUS COFFEE MUG,36,2010-12-16 17:34:00,2.1,16684.0,United Kingdom,75.60000000000001,Sale
568877,20914,SET/5 RED RETROSPOT LID GLASS BOWLS,6,2011-09-29 12:31:00,2.95,14680.0,United Kingdom,17.700000000000003,Sale
569545,21934,SKULL SHOULDER BAG,3,2011-10-04 16:37:00,1.63,,United Kingdom,4.89,Sale
561388,22616,PACK OF 12 LONDON TISSUES ,96,2011-07-27 09:32:00,0.29,12753.0,Japan,27.84,Sale
549023,37447,CERAMIC CAKE DESIGN SPOTTED PLATE,1,2011-04-05 16:27:00,3.29,,United Kingdom,3.29,Sale
551724,22644,CERAMIC CHERRY CAKE MONEY BANK,4,2011-05-03 17:12:00,1.45,15976.0,United Kingdom,5.8,Sale
563213,23296,SET OF 6 TEA TIME BAKING CASES,4,2011-08-14 12:55:00,1.25,16115.0,United Kingdom,5.0,Sale
544337,22822,CREAM WALL PLANTER HEART SHAPED,2,2011-02-18 08:34:00,5.95,13425.0,United Kingdom,11.9,Sale
552962,23298,SPOTTY BUNTING,3,2011-05-12 12:56:00,4.95,14364.0,United Kingdom,14.85,Sale
581266,22739,RIBBON REEL CHRISTMAS SOCK BAUBLE,10,2011-12-08 11:25:00,1.65,12621.0,Germany,16.5,Sale
576841,23252,VINTAGE RED ENAMEL TRIM JUG ,1,2011-11-16 15:26:00,3.75,17368.0,United Kingdom,3.75,Sale
543293,21894,POTTING SHED SEED ENVELOPES,12,2011-02-07 11:20:00,1.25,17613.0,United Kingdom,15.0,Sale
557633,21524,DOORMAT SPOTTY HOME SWEET HOME,2,2011-06-21 15:13:00,7.95,13750.0,United Kingdom,15.9,Sale
569236,22093,MOTORING TISSUE BOX,4,2011-10-02 15:49:00,0.39,14432.0,United Kingdom,1.56,Sale
559816,84828,JUNGLE POPSICLES ICE LOLLY MOULDS,1,2011-07-12 16:11:00,1.25,,United Kingdom,1.25,Sale
568949,20728,LUNCH BAG CARS BLUE,1,2011-09-29 15:13:00,4.13,,United Kingdom,4.13,Sale
561719,21080,SET/20 RED RETROSPOT PAPER NAPKINS ,96,2011-07-29 12:09:00,0.72,17519.0,United Kingdom,69.12,Sale
572182,22620,4 TRADITIONAL SPINNING TOPS,12,2011-10-21 10:32:00,1.45,13588.0,United Kingdom,17.4,Sale
568663,23225,CHERUB HEART DECORATION SILVER ,24,2011-09-28 12:46:00,0.83,14440.0,United Kingdom,19.92,Sale
537434,22378,WALL TIDY RETROSPOT ,1,2010-12-06 16:57:00,4.21,,United Kingdom,4.21,Sale
541695,21775,DECORATIVE FLORE BATHROOM BOTTLE,9,2011-01-20 18:01:00,1.25,,United Kingdom,11.25,Sale
548796,82600,NO SINGING METAL SIGN,2,2011-04-04 12:42:00,2.1,15752.0,United Kingdom,4.2,Sale
539595,48184,DOORMAT ENGLISH ROSE ,1,2010-12-20 13:43:00,14.43,,United Kingdom,14.43,Sale
561648,22510,GINGHAM BABUSHKA DOORSTOP,5,2011-07-28 15:21:00,3.75,15746.0,United Kingdom,18.75,Sale
566290,85062,PEARL CRYSTAL PUMPKIN T-LIGHT HLDR,6,2011-09-11 15:24:00,1.65,14456.0,United Kingdom,9.9,Sale
566213,21889,WOODEN BOX OF DOMINOES,12,2011-09-09 15:09:00,1.25,14895.0,United Kingdom,15.0,Sale
543989,21880,RED RETROSPOT TAPE,72,2011-02-15 09:52:00,0.65,12415.0,Australia,46.8,Sale
571682,22734,SET OF 6 RIBBONS VINTAGE CHRISTMAS,1,2011-10-18 14:00:00,2.89,14179.0,United Kingdom,2.89,Sale
541827,21731,RED TOADSTOOL LED NIGHT LIGHT,1,2011-01-21 17:05:00,3.29,,United Kingdom,3.29,Sale
578326,22585,PACK OF 6 BIRDY GIFT TAGS,7,2011-11-23 17:45:00,1.25,16343.0,United Kingdom,8.75,Sale
571065,22328,ROUND SNACK BOXES SET OF 4 FRUITS ,12,2011-10-13 14:59:00,2.95,12613.0,Germany,35.400000000000006,Sale
541238,22837,HOT WATER BOTTLE BABUSHKA ,2,2011-01-16 10:42:00,4.65,16746.0,United Kingdom,9.3,Sale
546388,84380,SET OF 3 BUTTERFLY COOKIE CUTTERS,5,2011-03-11 13:42:00,3.29,,United Kingdom,16.45,Sale
580070,22077,6 RIBBONS RUSTIC CHARM,12,2011-12-01 13:47:00,1.95,12919.0,United Kingdom,23.4,Sale
576617,21025,SPACE FROG,2,2011-11-15 16:57:00,2.46,,United Kingdom,4.92,Sale
576910,22365,DOORMAT RESPECTABLE HOUSE,10,2011-11-17 09:51:00,7.08,12477.0,Germany,70.8,Sale
561534,21754,HOME BUILDING BLOCK WORD,3,2011-07-28 09:45:00,5.95,14307.0,United Kingdom,17.85,Sale
577768,22817,CARD SUKI BIRTHDAY,2,2011-11-21 15:18:00,0.42,,United Kingdom,0.84,Sale
559490,DOT,DOTCOM POSTAGE,1,2011-07-08 13:53:00,3.29,,United Kingdom,3.29,Sale
547947,85099B,JUMBO BAG RED RETROSPOT,100,2011-03-28 15:03:00,1.65,15032.0,United Kingdom,165.0,Sale
574720,85152,HAND OVER THE CHOCOLATE   SIGN ,1,2011-11-06 14:39:00,2.1,14547.0,United Kingdom,2.1,Sale
580062,22785,SQUARECUSHION COVER PINK UNION JACK,1,2011-12-01 13:28:00,6.75,15862.0,United Kingdom,6.75,Sale
548493,21340,CLASSIC METAL BIRDCAGE PLANT HOLDER,16,2011-03-31 13:14:00,9.95,16839.0,United Kingdom,159.2,Sale
557846,20992,JAZZ HEARTS PURSE NOTEBOOK,1,2011-06-23 10:44:00,0.39,17365.0,United Kingdom,0.39,Sale
540476,46000P,POLYESTER FILLER PAD 65CMx65CM,1,2011-01-07 14:44:00,4.25,,United Kingdom,4.25,Sale
560305,21466,RED FLOWER CROCHET FOOD COVER,1,2011-07-18 10:49:00,3.75,16511.0,United Kingdom,3.75,Sale
569840,22554,PLASTERS IN TIN WOODLAND ANIMALS,12,2011-10-06 13:26:00,1.65,17428.0,United Kingdom,19.8,Sale
569246,21975,PACK OF 60 DINOSAUR CAKE CASES,1,2011-10-03 09:57:00,1.25,14096.0,United Kingdom,1.25,Sale
541684,22795,SWEETHEART RECIPE BOOK STAND,4,2011-01-20 15:22:00,6.75,15498.0,United Kingdom,27.0,Sale
568327,23190,BUNDLE OF 3 SCHOOL EXERCISE BOOKS  ,12,2011-09-26 14:02:00,1.65,15492.0,United Kingdom,19.8,Sale
554326,21907,I'M ON HOLIDAY METAL SIGN,2,2011-05-23 16:32:00,2.1,13737.0,United Kingdom,4.2,Sale
565084,23309,SET OF 60 I LOVE LONDON CAKE CASES ,120,2011-09-01 09:39:00,0.42,17306.0,United Kingdom,50.4,Sale
566602,22378,WALL TIDY RETROSPOT ,1,2011-09-13 16:05:00,4.13,,United Kingdom,4.13,Sale
537332,72760B,VINTAGE CREAM 3 BASKET CAKE STAND,2,2010-12-06 11:58:00,9.95,14344.0,United Kingdom,19.9,Sale
578541,22567,20 DOLLY PEGS RETROSPOT,5,2011-11-24 15:01:00,1.45,14277.0,France,7.25,Sale
554126,23284,DOORMAT KEEP CALM AND COME IN,2,2011-05-23 09:14:00,7.95,12431.0,Australia,15.9,Sale
540026,21447,12 IVORY ROSE PEG PLACE SETTINGS,1,2011-01-04 13:25:00,2.51,,United Kingdom,2.51,Sale
545338,22269,EGG CUP NATURAL CHICKEN,8,2011-03-01 17:32:00,1.25,17449.0,United Kingdom,10.0,Sale
576329,22866,HAND WARMER SCOTTY DOG DESIGN,1,2011-11-14 15:22:00,4.13,,United Kingdom,4.13,Sale
558240,22171,3 HOOK PHOTO SHELF ANTIQUE WHITE,1,2011-06-27 15:27:00,16.63,,United Kingdom,16.63,Sale
550514,22331,WOODLAND PARTY BAG + STICKER SET,16,2011-04-18 16:49:00,1.65,14631.0,United Kingdom,26.4,Sale
547222,72760B,VINTAGE CREAM 3 BASKET CAKE STAND,2,2011-03-21 15:07:00,9.95,18008.0,United Kingdom,19.9,Sale
550996,22616,PACK OF 12 LONDON TISSUES ,96,2011-04-26 08:57:00,0.29,16681.0,United Kingdom,27.84,Sale
578103,23087,ZINC  HEART T-LIGHT HOLDER,16,2011-11-23 08:42:00,1.25,17554.0,United Kingdom,20.0,Sale
547656,22999,TRAVEL CARD WALLET RETRO PETALS,2,2011-03-24 12:53:00,0.42,13263.0,United Kingdom,0.84,Sale
567631,23426,METAL SIGN DROP YOUR PANTS,6,2011-09-21 13:33:00,2.89,13350.0,United Kingdom,17.34,Sale
538877,22737,RIBBON REEL CHRISTMAS PRESENT ,8,2010-12-14 15:29:00,4.21,,United Kingdom,33.68,Sale
562264,20903,VINTAGE KEEPSAKE BOX TRAVELOGUE,1,2011-08-03 16:14:00,4.13,,United Kingdom,4.13,Sale
550796,22963,JAM JAR WITH GREEN LID,2,2011-04-20 14:38:00,0.85,17211.0,United Kingdom,1.7,Sale
553768,21411,GINGHAM HEART  DOORSTOP RED,1,2011-05-19 10:47:00,8.29,,United Kingdom,8.29,Sale
542057,20725,LUNCH BAG RED RETROSPOT,2,2011-01-25 11:57:00,1.65,15967.0,United Kingdom,3.3,Sale
545315,22212,FOUR HOOK  WHITE LOVEBIRDS,1,2011-03-01 14:14:00,4.13,,United Kingdom,4.13,Sale
577058,23497,CLASSIC CHROME BICYCLE BELL ,1,2011-11-17 14:29:00,1.45,18122.0,United Kingdom,1.45,Sale
571747,20705,MRS ROBOT SOFT TOY,2,2011-10-19 10:59:00,6.95,13849.0,United Kingdom,13.9,Sale
561715,22197,POPCORN HOLDER,24,2011-07-29 12:03:00,0.85,13102.0,United Kingdom,20.4,Sale
573906,23581,JUMBO BAG PAISLEY PARK,10,2011-11-01 15:12:00,2.08,16458.0,United Kingdom,20.8,Sale
572484,84992,72 SWEETHEART FAIRY CAKE CASES,3,2011-10-24 13:50:00,0.55,17220.0,United Kingdom,1.65,Sale
569673,23518,EMBROIDERED RIBBON REEL RACHEL ,1,2011-10-05 13:58:00,2.89,17222.0,United Kingdom,2.89,Sale
550662,47590A,BLUE HAPPY BIRTHDAY BUNTING,3,2011-04-20 09:29:00,5.45,15078.0,United Kingdom,16.35,Sale
564483,21288,STRIPEY CHOCOLATE NESTING BOXES,6,2011-08-25 13:46:00,2.95,14050.0,United Kingdom,17.700000000000003,Sale
560105,23282,FOLDING BUTTERFLY MIRROR IVORY ,2,2011-07-14 19:23:00,0.83,16794.0,United Kingdom,1.66,Sale
558056,21389,IVORY HANGING DECORATION  BIRD,12,2011-06-24 14:54:00,0.85,15186.0,United Kingdom,10.2,Sale
563288,23291,DOLLY GIRL CHILDRENS CUP,16,2011-08-15 12:53:00,1.25,12656.0,France,20.0,Sale
553725,22969,HOMEMADE JAM SCENTED CANDLES,12,2011-05-18 16:51:00,1.45,17047.0,United Kingdom,17.4,Sale
574559,23240,SET OF 4 KNICK KNACK TINS DOILY ,1,2011-11-04 15:50:00,4.15,14056.0,United Kingdom,4.15,Sale
557324,85032C,CURIOUS IMAGES GIFT WRAP SET,1,2011-06-20 09:41:00,1.63,,United Kingdom,1.63,Sale
569727,23427,STOOL HOME SWEET HOME ,1,2011-10-06 09:37:00,12.5,12500.0,Germany,12.5,Sale
554511,22027,TEA PARTY BIRTHDAY CARD,1,2011-05-24 15:52:00,0.83,,United Kingdom,0.83,Sale
573585,22429,ENAMEL MEASURING JUG CREAM,1,2011-10-31 14:41:00,8.29,,United Kingdom,8.29,Sale
538641,21929,JUMBO BAG PINK VINTAGE PAISLEY,20,2010-12-13 14:36:00,1.95,15640.0,United Kingdom,39.0,Sale
576860,20756,GREEN FERN POCKET BOOK,3,2011-11-16 15:58:00,0.85,17602.0,United Kingdom,2.55,Sale
550161,22796,PHOTO FRAME 3 CLASSIC HANGING,2,2011-04-14 15:58:00,9.95,14154.0,United Kingdom,19.9,Sale
581467,23357,HOT WATER BOTTLE SEX BOMB,4,2011-12-08 19:24:00,1.65,13077.0,United Kingdom,6.6,Sale
569651,23314,VINTAGE CHRISTMAS TABLECLOTH,4,2011-10-05 12:49:00,12.5,14534.0,United Kingdom,50.0,Sale
553343,21922,UNION STRIPE WITH FRINGE  HAMMOCK,2,2011-05-16 12:35:00,7.95,16642.0,United Kingdom,15.9,Sale
579470,23560,SET OF 6 RIBBONS COUNTRY STYLE,2,2011-11-29 15:06:00,2.89,16549.0,United Kingdom,5.78,Sale
559318,10135,COLOURING PENCILS BROWN TUBE,6,2011-07-07 14:08:00,1.25,18013.0,United Kingdom,7.5,Sale
564135,22197,POPCORN HOLDER,25,2011-08-23 11:12:00,0.85,16550.0,United Kingdom,21.25,Sale
578833,20711,JUMBO BAG TOYS ,5,2011-11-25 15:23:00,4.13,,United Kingdom,20.65,Sale
552232,47593B,SCOTTIE DOGS BABY BIB,2,2011-05-06 15:54:00,0.83,,United Kingdom,1.66,Sale
538177,21912,VINTAGE SNAKES & LADDERS,1,2010-12-10 09:51:00,7.62,,United Kingdom,7.62,Sale
581439,22818,CARD CHRISTMAS VILLAGE,10,2011-12-08 16:30:00,0.42,,United Kingdom,4.2,Sale
542389,21877,HOME SWEET HOME MUG,12,2011-01-27 14:46:00,1.25,12868.0,United Kingdom,15.0,Sale
568065,23078,ICE CREAM PEN LIP GLOSS ,24,2011-09-23 13:44:00,1.25,16240.0,United Kingdom,30.0,Sale
566734,23322,LARGE WHITE HEART OF WICKER,1,2011-09-14 14:09:00,2.95,16910.0,United Kingdom,2.95,Sale
551687,21213,PACK OF 72 SKULL CAKE CASES,120,2011-05-03 13:22:00,0.42,14135.0,United Kingdom,50.4,Sale
561502,23092,LARGE ANTIQUE WHITE PHOTO FRAME,2,2011-07-27 14:14:00,7.9,14305.0,United Kingdom,15.8,Sale
539595,20956,PORCELAIN T-LIGHT HOLDERS ASSORTED,1,2010-12-20 13:43:00,2.51,,United Kingdom,2.51,Sale
550953,85123A,WHITE HANGING HEART T-LIGHT HOLDER,5,2011-04-21 16:17:00,5.79,,United Kingdom,28.95,Sale
565230,22423,REGENCY CAKESTAND 3 TIER,6,2011-09-02 09:24:00,12.75,16705.0,United Kingdom,76.5,Sale
560772,21622,VINTAGE UNION JACK CUSHION COVER,1,2011-07-20 16:12:00,13.29,,United Kingdom,13.29,Sale
577782,21169,YOU'RE CONFUSING ME METAL SIGN ,2,2011-11-21 16:17:00,1.69,16549.0,United Kingdom,3.38,Sale
567878,22077,6 RIBBONS RUSTIC CHARM,1,2011-09-22 14:42:00,1.95,16910.0,United Kingdom,1.95,Sale
568527,22706,WRAP COWBOYS  ,25,2011-09-27 13:21:00,0.42,13178.0,United Kingdom,10.5,Sale
574721,23373,VINTAGE CHRISTMAS PAPER GIFT BAG,4,2011-11-06 14:43:00,0.82,17920.0,United Kingdom,3.28,Sale
573359,22998,TRAVEL CARD WALLET KEEP CALM,5,2011-10-30 12:48:00,0.42,14178.0,United Kingdom,2.1,Sale
570871,85176,SEWING SUSAN 21 NEEDLE SET,2,2011-10-12 16:36:00,1.63,,United Kingdom,3.26,Sale
563448,22152,PLACE SETTING WHITE STAR,24,2011-08-16 14:28:00,0.42,15220.0,United Kingdom,10.08,Sale
581498,21558,SKULL LUNCH BOX WITH CUTLERY ,1,2011-12-09 10:26:00,4.96,,United Kingdom,4.96,Sale
569653,21039,RED RETROSPOT SHOPPING BAG,12,2011-10-05 12:52:00,2.55,12451.0,Switzerland,30.6,Sale
540506,22357,KINGS CHOICE BISCUIT TIN,1,2011-01-09 11:12:00,4.25,17796.0,United Kingdom,4.25,Sale
545859,21497,FANCY FONTS BIRTHDAY WRAP,25,2011-03-07 14:10:00,0.42,15498.0,United Kingdom,10.5,Sale
548710,22902,TOTE BAG I LOVE LONDON,12,2011-04-03 13:24:00,2.1,16678.0,United Kingdom,25.200000000000003,Sale
553574,84828,JUNGLE POPSICLES ICE LOLLY MOULDS,12,2011-05-18 09:59:00,1.25,16422.0,United Kingdom,15.0,Sale
543200,84510a,SET OF 4 ENGLISH ROSE COASTERS,1,2011-02-04 13:03:00,2.46,,United Kingdom,2.46,Sale
559912,22294,HEART FILIGREE DOVE  SMALL,24,2011-07-13 15:04:00,1.25,14221.0,United Kingdom,30.0,Sale
566304,23344,JUMBO BAG 50'S CHRISTMAS ,10,2011-09-12 09:03:00,2.08,18158.0,United Kingdom,20.8,Sale
545592,22931,BAKING MOULD HEART WHITE CHOCOLATE,6,2011-03-04 10:30:00,2.55,17581.0,United Kingdom,15.3,Sale
559256,35971,ROSE FOLKART HEART DECORATIONS,24,2011-07-07 12:10:00,1.25,15249.0,United Kingdom,30.0,Sale
570011,23415,HOME SWEET HOME HOOK,12,2011-10-07 09:44:00,1.65,16477.0,United Kingdom,19.8,Sale
567673,22161,HEART DECORATION RUSTIC HANGING ,5,2011-09-21 15:43:00,0.79,,United Kingdom,3.95,Sale
547367,21106,CREAM SLICE FLANNEL CHOCOLATE SPOT ,2,2011-03-22 13:11:00,2.95,15437.0,United Kingdom,5.9,Sale
578344,22358,KINGS CHOICE TEA CADDY ,1,2011-11-24 09:21:00,5.79,,United Kingdom,5.79,Sale
544788,22040,BOTANICAL ROSE GIFT WRAP,25,2011-02-23 12:18:00,0.42,13089.0,United Kingdom,10.5,Sale
549155,84459A,PINK METAL CHICKEN HEART ,1,2011-04-06 17:08:00,3.29,,United Kingdom,3.29,Sale
566451,72351B,SET/6 PINK  BUTTERFLY T-LIGHTS,1,2011-09-12 16:14:00,2.1,18069.0,United Kingdom,2.1,Sale
538255,22411,JUMBO SHOPPER VINTAGE RED PAISLEY,20,2010-12-10 12:33:00,1.95,14911.0,EIRE,39.0,Sale
564656,21485,RETROSPOT HEART HOT WATER BOTTLE,3,2011-08-26 14:40:00,4.95,14141.0,United Kingdom,14.85,Sale
571441,21677,HEARTS  STICKERS,3,2011-10-17 13:31:00,1.63,14096.0,United Kingdom,4.89,Sale
546215,21931,JUMBO STORAGE BAG SUKI,2,2011-03-10 11:52:00,1.95,14713.0,United Kingdom,3.9,Sale
564712,23318,BOX OF 6 MINI VINTAGE CRACKERS,6,2011-08-28 10:40:00,2.49,15611.0,United Kingdom,14.94,Sale
578265,22621,TRADITIONAL KNITTING NANCY,12,2011-11-23 13:28:00,1.65,13018.0,United Kingdom,19.8,Sale
569216,23005,TRAVEL CARD WALLET I LOVE LONDON,5,2011-10-02 12:41:00,0.42,15555.0,United Kingdom,2.1,Sale
577046,22624,IVORY KITCHEN SCALES,4,2011-11-17 13:46:00,8.5,12449.0,Belgium,34.0,Sale
561039,21916,SET 12 RETRO WHITE CHALK STICKS,24,2011-07-24 12:02:00,0.42,16525.0,United Kingdom,10.08,Sale
543806,21174,POTTERING IN THE SHED METAL SIGN,2,2011-02-13 12:48:00,2.08,17085.0,United Kingdom,4.16,Sale
557231,48187,DOORMAT NEW ENGLAND,1,2011-06-17 14:09:00,12.46,,United Kingdom,12.46,Sale
554355,84378,SET OF 3 HEART COOKIE CUTTERS,12,2011-05-24 09:20:00,1.25,16992.0,United Kingdom,15.0,Sale
547412,22547,MINI JIGSAW DINOSAUR ,24,2011-03-23 09:42:00,0.42,12399.0,Belgium,10.08,Sale
551351,21811,HANGING HEART WITH BELL,24,2011-04-28 10:20:00,1.06,14298.0,United Kingdom,25.44,Sale
553204,23302,KNEELING MAT HOUSEWORK  DESIGN,1,2011-05-15 16:13:00,1.65,16877.0,United Kingdom,1.65,Sale
545235,84828,JUNGLE POPSICLES ICE LOLLY HOLDERS,12,2011-03-01 10:31:00,1.25,12683.0,France,15.0,Sale
539958,90101,WHITE FRANGIPANI NECKLACE,1,2010-12-23 13:26:00,2.54,,United Kingdom,2.54,Sale
557502,79321,CHILLI LIGHTS,1,2011-06-20 15:32:00,12.46,,United Kingdom,12.46,Sale
563502,21813,GARLAND WITH STARS AND BELLS,12,2011-08-17 08:50:00,4.95,12722.0,France,59.400000000000006,Sale
563093,20664,TROPICAL HOLIDAY PURSE ,1,2011-08-11 17:28:00,2.46,,United Kingdom,2.46,Sale
571183,15056BL,EDWARDIAN PARASOL BLACK,7,2011-10-14 11:08:00,5.95,14796.0,United Kingdom,41.65,Sale
579508,85014A,BLACK/BLUE POLKADOT UMBRELLA,1,2011-11-29 16:33:00,12.46,,United Kingdom,12.46,Sale
555510,22083,PAPER CHAIN KIT RETROSPOT,2,2011-06-03 17:09:00,3.29,,United Kingdom,6.58,Sale
576688,22572,ROCKING HORSE GREEN CHRISTMAS ,12,2011-11-16 12:16:00,0.85,16717.0,United Kingdom,10.2,Sale
565232,22792,FLUTED ANTIQUE CANDLE HOLDER,17,2011-09-02 09:30:00,1.63,,United Kingdom,27.71,Sale
571061,21874,GIN AND TONIC MUG,1,2011-10-13 14:33:00,3.29,,United Kingdom,3.29,Sale
575845,20724,RED RETROSPOT CHARLOTTE BAG,30,2011-11-11 12:07:00,0.85,12598.0,France,25.5,Sale
542344,21165,BEWARE OF THE CAT METAL SIGN ,1,2011-01-27 11:30:00,4.13,,United Kingdom,4.13,Sale
541008,22697,GREEN REGENCY TEACUP AND SAUCER,8,2011-01-13 10:48:00,2.95,17848.0,United Kingdom,23.6,Sale
536876,21801,CHRISTMAS TREE DECORATION WITH BELL,8,2010-12-03 11:36:00,0.43,,United Kingdom,3.44,Sale
577701,23238,SET OF 4 KNICK KNACK TINS LONDON ,2,2011-11-21 12:11:00,4.15,13673.0,United Kingdom,8.3,Sale
560635,23212,HEART WREATH DECORATION WITH BELL,12,2011-07-20 10:51:00,1.25,12521.0,Germany,15.0,Sale
566400,23263,SET OF 3 WOODEN HEART DECORATIONS,12,2011-09-12 13:16:00,1.25,17139.0,United Kingdom,15.0,Sale
570688,82613C,"METAL SIGN,CUPCAKE SINGLE HOOK",1,2011-10-11 16:29:00,2.46,,United Kingdom,2.46,Sale
559862,23240,SET OF 4 KNICK KNACK TINS DOILEY ,6,2011-07-13 10:30:00,4.15,12782.0,Portugal,24.9,Sale
541695,22453,MEASURING TAPE BABUSHKA BLUE,1,2011-01-20 18:01:00,1.63,,United Kingdom,1.63,Sale
580160,22400,MAGNETS PACK OF 4 HOME SWEET HOME,12,2011-12-02 10:47:00,0.39,12700.0,France,4.68,Sale
538849,21429,RED GINGHAM ROSE JEWELLERY BOX,1,2010-12-14 13:31:00,1.65,14415.0,United Kingdom,1.65,Sale
573543,85123A,WHITE HANGING HEART T-LIGHT HOLDER,2,2011-10-31 13:05:00,2.95,17777.0,United Kingdom,5.9,Sale
578521,22500,SET OF 2 TINS JARDIN DE PROVENCE,1,2011-11-24 14:06:00,4.95,17812.0,United Kingdom,4.95,Sale
569695,22187,GREEN CHRISTMAS TREE CARD HOLDER,60,2011-10-05 15:35:00,1.95,16843.0,United Kingdom,117.0,Sale
565150,23358,HOT STUFF HOT WATER BOTTLE,24,2011-09-01 14:26:00,3.29,14298.0,United Kingdom,78.96000000000001,Sale
553006,23206,LUNCH BAG APPLE DESIGN,10,2011-05-12 16:45:00,1.65,15544.0,United Kingdom,16.5,Sale
551173,22773,GREEN DRAWER KNOB ACRYLIC EDWARDIAN,4,2011-04-26 16:54:00,2.46,,United Kingdom,9.84,Sale
568190,23079,TOADSTOOL BEDSIDE LIGHT ,2,2011-09-25 14:36:00,8.95,16342.0,United Kingdom,17.9,Sale
572461,21326,AGED GLASS SILVER T-LIGHT HOLDER,12,2011-10-24 12:56:00,0.65,17344.0,United Kingdom,7.800000000000001,Sale
571189,22178,VICTORIAN GLASS HANGING T-LIGHT,6,2011-10-14 11:42:00,1.95,13213.0,United Kingdom,11.7,Sale
546984,22273,FELTCRAFT DOLL MOLLY,1,2011-03-18 12:35:00,2.95,15019.0,United Kingdom,2.95,Sale
580504,84879,ASSORTED COLOUR BIRD ORNAMENT,2,2011-12-04 13:32:00,1.69,17936.0,United Kingdom,3.38,Sale
536982,22812,PACK 3 BOXES CHRISTMAS PANNETONE,9,2010-12-03 14:27:00,5.06,,United Kingdom,45.54,Sale
580366,23393,HOME SWEET HOME CUSHION COVER ,2,2011-12-02 16:38:00,3.75,,United Kingdom,7.5,Sale
543909,22523,CHILDS GARDEN FORK PINK,1,2011-02-14 12:32:00,1.63,,United Kingdom,1.63,Sale
544812,22558,CLOTHES PEGS RETROSPOT PACK 24 ,1,2011-02-23 15:58:00,2.46,,United Kingdom,2.46,Sale
577497,20971,PINK BLUE FELT CRAFT TRINKET BOX,4,2011-11-20 12:22:00,1.25,17555.0,United Kingdom,5.0,Sale
552643,23284,DOORMAT KEEP CALM AND COME IN,1,2011-05-10 13:24:00,7.95,16791.0,United Kingdom,7.95,Sale
541996,21916,SET 12 RETRO WHITE CHALK STICKS,24,2011-01-25 10:20:00,0.42,18075.0,United Kingdom,10.08,Sale
554512,21231,SWEETHEART CERAMIC TRINKET BOX,1,2011-05-24 15:54:00,2.46,,United Kingdom,2.46,Sale
580997,21174,POTTERING IN THE SHED METAL SIGN,2,2011-12-06 17:23:00,2.08,15023.0,United Kingdom,4.16,Sale
581405,22942,CHRISTMAS LIGHTS 10 SANTAS ,1,2011-12-08 13:50:00,2.95,13521.0,United Kingdom,2.95,Sale
563163,22811,SET OF 6 T-LIGHTS CACTI ,96,2011-08-12 12:16:00,2.55,16013.0,United Kingdom,244.8,Sale
580307,23530,WALL ART ONLY ONE PERSON ,1,2011-12-02 14:30:00,4.95,12970.0,United Kingdom,4.95,Sale
564534,22993,SET OF 4 PANTRY JELLY MOULDS,1,2011-08-25 15:09:00,1.25,12748.0,United Kingdom,1.25,Sale
567668,21207,SKULL AND CROSSBONES  GARLAND ,1,2011-09-21 15:29:00,1.63,,United Kingdom,1.63,Sale
573584,22423,REGENCY CAKESTAND 3 TIER,8,2011-10-31 14:36:00,12.75,16705.0,United Kingdom,102.0,Sale
570467,22090,PAPER BUNTING RETROSPOT,6,2011-10-10 16:06:00,2.95,12607.0,USA,17.700000000000003,Sale
576923,23391, I LOVE LONDON MINI BACKPACK,40,2011-11-17 10:52:00,4.15,12753.0,Japan,166.0,Sale
547386,90096,NECKLACE+BRACELET SET BLUE BLOSSOM,1,2011-03-22 15:52:00,2.46,,United Kingdom,2.46,Sale
559052,21382,SET/4 SPRING FLOWER DECORATION,3,2011-07-05 16:53:00,1.63,,United Kingdom,4.89,Sale
546896,20616,CHERRY BLOSSOM PASSPORT COVER,1,2011-03-17 18:24:00,1.63,,United Kingdom,1.63,Sale
564489,20728,LUNCH BAG CARS BLUE,10,2011-08-25 14:13:00,1.65,15950.0,United Kingdom,16.5,Sale
567878,20754,RETROSPOT RED WASHING UP GLOVES,1,2011-09-22 14:42:00,2.1,16910.0,United Kingdom,2.1,Sale
559038,21484,CHICK GREY HOT WATER BOTTLE,2,2011-07-05 15:31:00,8.29,,United Kingdom,16.58,Sale
574690,21428,SET3 BOOK BOX GREEN GINGHAM FLOWER ,4,2011-11-06 13:11:00,4.25,12638.0,Sweden,17.0,Sale
570479,22144,CHRISTMAS CRAFT LITTLE FRIENDS,3,2011-10-10 16:58:00,2.1,17589.0,United Kingdom,6.300000000000001,Sale
579689,22410,MONEY BOX HOUSEKEEPING DESIGN,2,2011-11-30 14:00:00,1.25,14606.0,United Kingdom,2.5,Sale
566571,22114,HOT WATER BOTTLE TEA AND SYMPATHY,4,2011-09-13 12:49:00,4.25,17037.0,United Kingdom,17.0,Sale
559923,22231,JIGSAW TREE WITH BIRDHOUSE,1,2011-07-13 16:07:00,1.25,,United Kingdom,1.25,Sale
559338,22813,PACK 3 BOXES BIRD PANNETONE ,1,2011-07-07 16:30:00,4.13,,United Kingdom,4.13,Sale
569700,21829,DINOSAUR KEYRINGS ASSORTED,2,2011-10-05 15:56:00,0.42,,United Kingdom,0.84,Sale
577106,23368,SET 12 COLOUR PENCILS DOLLY GIRL ,1,2011-11-17 17:18:00,0.65,14456.0,United Kingdom,0.65,Sale
552321,22993,SET OF 4 PANTRY JELLY MOULDS,12,2011-05-09 09:15:00,1.25,17049.0,United Kingdom,15.0,Sale
545894,84789,ENCHANTED BIRD PLANT CAGE,1,2011-03-07 17:04:00,3.75,16242.0,United Kingdom,3.75,Sale
572307,22457,NATURAL SLATE HEART CHALKBOARD ,5,2011-10-23 15:23:00,2.95,16905.0,United Kingdom,14.75,Sale
547358,21121,SET/10 RED POLKADOT PARTY CANDLES,7,2011-03-22 12:25:00,1.25,15998.0,United Kingdom,8.75,Sale
555930,20728,LUNCH BAG CARS BLUE,10,2011-06-08 08:26:00,1.65,14745.0,United Kingdom,16.5,Sale
559676,21175,GIN + TONIC DIET METAL SIGN,12,2011-07-11 14:40:00,2.55,17340.0,United Kingdom,30.6,Sale
539958,85131B,BEADED CRYSTAL HEART GREEN ON STICK,8,2010-12-23 13:26:00,0.85,,United Kingdom,6.8,Sale
558906,23154,SET OF 4 JAM JAR MAGNETS,3,2011-07-04 16:35:00,2.08,15555.0,United Kingdom,6.24,Sale
555572,22471,TV DINNER TRAY AIR HOSTESS ,3,2011-06-05 15:37:00,4.95,12449.0,Belgium,14.85,Sale
575607,22922,FRIDGE MAGNETS US DINER ASSORTED,6,2011-11-10 12:37:00,1.8,14096.0,United Kingdom,10.8,Sale
539747,72741,GRAND CHOCOLATECANDLE,3,2010-12-21 15:23:00,2.82,,United Kingdom,8.459999999999999,Sale
574532,22379,RECYCLING BAG RETROSPOT ,5,2011-11-04 14:19:00,2.1,15676.0,United Kingdom,10.5,Sale
565917,22659,LUNCH BOX I LOVE LONDON,1,2011-09-07 16:15:00,4.13,,United Kingdom,4.13,Sale
556043,20750,RED RETROSPOT MINI CASES,12,2011-06-08 12:49:00,6.35,14078.0,United Kingdom,76.19999999999999,Sale
574076,23328,SET 6 SCHOOL MILK BOTTLES IN CRATE,12,2011-11-02 15:38:00,7.46,,United Kingdom,89.52,Sale
559907,23126,FELTCRAFT GIRL AMELIE KIT,4,2011-07-13 13:37:00,4.95,12766.0,Portugal,19.8,Sale
570719,22331,WOODLAND PARTY BAG + STICKER SET,2,2011-10-12 10:45:00,1.65,17913.0,United Kingdom,3.3,Sale
564230,22417,PACK OF 60 SPACEBOY CAKE CASES,2,2011-08-24 10:22:00,2.08,,United Kingdom,4.16,Sale
577804,20682,RED RETROSPOT CHILDRENS UMBRELLA,1,2011-11-21 17:33:00,3.25,17432.0,United Kingdom,3.25,Sale
561369,22427,ENAMEL FLOWER JUG CREAM,2,2011-07-26 16:21:00,11.63,,United Kingdom,23.26,Sale
551507,21399,BLUE POLKADOT COFFEE MUG,48,2011-04-28 18:11:00,0.39,18272.0,United Kingdom,18.72,Sale
580146,22910,PAPER CHAIN KIT VINTAGE CHRISTMAS,17,2011-12-02 10:07:00,6.63,,United Kingdom,112.71,Sale
541862,22960,JAM MAKING SET WITH JARS,4,2011-01-23 16:02:00,4.25,14068.0,United Kingdom,17.0,Sale
546829,20971,PINK BLUE FELT CRAFT TRINKET BOX,12,2011-03-17 12:00:00,1.25,14840.0,United Kingdom,15.0,Sale
552232,22502,PICNIC BASKET WICKER SMALL,3,2011-05-06 15:54:00,10.79,,United Kingdom,32.37,Sale
546785,22423,REGENCY CAKESTAND 3 TIER,16,2011-03-17 09:56:00,10.95,15189.0,United Kingdom,175.2,Sale
574298,21249,WOODLAND  HEIGHT CHART STICKERS ,1,2011-11-03 15:56:00,5.79,,United Kingdom,5.79,Sale
580005,22340,NOEL GARLAND PAINTED ZINC ,1,2011-12-01 11:38:00,0.39,16376.0,United Kingdom,0.39,Sale
545505,21735,TWO DOOR CURIO CABINET,1,2011-03-03 11:40:00,12.75,17856.0,United Kingdom,12.75,Sale
552677,21086,SET/6 RED SPOTTY PAPER CUPS,3,2011-05-10 15:07:00,1.63,,United Kingdom,4.89,Sale
568061,20712,JUMBO BAG WOODLAND ANIMALS,1,2011-09-23 13:12:00,2.08,16910.0,United Kingdom,2.08,Sale
576860,22713,CARD I LOVE LONDON ,24,2011-11-16 15:58:00,0.42,17602.0,United Kingdom,10.08,Sale
549279,21899,"KEY FOB , GARAGE DESIGN",1,2011-04-07 13:16:00,0.65,16469.0,United Kingdom,0.65,Sale
549250,20982,12 PENCILS TALL TUBE SKULLS,6,2011-04-07 12:10:00,0.85,14446.0,United Kingdom,5.1,Sale
574521,23191,BUNDLE OF 3 RETRO NOTE BOOKS,12,2011-11-04 13:44:00,1.65,15358.0,United Kingdom,19.8,Sale
580021,22294,HEART FILIGREE DOVE  SMALL,24,2011-12-01 11:43:00,1.25,14047.0,United Kingdom,30.0,Sale
544569,22611,VINTAGE UNION JACK SHOPPING BAG,3,2011-02-21 12:58:00,4.95,16980.0,United Kingdom,14.85,Sale
569544,22207,FRYING PAN UNION FLAG,1,2011-10-04 16:33:00,8.29,,United Kingdom,8.29,Sale
558194,21558,SKULL LUNCH BOX WITH CUTLERY ,1,2011-06-27 12:28:00,2.55,14583.0,United Kingdom,2.55,Sale
557500,22182,CAKE STAND VICTORIAN FILIGREE SMALL,1,2011-06-20 15:27:00,4.13,,United Kingdom,4.13,Sale
546977,22219,LOVEBIRD HANGING DECORATION WHITE ,4,2011-03-18 12:08:00,1.63,,United Kingdom,6.52,Sale
555350,21559,STRAWBERRY LUNCH BOX WITH CUTLERY,6,2011-06-02 12:08:00,2.55,17652.0,United Kingdom,15.3,Sale
576774,23311,VINTAGE CHRISTMAS STOCKING ,30,2011-11-16 13:21:00,2.55,13131.0,United Kingdom,76.5,Sale
563830,23353,6 GIFT TAGS VINTAGE CHRISTMAS ,12,2011-08-19 12:20:00,0.83,16638.0,United Kingdom,9.96,Sale
553194,22433,WATERING CAN GREEN DINOSAUR,3,2011-05-15 13:37:00,1.95,16283.0,United Kingdom,5.85,Sale
553389,21892,TRADITIONAL WOODEN CATCH CUP GAME ,1,2011-05-16 16:37:00,2.46,,United Kingdom,2.46,Sale
568701,22797,CHEST OF DRAWERS GINGHAM HEART ,1,2011-09-28 15:07:00,16.95,13924.0,United Kingdom,16.95,Sale
579512,23369,SET 36 COLOUR PENCILS LOVE LONDON,1,2011-11-29 16:47:00,2.46,,United Kingdom,2.46,Sale
564974,gift_0001_10,Dotcomgiftshop Gift Voucher £10.00,2,2011-08-31 15:32:00,8.33,,United Kingdom,16.66,Sale
543474,22789,T-LIGHT HOLDER SWEETHEART HANGING,8,2011-02-08 15:09:00,1.95,14415.0,United Kingdom,15.6,Sale
579456,21383,PACK OF 12 STICKY BUNNIES,1,2011-11-29 14:20:00,0.65,13428.0,United Kingdom,0.65,Sale
563555,22086,PAPER CHAIN KIT 50'S CHRISTMAS ,2,2011-08-17 13:21:00,2.95,16755.0,United Kingdom,5.9,Sale
541406,21843,RED RETROSPOT CAKE STAND,1,2011-01-17 15:19:00,10.95,14657.0,United Kingdom,10.95,Sale
541835,82494L,WOODEN FRAME ANTIQUE WHITE ,6,2011-01-23 10:15:00,2.95,17243.0,United Kingdom,17.700000000000003,Sale
574882,82552,WASHROOM METAL SIGN,3,2011-11-07 13:45:00,1.45,13599.0,United Kingdom,4.35,Sale
554093,20979,36 PENCILS TUBE RED RETROSPOT,16,2011-05-22 12:49:00,1.25,14837.0,United Kingdom,20.0,Sale
570180,23229,VINTAGE DONKEY TAIL GAME ,6,2011-10-07 14:28:00,3.75,17509.0,United Kingdom,22.5,Sale
558475,90038A,GLASS AND PAINTED BEADS BRACELET TO,1,2011-06-29 15:58:00,3.73,,United Kingdom,3.73,Sale
561369,23295,SET OF 12 MINI LOAF BAKING CASES,2,2011-07-26 16:22:00,2.46,,United Kingdom,4.92,Sale
577162,84029E,RED WOOLLY HOTTIE WHITE HEART.,4,2011-11-18 10:24:00,4.25,13323.0,United Kingdom,17.0,Sale
540478,20713,JUMBO BAG OWLS,300,2011-01-07 14:53:00,1.65,15769.0,United Kingdom,495.0,Sale
561678,21218,RED SPOTTY BISCUIT TIN,1,2011-07-28 18:33:00,3.75,17931.0,United Kingdom,3.75,Sale
537219,21485,RETROSPOT HEART HOT WATER BOTTLE,1,2010-12-05 15:47:00,4.95,14081.0,United Kingdom,4.95,Sale
541816,22768,FAMILY PHOTO FRAME CORNICE,1,2011-01-21 15:56:00,9.95,17799.0,United Kingdom,9.95,Sale
550499,22037,ROBOT BIRTHDAY CARD,1,2011-04-18 15:16:00,0.83,,United Kingdom,0.83,Sale
566860,22992,REVOLVER WOODEN RULER ,12,2011-09-15 12:40:00,1.95,17002.0,United Kingdom,23.4,Sale
557937,21976,PACK OF 60 MUSHROOM CAKE CASES,1,2011-06-23 15:30:00,1.25,,United Kingdom,1.25,Sale
558680,22219,LOVEBIRD HANGING DECORATION WHITE ,1,2011-07-01 11:19:00,1.63,,United Kingdom,1.63,Sale
572550,23204,CHARLOTTE BAG APPLES DESIGN,3,2011-10-24 17:06:00,1.63,,United Kingdom,4.89,Sale
578814,21497,FANCY FONTS BIRTHDAY WRAP,25,2011-11-25 13:40:00,0.42,12748.0,United Kingdom,10.5,Sale
561900,84988,SET OF 72 PINK HEART PAPER DOILIES,3,2011-07-31 15:31:00,1.45,16655.0,United Kingdom,4.35,Sale
579154,22727,ALARM CLOCK BAKELIKE RED ,2,2011-11-28 13:27:00,3.75,17218.0,United Kingdom,7.5,Sale
549100,22746,POPPY'S PLAYHOUSE LIVINGROOM ,1,2011-04-06 11:14:00,3.29,,United Kingdom,3.29,Sale
536544,47593B,SCOTTIE DOGS BABY BIB,2,2010-12-01 14:32:00,0.85,,United Kingdom,1.7,Sale
562732,22617,BAKING SET SPACEBOY DESIGN,6,2011-08-09 10:19:00,4.95,18248.0,United Kingdom,29.700000000000003,Sale
544186,21439,BASKET OF TOADSTOOLS,1,2011-02-16 15:56:00,2.46,,United Kingdom,2.46,Sale
561570,48116,DOORMAT MULTICOLOUR STRIPE,2,2011-07-28 10:24:00,7.95,14289.0,United Kingdom,15.9,Sale
577048,22909,SET OF 20 VINTAGE CHRISTMAS NAPKINS,12,2011-11-17 13:50:00,0.85,13247.0,United Kingdom,10.2,Sale
577359,82582,AREA PATROLLED METAL SIGN,2,2011-11-18 16:07:00,2.1,14903.0,United Kingdom,4.2,Sale
569894,22630,DOLLY GIRL LUNCH BOX,2,2011-10-06 15:53:00,1.95,15707.0,United Kingdom,3.9,Sale
580729,23119,PACK OF 6 LARGE FRUIT STRAWS ,1,2011-12-05 17:24:00,1.25,,United Kingdom,1.25,Sale
541371,22261,FELT EGG COSY WHITE RABBIT ,6,2011-01-17 14:51:00,0.85,13983.0,United Kingdom,5.1,Sale
565588,22997,TRAVEL CARD WALLET UNION JACK,6,2011-09-05 13:50:00,0.42,16918.0,United Kingdom,2.52,Sale
566041,22951,60 CAKE CASES DOLLY GIRL DESIGN,24,2011-09-08 13:48:00,0.55,13814.0,Germany,13.2,Sale
552229,21930,JUMBO STORAGE BAG SKULLS,7,2011-05-06 15:40:00,2.08,,United Kingdom,14.56,Sale
563549,21894,POTTING SHED SEED ENVELOPES,1,2011-08-17 12:34:00,2.46,,United Kingdom,2.46,Sale
572300,21289,LARGE STRIPES CHOCOLATE GIFT BAG,16,2011-10-23 14:40:00,1.25,18005.0,United Kingdom,20.0,Sale
536749,90082B,DIAMANTE BOW BROOCH RED COLOUR,5,2010-12-02 13:49:00,6.35,17976.0,United Kingdom,31.75,Sale
555558,23206,LUNCH BAG APPLE DESIGN,2,2011-06-05 14:06:00,1.65,14159.0,United Kingdom,3.3,Sale
563195,23296,SET OF 6 TEA TIME BAKING CASES,2,2011-08-12 16:36:00,3.29,,United Kingdom,6.58,Sale
542619,22921,HERB MARKER CHIVES ,6,2011-01-30 15:54:00,0.65,13869.0,United Kingdom,3.9,Sale
571328,22339,CHRISTMAS TREE PAINTED ZINC ,96,2011-10-17 11:27:00,0.19,12473.0,Germany,18.24,Sale
572069,23220,REINDEER HEART DECORATION GOLD,12,2011-10-20 13:24:00,0.83,14911.0,EIRE,9.96,Sale
576689,23510,MINI PLAYING CARDS GYMKHANA,12,2011-11-16 12:18:00,0.42,16657.0,United Kingdom,5.04,Sale
576252,22971,QUEENS GUARD COFFEE MUG,6,2011-11-14 13:55:00,2.55,14418.0,United Kingdom,15.3,Sale
547075,22921,HERB MARKER CHIVES ,12,2011-03-20 14:35:00,0.65,15288.0,United Kingdom,7.800000000000001,Sale
537743,22798,ANTIQUE GLASS DRESSING TABLE POT,8,2010-12-08 11:02:00,2.95,17706.0,United Kingdom,23.6,Sale
575491,22115,METAL SIGN EMPIRE TEA,2,2011-11-09 17:47:00,0.79,15531.0,United Kingdom,1.58,Sale
556408,21770,OPEN CLOSED METAL SIGN,1,2011-06-10 11:54:00,4.95,13533.0,United Kingdom,4.95,Sale
554835,21043,APRON MODERN VINTAGE COTTON,12,2011-05-26 16:11:00,1.95,15241.0,United Kingdom,23.4,Sale
571270,22571,ROCKING HORSE RED CHRISTMAS ,5,2011-10-16 12:09:00,0.85,12940.0,United Kingdom,4.25,Sale
561195,85216,ASSORTED CAKES FRIDGE MAGNETS,6,2011-07-25 13:57:00,0.65,14796.0,United Kingdom,3.9,Sale
540268,22668,PINK BABY BUNTING,10,2011-01-06 11:25:00,2.95,13458.0,United Kingdom,29.5,Sale
577749,21328,BALLOONS  WRITING SET ,5,2011-11-21 14:26:00,1.65,16242.0,United Kingdom,8.25,Sale
567183,22616,PACK OF 12 LONDON TISSUES ,12,2011-09-18 15:32:00,0.39,14769.0,United Kingdom,4.68,Sale
537405,22114,HOT WATER BOTTLE TEA AND SYMPATHY,1,2010-12-06 14:51:00,3.95,17841.0,United Kingdom,3.95,Sale
552520,84874B,BLUE TRAVEL FIRST AID KIT,1,2011-05-09 16:34:00,1.63,,United Kingdom,1.63,Sale
579014,23081,GREEN METAL BOX ARMY SUPPLIES,4,2011-11-28 09:53:00,8.25,12906.0,United Kingdom,33.0,Sale
577609,47504H,ENGLISH ROSE SPIRIT LEVEL ,12,2011-11-21 09:51:00,0.79,12349.0,Italy,9.48,Sale
538349,22317,FIVE CATS HANGING DECORATION,1,2010-12-10 14:59:00,5.91,,United Kingdom,5.91,Sale
552980,POST,POSTAGE,1,2011-05-12 14:52:00,523.0,12590.0,Germany,523.0,Sale
547816,21907,I'M ON HOLIDAY METAL SIGN,1,2011-03-25 14:30:00,2.1,12748.0,United Kingdom,2.1,Sale
537666,20985,HEART CALCULATOR,1,2010-12-07 18:36:00,2.51,,United Kingdom,2.51,Sale
573553,75049L,LARGE CIRCULAR MIRROR MOBILE,4,2011-10-31 13:48:00,2.46,,United Kingdom,9.84,Sale
578347,22562,MONSTERS STENCIL CRAFT,1,2011-11-24 09:26:00,2.46,,United Kingdom,2.46,Sale
550636,20726,LUNCH BAG WOODLAND,1,2011-04-19 15:37:00,4.13,,United Kingdom,4.13,Sale
543530,22408,MONEY BOX CONFECTIONERY DESIGN,3,2011-02-09 12:46:00,2.46,,United Kingdom,7.38,Sale
565915,23202,JUMBO BAG VINTAGE LEAF,5,2011-09-07 15:52:00,2.08,15752.0,United Kingdom,10.4,Sale
547964,21455,PAINTED YELLOW WOODEN DAISY,1,2011-03-28 15:45:00,0.83,,United Kingdom,0.83,Sale
548461,20677,PINK POLKADOT BOWL,1,2011-03-31 12:08:00,1.25,14527.0,United Kingdom,1.25,Sale
559106,75049L,LARGE CIRCULAR MIRROR MOBILE,6,2011-07-06 11:10:00,1.25,15889.0,United Kingdom,7.5,Sale
569943,23194,GYMKHANA TREASURE BOOK BOX,1,2011-10-06 18:08:00,2.25,14592.0,United Kingdom,2.25,Sale
556958,22138,BAKING SET 9 PIECE RETROSPOT ,3,2011-06-16 09:15:00,4.95,17490.0,United Kingdom,14.85,Sale
568059,22925,BLUE GIANT GARDEN THERMOMETER,2,2011-09-23 12:58:00,5.95,13097.0,United Kingdom,11.9,Sale
559052,20978,36 PENCILS TUBE SKULLS,1,2011-07-05 16:53:00,2.46,,United Kingdom,2.46,Sale
576618,47480,HANGING PHOTO CLIP ROPE LADDER,1,2011-11-15 17:00:00,3.29,,United Kingdom,3.29,Sale
574310,21977,PACK OF 60 PINK PAISLEY CAKE CASES,3,2011-11-03 16:56:00,0.55,13467.0,United Kingdom,1.65,Sale
566060,22817,CARD SUKI BIRTHDAY,2,2011-09-08 15:27:00,0.42,,United Kingdom,0.84,Sale
567459,22771,CLEAR DRAWER KNOB ACRYLIC EDWARDIAN,12,2011-09-20 12:21:00,1.25,14221.0,United Kingdom,15.0,Sale
549325,22409,MONEY BOX BISCUITS DESIGN,12,2011-04-08 10:32:00,1.25,12717.0,Greece,15.0,Sale
545464,21439,BASKET OF TOADSTOOLS,1,2011-03-03 09:10:00,2.46,,United Kingdom,2.46,Sale
573900,22722,SET OF 6 SPICE TINS PANTRY DESIGN,4,2011-11-01 14:45:00,3.95,17668.0,United Kingdom,15.8,Sale
572030,23340,VINTAGE CHRISTMAS CAKE FRILL,12,2011-10-20 11:51:00,1.65,14923.0,United Kingdom,19.8,Sale
575504,23247,BISCUIT TIN 50'S CHRISTMAS,6,2011-11-10 10:29:00,2.89,14895.0,United Kingdom,17.34,Sale
556812,22379,RECYCLING BAG RETROSPOT ,1,2011-06-14 17:25:00,4.13,,United Kingdom,4.13,Sale
578229,22138,BAKING SET 9 PIECE RETROSPOT ,12,2011-11-23 11:54:00,4.95,16066.0,United Kingdom,59.400000000000006,Sale
557315,85163A,WHITE BAROQUE WALL CLOCK ,1,2011-06-19 16:02:00,12.75,15535.0,United Kingdom,12.75,Sale
542605,22113,GREY HEART HOT WATER BOTTLE,1,2011-01-30 12:42:00,3.75,17796.0,United Kingdom,3.75,Sale
566040,23275,SET OF 3 HANGING OWLS OLLIE BEAK,24,2011-09-08 13:38:00,1.25,12540.0,Spain,30.0,Sale
548732,16161U,WRAP SUKI AND FRIENDS,25,2011-04-04 10:16:00,0.42,16142.0,United Kingdom,10.5,Sale
562102,22356,CHARLOTTE BAG PINK POLKADOT,10,2011-08-02 14:21:00,0.85,13089.0,United Kingdom,8.5,Sale
548894,35964,FOLKART CLIP ON STARS,2,2011-04-04 16:01:00,1.63,,United Kingdom,3.26,Sale
539434,22739,RIBBON REEL CHRISTMAS SOCK BAUBLE,1,2010-12-17 14:41:00,3.36,,United Kingdom,3.36,Sale
544485,22972,CHILDREN'S SPACEBOY MUG,6,2011-02-21 11:35:00,1.65,17757.0,United Kingdom,9.9,Sale
578999,21165,BEWARE OF THE CAT METAL SIGN ,1,2011-11-27 16:08:00,1.69,17595.0,United Kingdom,1.69,Sale
563534,23174,REGENCY SUGAR BOWL GREEN,4,2011-08-17 11:37:00,4.15,14323.0,United Kingdom,16.6,Sale
581230,20726,LUNCH BAG WOODLAND,10,2011-12-08 10:24:00,1.65,14291.0,United Kingdom,16.5,Sale
538783,22271,FELTCRAFT DOLL ROSIE,12,2010-12-14 11:38:00,2.95,14961.0,United Kingdom,35.400000000000006,Sale
578901,72741,GRAND CHOCOLATECANDLE,9,2011-11-27 11:47:00,1.45,17812.0,United Kingdom,13.05,Sale
573340,22909,SET OF 20 VINTAGE CHRISTMAS NAPKINS,1,2011-10-30 11:55:00,0.85,14159.0,United Kingdom,0.85,Sale
540238,85034B,3 WHITE CHOC MORRIS BOXED CANDLES,1,2011-01-05 14:44:00,3.36,,United Kingdom,3.36,Sale
576329,23377,PACK OF 12 DOLLY GIRL TISSUES,4,2011-11-14 15:22:00,0.83,,United Kingdom,3.32,Sale
550503,22697,GREEN REGENCY TEACUP AND SAUCER,6,2011-04-18 15:31:00,2.95,15508.0,United Kingdom,17.700000000000003,Sale
559529,22431,WATERING CAN BLUE ELEPHANT,1,2011-07-10 12:03:00,1.95,14808.0,United Kingdom,1.95,Sale
546406,47574A,ENGLISH ROSE SCENTED HANGING FLOWER,1,2011-03-11 16:21:00,2.46,,United Kingdom,2.46,Sale
549117,84536B,FAIRY CAKES NOTEBOOK A7 SIZE,16,2011-04-06 12:56:00,0.42,13491.0,United Kingdom,6.72,Sale
556784,84968D,SET OF 16 VINTAGE RED CUTLERY,2,2011-06-14 13:15:00,12.75,14461.0,United Kingdom,25.5,Sale
550994,84970L,SINGLE HEART ZINC T-LIGHT HOLDER,12,2011-04-21 19:55:00,0.95,14562.0,United Kingdom,11.4,Sale
538504,21326,AGED GLASS SILVER T-LIGHT HOLDER,24,2010-12-12 13:01:00,0.65,16011.0,United Kingdom,15.6,Sale
542345,21240,BLUE POLKADOT CUP,3,2011-01-27 11:55:00,0.85,15910.0,United Kingdom,2.55,Sale
570871,47563A,RETRO LONGBOARD IRONING BOARD COVER,1,2011-10-12 16:36:00,3.29,,United Kingdom,3.29,Sale
554816,23108,SET OF 10 LED DOLLY LIGHTS,2,2011-05-26 14:01:00,6.25,17550.0,United Kingdom,12.5,Sale
542646,21466,RED FLOWER CROCHET FOOD COVER,1,2011-01-31 11:42:00,3.75,17220.0,United Kingdom,3.75,Sale
545317,85099B,JUMBO BAG RED RETROSPOT,3,2011-03-01 14:14:00,4.13,,United Kingdom,12.39,Sale
539751,22834,HAND WARMER BABUSHKA DESIGN,5,2010-12-21 15:42:00,0.85,,United Kingdom,4.25,Sale
561474,23310,BUBBLEGUM RING ASSORTED,36,2011-07-27 13:18:00,0.42,14680.0,United Kingdom,15.12,Sale
560688,22385,JUMBO BAG SPACEBOY DESIGN,4,2011-07-20 11:54:00,2.08,16393.0,United Kingdom,8.32,Sale
579777,22591,CARDHOLDER GINGHAM CHRISTMAS TREE,2,2011-11-30 15:13:00,6.63,,United Kingdom,13.26,Sale
558761,20751,FUNKY WASHING UP GLOVES ASSORTED,4,2011-07-03 12:52:00,2.1,15033.0,United Kingdom,8.4,Sale
556056,21078,SET/20 STRAWBERRY PAPER NAPKINS ,2,2011-06-08 13:35:00,0.85,17841.0,United Kingdom,1.7,Sale
562049,23360,SET 8 CANDLES VINTAGE DOILEY,12,2011-08-02 11:33:00,1.95,14133.0,United Kingdom,23.4,Sale
559509,17038,PORCELAIN BUDAH INCENSE HOLDER,1,2011-07-08 15:25:00,0.1,15920.0,United Kingdom,0.1,Sale
577855,22938,CUPCAKE LACE PAPER SET 6,5,2011-11-22 11:18:00,1.95,15877.0,United Kingdom,9.75,Sale
575202,21889,WOODEN BOX OF DOMINOES,12,2011-11-09 10:14:00,1.25,13018.0,United Kingdom,15.0,Sale
570646,23274,STAR T-LIGHT HOLDER WILLIE WINKIE,12,2011-10-11 12:49:00,1.65,12824.0,United Kingdom,19.8,Sale
550130,22372,AIRLINE BAG VINTAGE WORLD CHAMPION ,2,2011-04-14 13:17:00,4.25,14390.0,United Kingdom,8.5,Sale
566446,46776E,WOVEN CANDY CUSHION COVER ,1,2011-09-12 15:40:00,4.13,,United Kingdom,4.13,Sale
537237,22891,TEA FOR ONE POLKADOT,1,2010-12-06 09:58:00,8.47,,United Kingdom,8.47,Sale
569331,23199,JUMBO BAG APPLES,10,2011-10-03 13:39:00,2.08,16875.0,United Kingdom,20.8,Sale
566616,23328,SET 6 SCHOOL MILK BOTTLES IN CRATE,4,2011-09-14 08:35:00,3.75,12895.0,United Kingdom,15.0,Sale
547650,22989,SET 2 PANTRY DESIGN TEA TOWELS,4,2011-03-24 12:08:00,3.25,17059.0,United Kingdom,13.0,Sale
539663,22937,BAKING MOULD CHOCOLATE CUPCAKES,1,2010-12-21 10:26:00,2.55,17961.0,United Kingdom,2.55,Sale
575508,22698,PINK REGENCY TEACUP AND SAUCER,24,2011-11-10 10:32:00,2.55,14646.0,Netherlands,61.2,Sale
563508,23328,SET 6 SCHOOL MILK BOTTLES IN CRATE,4,2011-08-17 10:27:00,3.75,16133.0,United Kingdom,15.0,Sale
545748,22979,PANTRY WASHING UP BRUSH,72,2011-03-07 11:52:00,1.25,17381.0,United Kingdom,90.0,Sale
578270,22142,CHRISTMAS CRAFT WHITE FAIRY ,3,2011-11-23 13:39:00,3.29,14096.0,United Kingdom,9.87,Sale
551337,21922,UNION STRIPE WITH FRINGE  HAMMOCK,1,2011-04-27 16:54:00,7.95,16418.0,United Kingdom,7.95,Sale
561625,23203,JUMBO BAG DOILEY PATTERNS,20,2011-07-28 14:03:00,2.08,16843.0,United Kingdom,41.6,Sale
574251,23328,SET 6 SCHOOL MILK BOTTLES IN CRATE,4,2011-11-03 13:22:00,3.75,18205.0,United Kingdom,15.0,Sale
580665,23202,JUMBO BAG VINTAGE LEAF,200,2011-12-05 14:06:00,1.79,16684.0,United Kingdom,358.0,Sale
547063,84596E,SMALL LICORICE DES PINK BOWL,8,2011-03-20 13:33:00,0.42,14769.0,United Kingdom,3.36,Sale
552880,84970L,SINGLE HEART ZINC T-LIGHT HOLDER,12,2011-05-12 09:59:00,0.95,18245.0,United Kingdom,11.4,Sale
575952,22382,LUNCH BAG SPACEBOY DESIGN ,2,2011-11-13 11:55:00,1.65,16015.0,United Kingdom,3.3,Sale
571180,23504,PLAYING CARDS JUBILEE UNION JACK,12,2011-10-14 10:47:00,1.25,15498.0,United Kingdom,15.0,Sale
578515,47566,PARTY BUNTING,1,2011-11-24 13:40:00,4.95,16885.0,United Kingdom,4.95,Sale
580513,23371,SET 36 COLOUR PENCILS SPACEBOY ,1,2011-12-04 13:59:00,1.25,14456.0,United Kingdom,1.25,Sale
549295,22619,SET OF 6 SOLDIER SKITTLES,1,2011-04-07 19:49:00,7.46,,United Kingdom,7.46,Sale
549561,21288,STRIPEY CHOCOLATE NESTING BOXES,5,2011-04-10 13:36:00,2.95,13570.0,United Kingdom,14.75,Sale
557639,21931,JUMBO STORAGE BAG SUKI,2,2011-06-21 16:13:00,2.08,12933.0,United Kingdom,4.16,Sale
548894,82582,AREA PATROLLED METAL SIGN,1,2011-04-04 16:01:00,4.13,,United Kingdom,4.13,Sale
577723,23355,HOT WATER BOTTLE KEEP CALM,1,2011-11-21 12:36:00,4.95,16713.0,United Kingdom,4.95,Sale
556048,22797,CHEST OF DRAWERS GINGHAM HEART ,1,2011-06-08 13:00:00,16.95,15609.0,United Kingdom,16.95,Sale
550750,84836,ZINC METAL HEART DECORATION,12,2011-04-20 11:45:00,1.25,13632.0,United Kingdom,15.0,Sale
536756,22439,6 ROCKET BALLOONS ,2,2010-12-02 14:23:00,0.65,,United Kingdom,1.3,Sale
566572,21539,RED RETROSPOT BUTTER DISH,3,2011-09-13 12:52:00,4.95,13488.0,United Kingdom,14.85,Sale
561246,21679,SKULLS  STICKERS,24,2011-07-26 11:38:00,0.85,16951.0,United Kingdom,20.4,Sale
569225,21034,REX CASH+CARRY JUMBO SHOPPER,1,2011-10-02 14:25:00,0.95,16930.0,United Kingdom,0.95,Sale
542998,DOT,DOTCOM POSTAGE,1,2011-02-02 12:16:00,172.42,,United Kingdom,172.42,Sale
554699,23200,JUMBO BAG PEARS,20,2011-05-26 09:17:00,2.08,12613.0,Germany,41.6,Sale
577331,22153,ANGEL DECORATION STARS ON DRESS,48,2011-11-18 14:23:00,0.42,14667.0,United Kingdom,20.16,Sale
559316,85099B,JUMBO BAG RED RETROSPOT,10,2011-07-07 13:54:00,2.08,12647.0,Germany,20.8,Sale
573300,23263,SET OF 3 WOODEN HEART DECORATIONS,2,2011-10-28 16:10:00,1.25,16049.0,United Kingdom,2.5,Sale
548312,22692,DOORMAT WELCOME TO OUR HOME,1,2011-03-30 12:12:00,7.95,16059.0,United Kingdom,7.95,Sale
577076,85089,CANDY SPOT BUNNY,1,2011-11-17 15:08:00,2.95,14362.0,United Kingdom,2.95,Sale
571653,72818,CHRISTMAS DECOUPAGE CANDLE,108,2011-10-18 12:17:00,0.39,14298.0,United Kingdom,42.120000000000005,Sale
580754,21212,PACK OF 72 RETROSPOT CAKE CASES,33,2011-12-06 10:05:00,2.08,,United Kingdom,68.64,Sale
548740,22499,WOODEN UNION JACK BUNTING,6,2011-04-04 11:34:00,5.95,13319.0,United Kingdom,35.7,Sale
573585,23424,GINGHAM RECIPE BOOK BOX,2,2011-10-31 14:41:00,10.79,,United Kingdom,21.58,Sale
573585,47566,PARTY BUNTING,1,2011-10-31 14:41:00,10.79,,United Kingdom,10.79,Sale
574311,23207,LUNCH BAG ALPHABET DESIGN,10,2011-11-03 16:56:00,1.65,15640.0,United Kingdom,16.5,Sale
575177,22446,PIN CUSHION BABUSHKA PINK,4,2011-11-08 18:41:00,2.46,,United Kingdom,9.84,Sale
556108,20619,TROPICAL PASSPORT COVER ,1,2011-06-08 17:59:00,1.63,,United Kingdom,1.63,Sale
561371,22469,HEART OF WICKER SMALL,2,2011-07-26 16:25:00,3.29,,United Kingdom,6.58,Sale
575924,23543,KEEP CALM WALL ART ,2,2011-11-11 17:13:00,8.25,17069.0,United Kingdom,16.5,Sale
541971,22678,FRENCH BLUE METAL DOOR SIGN 3,1,2011-01-24 13:48:00,2.46,,United Kingdom,2.46,Sale
541871,21803,CHRISTMAS TREE STAR DECORATION,3,2011-01-24 09:41:00,0.42,,United Kingdom,1.26,Sale
581492,22446,PIN CUSHION BABUSHKA PINK,7,2011-12-09 10:03:00,2.46,,United Kingdom,17.22,Sale
552011,82484,WOOD BLACK BOARD ANT WHITE FINISH,2,2011-05-05 17:28:00,7.95,13867.0,United Kingdom,15.9,Sale
580276,22274,FELTCRAFT DOLL EMILY,1,2011-12-02 12:59:00,2.95,16426.0,United Kingdom,2.95,Sale
551301,23208,LUNCH BAG VINTAGE LEAF DESIGN,10,2011-04-27 14:49:00,1.65,17675.0,United Kingdom,16.5,Sale
556237,21014,SWISS CHALET TREE DECORATION ,3,2011-06-09 15:34:00,1.25,,United Kingdom,3.75,Sale
554110,75049L,LARGE CIRCULAR MIRROR MOBILE,6,2011-05-22 14:35:00,1.25,13468.0,United Kingdom,7.5,Sale
558777,22311,OFFICE MUG WARMER BLACK+SILVER ,1,2011-07-04 10:23:00,5.79,,United Kingdom,5.79,Sale
536808,22570,FELTCRAFT CUSHION RABBIT,12,2010-12-02 16:46:00,3.75,17659.0,United Kingdom,45.0,Sale
562437,23093,SMALL PARISIENNE HEART PHOTO FRAME ,8,2011-08-04 17:58:00,2.49,13047.0,United Kingdom,19.92,Sale
580880,23343,JUMBO BAG VINTAGE CHRISTMAS ,10,2011-12-06 12:19:00,2.08,14121.0,United Kingdom,20.8,Sale
550993,22380,TOY TIDY SPACEBOY  ,5,2011-04-21 19:51:00,2.1,15810.0,United Kingdom,10.5,Sale
578675,23190,BUNDLE OF 3 SCHOOL EXERCISE BOOKS  ,12,2011-11-24 18:13:00,1.65,14756.0,United Kingdom,19.8,Sale
541696,21802,CHRISTMAS TREE HEART DECORATION,2,2011-01-20 18:08:00,0.42,,United Kingdom,0.84,Sale
542932,82482,WOODEN PICTURE FRAME WHITE FINISH,12,2011-02-02 10:54:00,2.55,13089.0,United Kingdom,30.6,Sale
568513,23234,BISCUIT TIN VINTAGE CHRISTMAS,18,2011-09-27 12:36:00,2.89,13555.0,United Kingdom,52.02,Sale
538349,22917,HERB MARKER ROSEMARY,1,2010-12-10 14:59:00,1.66,,United Kingdom,1.66,Sale
571438,20750,RED RETROSPOT MINI CASES,2,2011-10-17 13:25:00,7.95,15066.0,United Kingdom,15.9,Sale
581497,22895,SET OF 2 TEA TOWELS APPLE AND PEARS,1,2011-12-09 10:23:00,6.63,,United Kingdom,6.63,Sale
580639,21328,BALLOONS  WRITING SET ,1,2011-12-05 12:46:00,1.65,17254.0,United Kingdom,1.65,Sale
549667,22960,JAM MAKING SET WITH JARS,12,2011-04-11 12:20:00,3.75,14911.0,EIRE,45.0,Sale
562549,21993,FLORAL FOLK STATIONERY SET,12,2011-08-05 16:10:00,1.25,17092.0,United Kingdom,15.0,Sale
563543,22662,LUNCH BAG DOLLY GIRL DESIGN,2,2011-08-17 12:06:00,1.65,15039.0,United Kingdom,3.3,Sale
550364,23177,TREASURE ISLAND BOOK BOX,8,2011-04-18 11:29:00,2.25,16713.0,United Kingdom,18.0,Sale
553707,84380,SET OF 3 BUTTERFLY COOKIE CUTTERS,12,2011-05-18 15:26:00,1.25,16843.0,United Kingdom,15.0,Sale
539050,20966,SANDWICH BATH SPONGE,1,2010-12-15 16:21:00,1.25,12577.0,France,1.25,Sale
578519,21039,RED RETROSPOT SHOPPING BAG,3,2011-11-24 13:56:00,2.55,14591.0,United Kingdom,7.649999999999999,Sale
558075,82482,WOODEN PICTURE FRAME WHITE FINISH,6,2011-06-24 17:07:00,2.55,17858.0,United Kingdom,15.3,Sale
575589,21914,BLUE HARMONICA IN BOX ,12,2011-11-10 12:05:00,1.25,14262.0,United Kingdom,15.0,Sale
563982,23144,ZINC T-LIGHT HOLDER STARS SMALL,12,2011-08-22 11:17:00,0.83,14397.0,United Kingdom,9.96,Sale
555520,90209C,PINK ENAMEL+GLASS HAIR COMB,1,2011-06-05 11:14:00,2.1,15038.0,United Kingdom,2.1,Sale
581015,84819,DANISH ROSE ROUND SEWING BOX,16,2011-12-07 09:35:00,0.79,13949.0,United Kingdom,12.64,Sale
564256,23159,SET OF 5 PANCAKE DAY MAGNETS,2,2011-08-24 10:45:00,2.08,14796.0,United Kingdom,4.16,Sale
580729,22732,3D VINTAGE CHRISTMAS STICKERS ,4,2011-12-05 17:24:00,2.46,,United Kingdom,9.84,Sale
568398,POST,POSTAGE,1,2011-09-27 10:26:00,5.0,14543.0,United Kingdom,5.0,Sale
541422,20655,QUEEN OF SKIES LUGGAGE TAG,1,2011-01-17 17:48:00,0.83,,United Kingdom,0.83,Sale
544681,85099F,JUMBO BAG STRAWBERRY,1,2011-02-22 16:28:00,4.13,,United Kingdom,4.13,Sale
569137,23354,6 GIFT TAGS 50'S CHRISTMAS ,1,2011-09-30 14:45:00,1.63,,United Kingdom,1.63,Sale
559202,23203,JUMBO BAG DOILEY PATTERNS,10,2011-07-07 10:40:00,2.08,13583.0,United Kingdom,20.8,Sale
577768,21558,SKULL LUNCH BOX WITH CUTLERY ,1,2011-11-21 15:18:00,4.96,,United Kingdom,4.96,Sale
550500,84978,HANGING HEART JAR T-LIGHT HOLDER,15,2011-04-18 15:26:00,2.46,,United Kingdom,36.9,Sale
564758,21121,SET/10 RED POLKADOT PARTY CANDLES,1,2011-08-30 10:39:00,2.46,,United Kingdom,2.46,Sale
538744,21175,GIN + TONIC DIET METAL SIGN,2,2010-12-14 11:26:00,2.1,15356.0,United Kingdom,4.2,Sale
537126,22847,BREAD BIN DINER STYLE IVORY,1,2010-12-05 12:13:00,16.95,18118.0,United Kingdom,16.95,Sale
542617,20727,LUNCH BAG  BLACK SKULL.,4,2011-01-30 15:48:00,1.65,17463.0,United Kingdom,6.6,Sale
567462,23329,DECORATIVE WICKER HEART LARGE,3,2011-09-20 12:35:00,1.65,14446.0,United Kingdom,4.949999999999999,Sale
574170,23210,WHITE ROCKING HORSE HAND PAINTED,24,2011-11-03 11:43:00,1.25,16221.0,United Kingdom,30.0,Sale
559338,71477,COLOUR GLASS. STAR T-LIGHT HOLDER,1,2011-07-07 16:30:00,6.63,,United Kingdom,6.63,Sale
547850,82483,WOOD 2 DRAWER CABINET WHITE FINISH,2,2011-03-27 12:06:00,6.95,14472.0,United Kingdom,13.9,Sale
545000,20914,SET/5 RED RETROSPOT LID GLASS BOWLS,6,2011-02-25 12:37:00,2.95,15281.0,United Kingdom,17.700000000000003,Sale
541566,85174,S/4 CACTI CANDLES,16,2011-01-19 11:50:00,1.95,17722.0,United Kingdom,31.2,Sale
536575,85099B,JUMBO BAG RED RETROSPOT,70,2010-12-01 16:01:00,1.65,13777.0,United Kingdom,115.5,Sale
558837,22386,JUMBO BAG PINK POLKADOT,1,2011-07-04 11:58:00,4.13,,United Kingdom,4.13,Sale
545037,22021,BLUE FELT EASTER EGG BASKET,3,2011-02-27 10:02:00,1.65,14532.0,United Kingdom,4.949999999999999,Sale
573576,35649,VINTAGE BEAD COSMETIC BAG ,1,2011-10-31 14:09:00,2.46,14096.0,United Kingdom,2.46,Sale
581232,POST,POSTAGE,4,2011-12-08 10:26:00,40.0,12358.0,Austria,160.0,Sale
568198,17003,BROCADE RING PURSE ,27,2011-09-25 14:52:00,0.39,16771.0,United Kingdom,10.53,Sale
537400,22500,SET OF 2 TINS JARDIN DE PROVENCE,2,2010-12-06 14:36:00,4.95,17191.0,United Kingdom,9.9,Sale
549320,22265,EASTER DECORATION NATURAL CHICK,13,2011-04-08 10:14:00,0.65,16010.0,United Kingdom,8.450000000000001,Sale
555340,22147,FELTCRAFT BUTTERFLY HEARTS,6,2011-06-02 11:33:00,1.45,13334.0,United Kingdom,8.7,Sale
563098,23320,GIANT 50'S CHRISTMAS CRACKER,48,2011-08-12 09:14:00,2.49,14911.0,EIRE,119.52,Sale
559493,21078,SET/20 STRAWBERRY PAPER NAPKINS ,1,2011-07-08 13:53:00,2.46,,United Kingdom,2.46,Sale
572669,22909,SET OF 20 VINTAGE CHRISTMAS NAPKINS,3,2011-10-25 13:10:00,0.85,16549.0,United Kingdom,2.55,Sale
566757,21418,STARFISH SOAP DISH,1,2011-09-14 15:54:00,4.96,,United Kingdom,4.96,Sale
558335,22896,PEG BAG APPLES DESIGN,6,2011-06-28 13:16:00,2.55,17442.0,United Kingdom,15.3,Sale
569361,23355,HOT WATER BOTTLE KEEP CALM,4,2011-10-03 14:59:00,4.95,16183.0,United Kingdom,19.8,Sale
564740,22195,LARGE HEART MEASURING SPOONS,1,2011-08-28 14:39:00,1.65,14044.0,United Kingdom,1.65,Sale
541422,22681,FRENCH BLUE METAL DOOR SIGN 6,1,2011-01-17 17:48:00,2.46,,United Kingdom,2.46,Sale
564757,75049L,LARGE CIRCULAR MIRROR MOBILE,2,2011-08-30 10:36:00,2.46,,United Kingdom,4.92,Sale
568567,84598,BOYS ALPHABET IRON ON PATCHES,6,2011-09-27 18:41:00,0.42,,United Kingdom,2.52,Sale
563234,23292,SPACEBOY CHILDRENS CUP,8,2011-08-15 08:26:00,1.25,13621.0,United Kingdom,10.0,Sale
552493,85163B,BLACK BAROQUE WALL CLOCK ,1,2011-05-09 16:21:00,24.96,,United Kingdom,24.96,Sale
571257,23328,SET 6 SCHOOL MILK BOTTLES IN CRATE,3,2011-10-14 17:17:00,7.46,,United Kingdom,22.38,Sale
548861,22993,SET OF 4 PANTRY JELLY MOULDS,12,2011-04-04 13:42:00,1.25,18185.0,United Kingdom,15.0,Sale
581217,23419,HOME SWEET HOME BOTTLE ,3,2011-12-08 09:20:00,4.13,,United Kingdom,12.39,Sale
561534,22139,RETROSPOT TEA SET CERAMIC 11 PC ,3,2011-07-28 09:45:00,4.95,14307.0,United Kingdom,14.85,Sale
557674,22333,RETROSPOT PARTY BAG + STICKER SET,48,2011-06-22 10:19:00,1.45,16422.0,United Kingdom,69.6,Sale
571129,23435,3 RAFFIA RIBBONS VINTAGE CHRISTMAS,20,2011-10-14 10:03:00,2.08,14156.0,EIRE,41.6,Sale
539750,22074,6 RIBBONS SHIMMERING PINKS ,1,2010-12-21 15:40:00,4.21,,United Kingdom,4.21,Sale
575516,20750,RED RETROSPOT MINI CASES,6,2011-11-10 10:45:00,7.95,17340.0,United Kingdom,47.7,Sale
547903,84596B,SMALL DOLLY MIX DESIGN ORANGE BOWL,16,2011-03-28 11:59:00,0.42,15039.0,United Kingdom,6.72,Sale
539256,48116,DOORMAT MULTICOLOUR STRIPE,4,2010-12-16 14:27:00,7.95,15601.0,United Kingdom,31.8,Sale
541285,85099B,JUMBO BAG RED RETROSPOT,10,2011-01-17 12:45:00,1.95,13001.0,United Kingdom,19.5,Sale
537434,22867,HAND WARMER BIRD DESIGN,4,2010-12-06 16:57:00,4.21,,United Kingdom,16.84,Sale
567124,22961,JAM MAKING SET PRINTED,12,2011-09-16 13:45:00,1.45,15240.0,United Kingdom,17.4,Sale
566787,84375,SET OF 20 KIDS COOKIE CUTTERS,2,2011-09-15 10:31:00,4.13,,United Kingdom,8.26,Sale
563745,22115,METAL SIGN EMPIRE TEA,12,2011-08-19 09:38:00,0.79,15159.0,United Kingdom,9.48,Sale
576840,23695,DOILY THANK YOU CARD,2,2011-11-16 15:23:00,0.83,,United Kingdom,1.66,Sale
576181,23492,VINTAGE JINGLE BELLS WREATH,6,2011-11-14 11:19:00,8.25,15572.0,United Kingdom,49.5,Sale
566019,16168M,FUNKY MONKEY GIFT BAG MEDIUM,12,2011-09-08 12:44:00,0.42,17243.0,United Kingdom,5.04,Sale
537434,15036,ASSORTED COLOURS SILK FAN,2,2010-12-06 16:57:00,1.28,,United Kingdom,2.56,Sale
570872,22819,"BIRTHDAY CARD, RETRO SPOT",2,2011-10-12 16:40:00,0.42,,United Kingdom,0.84,Sale
548973,84077,WORLD WAR 2 GLIDERS ASSTD DESIGNS,48,2011-04-05 11:44:00,0.29,15674.0,United Kingdom,13.919999999999998,Sale
578255,21814,HEART T-LIGHT HOLDER ,3,2011-11-23 12:58:00,1.45,14675.0,United Kingdom,4.35,Sale
536412,20728,LUNCH BAG CARS BLUE,3,2010-12-01 11:49:00,1.65,17920.0,United Kingdom,4.949999999999999,Sale
541406,21122,SET/10 PINK POLKADOT PARTY CANDLES,10,2011-01-17 15:19:00,1.25,14657.0,United Kingdom,12.5,Sale
556797,23201,JUMBO BAG ALPHABET,10,2011-06-14 14:49:00,1.95,17101.0,United Kingdom,19.5,Sale
547063,84745B,BLUE HANGING GINGHAM EASTER HEN,6,2011-03-20 13:33:00,0.42,14769.0,United Kingdom,2.52,Sale
579512,22703,PINK CAT BOWL,4,2011-11-29 16:47:00,1.63,,United Kingdom,6.52,Sale
573822,22113,GREY HEART HOT WATER BOTTLE,4,2011-11-01 11:33:00,4.25,15527.0,United Kingdom,17.0,Sale
558685,23214,BELL HEART ANTIQUE GOLD,12,2011-07-01 11:32:00,2.08,17706.0,United Kingdom,24.96,Sale
576851,22557,PLASTERS IN TIN VINTAGE PAISLEY ,3,2011-11-16 15:41:00,1.65,15967.0,United Kingdom,4.949999999999999,Sale
551150,22829,SWEETHEART WIRE WALL TIDY,2,2011-04-26 14:37:00,9.95,18144.0,United Kingdom,19.9,Sale
539338,22326,ROUND SNACK BOXES SET OF4 WOODLAND ,6,2010-12-17 10:54:00,2.95,17404.0,Sweden,17.700000000000003,Sale
567631,46000S,POLYESTER FILLER PAD 40x40cm,4,2011-09-21 13:33:00,1.45,13350.0,United Kingdom,5.8,Sale
571034,23536,WALL ART VILLAGE SHOW ,4,2011-10-13 12:47:00,5.95,12359.0,Cyprus,23.8,Sale
554514,22470,HEART OF WICKER LARGE,3,2011-05-24 15:58:00,2.95,,United Kingdom,8.850000000000001,Sale
547553,22272,FELTCRAFT DOLL MARIA,1,2011-03-23 16:00:00,2.95,15644.0,United Kingdom,2.95,Sale
537136,22894,TABLECLOTH RED APPLES DESIGN ,1,2010-12-05 12:42:00,8.5,12748.0,United Kingdom,8.5,Sale
575491,85099B,JUMBO BAG RED RETROSPOT,10,2011-11-09 17:47:00,2.08,15531.0,United Kingdom,20.8,Sale
576686,22620,4 TRADITIONAL SPINNING TOPS,2,2011-11-16 12:08:00,1.45,16916.0,United Kingdom,2.9,Sale
579777,23486,ANTIQUE HEART SHELF UNIT,1,2011-11-30 15:13:00,33.29,,United Kingdom,33.29,Sale
554181,22686,FRENCH BLUE METAL DOOR SIGN No,12,2011-05-23 12:09:00,1.25,13078.0,United Kingdom,15.0,Sale
571305,21218,RED SPOTTY BISCUIT TIN,4,2011-10-17 09:55:00,8.29,,United Kingdom,33.16,Sale
561933,84879,ASSORTED COLOUR BIRD ORNAMENT,16,2011-08-01 12:56:00,1.69,12949.0,United Kingdom,27.04,Sale
544913,84520B,PACK 20 ENGLISH ROSE PAPER NAPKINS,4,2011-02-24 15:26:00,0.85,15543.0,United Kingdom,3.4,Sale
570488,84031A,CHARLIE+LOLA RED HOT WATER BOTTLE ,1,2011-10-10 17:12:00,4.13,14096.0,United Kingdom,4.13,Sale
558475,23035,DRAWER KNOB CERAMIC IVORY,2,2011-06-29 15:58:00,3.29,,United Kingdom,6.58,Sale
576665,23265,SET OF 3 WOODEN TREE DECORATIONS,2,2011-11-16 11:46:00,1.25,17841.0,United Kingdom,2.5,Sale
559506,21983,PACK OF 12 BLUE PAISLEY TISSUES ,1,2011-07-08 15:17:00,0.83,,United Kingdom,0.83,Sale
558475,79190D,RETRO PLASTIC DAISY TRAY,1,2011-06-29 15:58:00,0.83,,United Kingdom,0.83,Sale
575177,21471,STRAWBERRY RAFFIA FOOD COVER,1,2011-11-08 18:41:00,3.29,,United Kingdom,3.29,Sale
580048,21914,BLUE HARMONICA IN BOX ,2,2011-12-01 12:53:00,1.25,12748.0,United Kingdom,2.5,Sale
564065,23154,SET OF 4 JAM JAR MAGNETS,12,2011-08-22 15:05:00,2.08,15150.0,United Kingdom,24.96,Sale
570690,84950,ASSORTED COLOUR T-LIGHT HOLDER,6,2011-10-11 16:37:00,1.38,,United Kingdom,8.28,Sale
555650,22831,WHITE BROCANTE SOAP DISH,6,2011-06-06 13:48:00,2.95,14156.0,EIRE,17.700000000000003,Sale
571328,70007,HI TEC ALPINE HAND WARMER,12,2011-10-17 11:27:00,1.65,12473.0,Germany,19.8,Sale
559144,23254,CHILDRENS CUTLERY DOLLY GIRL ,8,2011-07-06 14:17:00,4.15,12921.0,United Kingdom,33.2,Sale
566291,23330,DECORATIVE WICKER HEART MEDIUM,2,2011-09-11 15:31:00,1.25,12965.0,United Kingdom,2.5,Sale
550458,21693,SMALL HAMMERED SILVER CANDLEPOT ,2,2011-04-18 13:13:00,5.79,,United Kingdom,11.58,Sale
580908,22634,CHILDS BREAKFAST SET SPACEBOY ,1,2011-12-06 13:20:00,9.95,16495.0,United Kingdom,9.95,Sale
568568,23366,SET 12 COLOURING PENCILS DOILY,16,2011-09-28 08:48:00,0.65,14412.0,United Kingdom,10.4,Sale
574936,84836,ZINC METAL HEART DECORATION,3,2011-11-07 17:06:00,1.25,13066.0,United Kingdom,3.75,Sale
564187,21231,SWEETHEART CERAMIC TRINKET BOX,4,2011-08-23 15:24:00,1.25,15005.0,United Kingdom,5.0,Sale
579946,23301,GARDENERS KNEELING PAD KEEP CALM ,4,2011-12-01 10:44:00,1.65,15993.0,United Kingdom,6.6,Sale
539225,20972,PINK CREAM FELT CRAFT TRINKET BOX ,12,2010-12-16 13:02:00,1.25,15379.0,United Kingdom,15.0,Sale
562002,85123A,WHITE HANGING HEART T-LIGHT HOLDER,12,2011-08-01 13:48:00,2.95,14567.0,United Kingdom,35.400000000000006,Sale
547720,22487,WHITE WOOD GARDEN PLANT LADDER,1,2011-03-25 10:08:00,9.95,14209.0,United Kingdom,9.95,Sale
578852,22599,CHRISTMAS MUSICAL ZINC STAR,5,2011-11-27 11:12:00,0.29,17841.0,United Kingdom,1.45,Sale
566976,21715,GIRLS VINTAGE TIN SEASIDE BUCKET,8,2011-09-16 09:27:00,2.55,15382.0,United Kingdom,20.4,Sale
580891,22910,PAPER CHAIN KIT VINTAGE CHRISTMAS,6,2011-12-06 12:28:00,2.95,17481.0,United Kingdom,17.700000000000003,Sale
554511,22494,EMERGENCY FIRST AID TIN ,2,2011-05-24 15:52:00,2.46,,United Kingdom,4.92,Sale
555742,22706,WRAP COWBOYS  ,25,2011-06-07 10:34:00,0.42,16949.0,United Kingdom,10.5,Sale
545908,22499,WOODEN UNION JACK BUNTING,3,2011-03-08 09:26:00,5.95,14709.0,United Kingdom,17.85,Sale
552514,22055,MINI CAKE STAND  HANGING STRAWBERY,1,2011-05-09 16:30:00,3.29,,United Kingdom,3.29,Sale
573248,23319,BOX OF 6 MINI 50'S CRACKERS,10,2011-10-28 12:09:00,2.49,14498.0,United Kingdom,24.9,Sale
547730,22629,SPACEBOY LUNCH BOX ,2,2011-03-25 11:01:00,1.95,14796.0,United Kingdom,3.9,Sale
547385,22605,WOODEN CROQUET GARDEN SET,1,2011-03-22 15:48:00,24.96,,United Kingdom,24.96,Sale
579093,22890,NOVELTY BISCUITS CAKE STAND 3 TIER,2,2011-11-28 10:54:00,9.95,13081.0,United Kingdom,19.9,Sale
572123,22659,LUNCH BOX I LOVE LONDON,64,2011-10-21 08:40:00,1.65,14646.0,Netherlands,105.6,Sale
560601,23321,SMALL WHITE HEART OF WICKER,1,2011-07-19 17:17:00,1.65,16764.0,United Kingdom,1.65,Sale
538576,22844,VINTAGE CREAM DOG FOOD CONTAINER,2,2010-12-13 11:29:00,8.5,14498.0,United Kingdom,17.0,Sale
565614,71053,WHITE METAL LANTERN,3,2011-09-05 15:20:00,3.75,17309.0,United Kingdom,11.25,Sale
538365,21034,REX CASH+CARRY JUMBO SHOPPER,1,2010-12-12 10:11:00,0.95,17243.0,United Kingdom,0.95,Sale
578926,21210,SET OF 72 RETROSPOT PAPER  DOILIES,1,2011-11-27 12:24:00,1.45,18156.0,United Kingdom,1.45,Sale
580115,23500,KEY RING BASEBALL BOOT ASSORTED ,26,2011-12-01 16:22:00,2.46,,United Kingdom,63.96,Sale
540260,84849B,FAIRY SOAP SOAP HOLDER,12,2011-01-06 09:40:00,1.69,13097.0,United Kingdom,20.28,Sale
570776,22131,FOOD CONTAINER SET 3 LOVE HEART ,12,2011-10-12 11:45:00,1.95,13985.0,United Kingdom,23.4,Sale
560861,85036A,GARDENIA 1 WICK MORRIS BOXED CANDLE,1,2011-07-21 13:37:00,4.25,17660.0,United Kingdom,4.25,Sale
537844,71215,METAL BASE FOR CANDLES,1,2010-12-08 15:17:00,0.42,17999.0,United Kingdom,0.42,Sale
540176,21240,BLUE POLKADOT CUP,96,2011-01-05 12:40:00,0.72,17511.0,United Kingdom,69.12,Sale
556776,22748,POPPY'S PLAYHOUSE KITCHEN,2,2011-06-14 12:24:00,2.1,14730.0,United Kingdom,4.2,Sale
562955,21713,CITRONELLA CANDLE FLOWERPOT,5,2011-08-11 10:14:00,4.13,,United Kingdom,20.65,Sale
556082,84988,SET OF 72 PINK HEART PAPER DOILIES,1,2011-06-08 15:22:00,3.75,,United Kingdom,3.75,Sale
562045,22169,FAMILY ALBUM WHITE PICTURE FRAME,2,2011-08-02 10:33:00,8.5,12644.0,Germany,17.0,Sale
564852,82552,WASHROOM METAL SIGN,10,2011-08-30 17:23:00,1.45,14976.0,United Kingdom,14.5,Sale
574531,22959,WRAP CHRISTMAS VILLAGE,25,2011-11-04 14:11:00,0.42,12748.0,United Kingdom,10.5,Sale
574561,20723,STRAWBERRY CHARLOTTE BAG,3,2011-11-04 15:52:00,1.63,,United Kingdom,4.89,Sale
539010,22646,CERAMIC STRAWBERRY CAKE MONEY BANK,8,2010-12-15 13:24:00,1.45,15005.0,United Kingdom,11.6,Sale
577594,23352,ROLL WRAP 50'S RED CHRISTMAS ,9,2011-11-20 16:07:00,1.25,13142.0,United Kingdom,11.25,Sale
565587,22215,CAKE STAND WHITE TWO TIER LACE,24,2011-09-05 13:38:00,7.65,12727.0,France,183.6,Sale
563842,21155,RED RETROSPOT PEG BAG,6,2011-08-19 13:54:00,2.55,13871.0,United Kingdom,15.3,Sale
558887,21314,SMALL GLASS HEART TRINKET POT,8,2011-07-04 15:26:00,2.1,18265.0,United Kingdom,16.8,Sale
572897,22467,GUMBALL COAT RACK,1,2011-10-26 14:42:00,4.96,,United Kingdom,4.96,Sale
574738,21485,RETROSPOT HEART HOT WATER BOTTLE,3,2011-11-06 16:01:00,4.95,12748.0,United Kingdom,14.85,Sale
568134,22156,HEART DECORATION WITH PEARLS ,1,2011-09-23 17:02:00,1.63,,United Kingdom,1.63,Sale
540352,22342,HOME GARLAND PAINTED ZINC ,1,2011-01-06 14:27:00,1.66,,United Kingdom,1.66,Sale
539586,21111,"SWISS ROLL TOWEL, CHOCOLATE  SPOTS",24,2010-12-20 13:08:00,1.25,14298.0,United Kingdom,30.0,Sale
559525,23154,SET OF 4 JAM JAR MAGNETS,4,2011-07-10 10:30:00,2.08,16923.0,United Kingdom,8.32,Sale
545901,85199L,LARGE HANGING IVORY & RED WOOD BIRD,4,2011-03-07 17:52:00,0.65,15834.0,United Kingdom,2.6,Sale
571142,20972,PINK CREAM FELT CRAFT TRINKET BOX ,12,2011-10-14 10:21:00,1.25,14567.0,United Kingdom,15.0,Sale
577544,23378,PACK OF 12 50'S CHRISTMAS TISSUES,12,2011-11-20 14:43:00,0.39,17758.0,United Kingdom,4.68,Sale
537614,22867,HAND WARMER BIRD DESIGN,18,2010-12-07 13:29:00,2.1,16904.0,United Kingdom,37.8,Sale
559163,21755,LOVE BUILDING BLOCK WORD,1,2011-07-06 16:33:00,12.46,,United Kingdom,12.46,Sale
572726,22111,SCOTTIE DOG HOT WATER BOTTLE,1,2011-10-25 15:19:00,4.95,16056.0,United Kingdom,4.95,Sale
544186,22743,MAKE YOUR OWN FLOWERPOWER CARD KIT,1,2011-02-16 15:56:00,5.79,,United Kingdom,5.79,Sale
557570,21989,PACK OF 20 SKULL PAPER NAPKINS,4,2011-06-21 10:48:00,0.85,15998.0,United Kingdom,3.4,Sale
548740,20725,LUNCH BAG RED RETROSPOT,10,2011-04-04 11:34:00,1.65,13319.0,United Kingdom,16.5,Sale
548726,22998,TRAVEL CARD WALLET KEEP CALM,24,2011-04-04 09:38:00,0.42,13767.0,United Kingdom,10.08,Sale
540821,90177D,DROP DIAMANTE EARRINGS PURPLE,1,2011-01-11 13:16:00,2.96,,United Kingdom,2.96,Sale
569374,22338,STAR DECORATION PAINTED ZINC ,4,2011-10-03 16:14:00,0.63,,United Kingdom,2.52,Sale
549929,22028,PENNY FARTHING BIRTHDAY CARD,12,2011-04-13 10:32:00,0.42,13740.0,United Kingdom,5.04,Sale
556808,23112,PARISIENNE CURIO CABINET,2,2011-06-14 15:45:00,7.5,17749.0,United Kingdom,15.0,Sale
547248,22284,HEN HOUSE DECORATION,1,2011-03-22 09:23:00,3.29,,United Kingdom,3.29,Sale
556935,21975,PACK OF 60 DINOSAUR CAKE CASES,24,2011-06-15 15:57:00,0.55,17651.0,United Kingdom,13.2,Sale
546846,22364,GLASS JAR DIGESTIVE BISCUITS,1,2011-03-17 12:47:00,2.95,13533.0,United Kingdom,2.95,Sale
541631,21509,COWBOYS AND INDIANS BIRTHDAY CARD ,12,2011-01-20 10:48:00,0.42,12637.0,France,5.04,Sale
565316,21790,VINTAGE SNAP CARDS,12,2011-09-02 12:52:00,0.85,15628.0,United Kingdom,10.2,Sale
552514,22356,CHARLOTTE BAG PINK POLKADOT,1,2011-05-09 16:30:00,1.63,,United Kingdom,1.63,Sale
576837,23583,LUNCH BAG PAISLEY PARK  ,1,2011-11-16 15:16:00,4.13,,United Kingdom,4.13,Sale
551014,23204,CHARLOTTE BAG APPLES DESIGN,10,2011-04-26 11:04:00,0.85,13209.0,United Kingdom,8.5,Sale
560119,23240,SET OF 4 KNICK KNACK TINS DOILEY ,6,2011-07-15 10:21:00,4.15,12815.0,Poland,24.9,Sale
553013,85053,FRENCH ENAMEL CANDLEHOLDER,1,2011-05-12 18:19:00,2.1,,United Kingdom,2.1,Sale
578347,22723,SET OF 6 HERB TINS SKETCHBOOK,1,2011-11-24 09:26:00,8.29,,United Kingdom,8.29,Sale
552660,84519B,CARROT CHARLIE+LOLA COASTER SET,2,2011-05-10 15:03:00,5.79,,United Kingdom,11.58,Sale
554964,21122,SET/10 PINK POLKADOT PARTY CANDLES,2,2011-05-27 15:57:00,1.25,15867.0,United Kingdom,2.5,Sale
563088,22829,SWEETHEART WIRE WALL TIDY,3,2011-08-11 16:51:00,9.95,,United Kingdom,29.85,Sale
559536,M,Manual,2,2011-07-10 12:17:00,0.85,16283.0,United Kingdom,1.7,Sale
552531,22193,RED DINER WALL CLOCK,4,2011-05-10 09:35:00,8.5,13742.0,United Kingdom,34.0,Sale
553008,22488,NATURAL SLATE RECTANGLE CHALKBOARD,5,2011-05-12 16:52:00,1.65,17315.0,United Kingdom,8.25,Sale
537818,22650,CERAMIC PIRATE CHEST MONEY BANK,12,2010-12-08 13:53:00,1.45,12766.0,Portugal,17.4,Sale
541516,85087,CANDY SPOT CUSHION COVER,6,2011-01-18 17:34:00,3.29,,United Kingdom,19.74,Sale
559505,22768,FAMILY PHOTO FRAME CORNICE,4,2011-07-08 15:16:00,9.95,16398.0,United Kingdom,39.8,Sale
544642,47481,50CM METAL STRING WITH  7 CLIPS,4,2011-02-22 11:41:00,0.85,17811.0,United Kingdom,3.4,Sale
570512,23284,DOORMAT KEEP CALM AND COME IN,10,2011-10-11 10:31:00,7.08,14952.0,United Kingdom,70.8,Sale
578757,23312,VINTAGE CHRISTMAS GIFT SACK,2,2011-11-25 11:41:00,4.15,12748.0,United Kingdom,8.3,Sale
578017,21428,SET3 BOOK BOX GREEN GINGHAM FLOWER ,1,2011-11-22 13:07:00,4.25,13569.0,United Kingdom,4.25,Sale
569545,23203,JUMBO BAG VINTAGE DOILY ,1,2011-10-04 16:37:00,4.13,,United Kingdom,4.13,Sale
559319,21830,ASSORTED CREEPY CRAWLIES,24,2011-07-07 14:11:00,0.42,18013.0,United Kingdom,10.08,Sale
572858,23581,JUMBO BAG PAISLEY PARK,2,2011-10-26 12:36:00,2.08,13571.0,United Kingdom,4.16,Sale
571372,23374,RED SPOT PAPER GIFT BAG,2,2011-10-17 11:55:00,0.82,17201.0,United Kingdom,1.64,Sale
566539,22632,HAND WARMER RED RETROSPOT,6,2011-09-13 11:34:00,2.1,17228.0,United Kingdom,12.6,Sale
538778,22863,SOAP DISH BROCANTE,3,2010-12-14 11:37:00,2.95,,United Kingdom,8.850000000000001,Sale
555648,22951,60 CAKE CASES DOLLY GIRL DESIGN,3,2011-06-06 13:46:00,0.55,14623.0,United Kingdom,1.65,Sale
565614,22456,NATURAL SLATE CHALKBOARD LARGE ,1,2011-09-05 15:20:00,4.95,17309.0,United Kingdom,4.95,Sale
562114,21179,NO JUNK MAIL METAL SIGN,4,2011-08-02 16:14:00,1.63,,United Kingdom,6.52,Sale
570420,23399,HOME SWEET HOME HANGING HEART,6,2011-10-10 13:33:00,0.85,17841.0,United Kingdom,5.1,Sale
579535,21703,BAG 125g SWIRLY MARBLES,12,2011-11-30 09:50:00,0.42,15414.0,United Kingdom,5.04,Sale
580729,22809,SET OF 6 T-LIGHTS SANTA,1,2011-12-05 17:24:00,5.79,,United Kingdom,5.79,Sale
573601,21876,POTTERING MUG,1,2011-10-31 15:24:00,3.29,,United Kingdom,3.29,Sale
574331,23545,WRAP RED VINTAGE DOILY,25,2011-11-04 09:24:00,0.42,13178.0,United Kingdom,10.5,Sale
558475,17012A,ORIGAMI VANILLA INCENSE/CANDLE SET ,1,2011-06-29 15:58:00,2.46,,United Kingdom,2.46,Sale
577490,22621,TRADITIONAL KNITTING NANCY,16,2011-11-20 12:11:00,1.65,16464.0,United Kingdom,26.4,Sale
560434,21944,KITTENS DESIGN FLANNEL,2,2011-07-18 15:56:00,0.83,,United Kingdom,1.66,Sale
539955,22367,CHILDRENS APRON SPACEBOY DESIGN,1,2010-12-23 12:13:00,5.06,,United Kingdom,5.06,Sale
550542,84872A,TEATIME FUNKY FLOWER BACKPACK FOR 2,1,2011-04-19 11:37:00,10.79,,United Kingdom,10.79,Sale
565232,23028,DRAWER KNOB CRACKLE GLAZE BLUE,1,2011-09-02 09:30:00,3.29,,United Kingdom,3.29,Sale
550633,22383,LUNCH BAG SUKI DESIGN ,4,2011-04-19 14:57:00,1.65,17449.0,United Kingdom,6.6,Sale
539451,21704,BAG 250g SWIRLY MARBLES,2,2010-12-17 16:59:00,1.66,,United Kingdom,3.32,Sale
571276,22077,6 RIBBONS RUSTIC CHARM,4,2011-10-16 12:30:00,1.95,14702.0,United Kingdom,7.8,Sale
546850,22675,FRENCH KITCHEN SIGN BLUE METAL,5,2011-03-17 13:20:00,1.25,13268.0,United Kingdom,6.25,Sale
550796,22962,JAM JAR WITH PINK LID,2,2011-04-20 14:38:00,0.85,17211.0,United Kingdom,1.7,Sale
577616,82583,HOT BATHS METAL SIGN,12,2011-11-21 10:22:00,2.1,13823.0,United Kingdom,25.200000000000003,Sale
559043,22844,VINTAGE CREAM DOG FOOD CONTAINER,1,2011-07-05 15:35:00,16.63,,United Kingdom,16.63,Sale
564636,22689,DOORMAT MERRY CHRISTMAS RED ,2,2011-08-26 12:44:00,7.95,17146.0,United Kingdom,15.9,Sale
540821,84968D,SET OF 16 VINTAGE RED CUTLERY,5,2011-01-11 13:16:00,8.47,,United Kingdom,42.35,Sale
563771,22355,CHARLOTTE BAG SUKI DESIGN,2,2011-08-19 11:17:00,0.85,17841.0,United Kingdom,1.7,Sale
581217,22329,ROUND CONTAINER SET OF 5 RETROSPOT,1,2011-12-08 09:20:00,3.29,,United Kingdom,3.29,Sale
572544,84879,ASSORTED COLOUR BIRD ORNAMENT,8,2011-10-24 16:34:00,1.69,16023.0,United Kingdom,13.52,Sale
577228,23078,ICE CREAM PEN LIP GLOSS ,20,2011-11-18 12:07:00,1.25,12391.0,Cyprus,25.0,Sale
569683,22579,WOODEN TREE CHRISTMAS SCANDINAVIAN,12,2011-10-05 14:39:00,0.29,15953.0,United Kingdom,3.4799999999999995,Sale
543000,22630,DOLLY GIRL LUNCH BOX,1,2011-02-02 12:17:00,2.46,,United Kingdom,2.46,Sale
574659,23323,WHITE WICKER STAR ,3,2011-11-06 11:44:00,2.1,16942.0,United Kingdom,6.300000000000001,Sale
581217,20978,36 PENCILS TUBE SKULLS,3,2011-12-08 09:20:00,2.46,,United Kingdom,7.38,Sale
572911,84879,ASSORTED COLOUR BIRD ORNAMENT,1,2011-10-26 16:03:00,1.69,16345.0,United Kingdom,1.69,Sale
557473,22986,WRAP GINGHAM ROSE ,25,2011-06-20 13:28:00,0.42,17428.0,United Kingdom,10.5,Sale
572553,23343,JUMBO BAG VINTAGE CHRISTMAS ,2,2011-10-24 17:09:00,4.13,,United Kingdom,8.26,Sale
558614,20971,PINK BLUE FELT CRAFT TRINKET BOX,1,2011-06-30 15:56:00,2.46,,United Kingdom,2.46,Sale
580367,90198A,VINTAGE ROSE BEAD BRACELET RASPBERR,1,2011-12-02 16:39:00,4.15,,United Kingdom,4.15,Sale
559922,22684,FRENCH BLUE METAL DOOR SIGN 9,10,2011-07-13 15:50:00,1.25,14400.0,United Kingdom,12.5,Sale
546250,85194L,HANGING SPRING FLOWER EGG LARGE,12,2011-03-10 14:14:00,0.85,14350.0,United Kingdom,10.2,Sale
560257,23267,SET OF 4 SANTA PLACE SETTINGS,24,2011-07-17 13:25:00,1.25,13340.0,United Kingdom,30.0,Sale
569852,22734,SET OF 6 RIBBONS VINTAGE CHRISTMAS,12,2011-10-06 14:17:00,2.89,13771.0,United Kingdom,34.68,Sale
576249,22726,ALARM CLOCK BAKELIKE GREEN,1,2011-11-14 13:47:00,3.75,17811.0,United Kingdom,3.75,Sale
557894,23163,REGENCY SUGAR TONGS,12,2011-06-23 14:13:00,2.49,14818.0,United Kingdom,29.880000000000003,Sale
565844,23551,PACK OF 12 PAISLEY PARK TISSUES ,24,2011-09-07 12:19:00,0.39,17442.0,United Kingdom,9.36,Sale
559357,22639,SET OF 4 NAPKIN CHARMS HEARTS,1,2011-07-07 18:56:00,2.55,17107.0,United Kingdom,2.55,Sale
570404,22100,SKULLS SQUARE TISSUE BOX,1,2011-10-10 12:50:00,0.39,16395.0,United Kingdom,0.39,Sale
539404,84978,HANGING HEART JAR T-LIGHT HOLDER,6,2010-12-17 12:24:00,1.25,17315.0,United Kingdom,7.5,Sale
564537,37489A,YELLOW/PINK FLOWER DESIGN BIG MUG,2,2011-08-25 15:18:00,0.39,15550.0,United Kingdom,0.78,Sale
550471,22158,3 HEARTS HANGING DECORATION RUSTIC,1,2011-04-18 13:52:00,5.79,,United Kingdom,5.79,Sale
564727,22991,GIRAFFE WOODEN RULER,2,2011-08-28 12:31:00,1.95,16686.0,United Kingdom,3.9,Sale
578149,DOT,DOTCOM POSTAGE,1,2011-11-23 11:11:00,2275.54,,United Kingdom,2275.54,Sale
545534,22668,PINK BABY BUNTING,5,2011-03-03 14:05:00,2.95,17652.0,United Kingdom,14.75,Sale
575486,84978,HANGING HEART JAR T-LIGHT HOLDER,36,2011-11-09 17:07:00,1.06,14911.0,EIRE,38.16,Sale
556778,21682,LARGE MEDINA STAMPED METAL BOWL ,2,2011-06-14 12:41:00,4.95,16712.0,United Kingdom,9.9,Sale
571413,22170,PICTURE FRAME WOOD TRIPLE PORTRAIT,4,2011-10-17 12:33:00,6.75,13923.0,United Kingdom,27.0,Sale
567156,22189,CREAM HEART CARD HOLDER,2,2011-09-16 17:05:00,3.95,14462.0,United Kingdom,7.9,Sale
568531,21500,PINK POLKADOT WRAP ,25,2011-09-27 13:49:00,0.42,16713.0,United Kingdom,10.5,Sale
551997,35971,ROSE FOLKART HEART DECORATIONS,1,2011-05-05 15:47:00,2.46,,United Kingdom,2.46,Sale
575725,23230,WRAP ALPHABET DESIGN,50,2011-11-10 18:46:00,0.42,13098.0,United Kingdom,21.0,Sale
578011,48194,DOORMAT HEARTS,2,2011-11-22 12:52:00,8.25,15150.0,United Kingdom,16.5,Sale
580434,22645,CERAMIC HEART FAIRY CAKE MONEY BANK,3,2011-12-04 12:17:00,0.39,17114.0,United Kingdom,1.17,Sale
555348,22193,RED DINER WALL CLOCK,1,2011-06-02 12:06:00,8.5,15184.0,United Kingdom,8.5,Sale
561667,23025,DRAWER KNOB VINTAGE GLASS BALL,6,2011-07-28 17:00:00,2.08,,EIRE,12.48,Sale
563549,22670,FRENCH WC SIGN BLUE METAL,1,2011-08-17 12:34:00,2.46,,United Kingdom,2.46,Sale
555499,21735,TWO DOOR CURIO CABINET,1,2011-06-03 15:31:00,12.75,15812.0,United Kingdom,12.75,Sale
564221,21356,TOAST ITS - FAIRY FLOWER,1,2011-08-24 09:36:00,2.46,,United Kingdom,2.46,Sale
577078,23100,SILVER BELLS TABLE DECORATION,1,2011-11-17 15:17:00,2.46,,United Kingdom,2.46,Sale
576828,23154,SET OF 4 JAM JAR MAGNETS,1,2011-11-16 14:36:00,2.08,,United Kingdom,2.08,Sale
577051,22219,LOVEBIRD HANGING DECORATION WHITE ,1,2011-11-17 14:02:00,0.85,14034.0,United Kingdom,0.85,Sale
544100,21754,HOME BUILDING BLOCK WORD,3,2011-02-16 10:25:00,5.95,15002.0,United Kingdom,17.85,Sale
541977,21928,JUMBO BAG SCANDINAVIAN PAISLEY,10,2011-01-24 14:44:00,1.95,15078.0,United Kingdom,19.5,Sale
544778,21688,SILVER PLATE CANDLE BOWL SMALL,6,2011-02-23 12:03:00,2.95,14978.0,United Kingdom,17.700000000000003,Sale
540822,85048,15CM CHRISTMAS GLASS BALL 20 LIGHTS,1,2011-01-11 13:25:00,7.95,16042.0,United Kingdom,7.95,Sale
568719,23084,RABBIT NIGHT LIGHT,7,2011-09-28 16:19:00,4.13,,United Kingdom,28.91,Sale
560844,23237,SET OF 4 KNICK KNACK TINS LEAVES ,12,2011-07-21 12:28:00,3.75,14298.0,United Kingdom,45.0,Sale
557623,23287,RED VINTAGE SPOT BEAKER,8,2011-06-21 14:15:00,0.85,15498.0,United Kingdom,6.8,Sale
556484,21500,PINK POLKADOT WRAP ,25,2011-06-12 13:17:00,0.42,16938.0,United Kingdom,10.5,Sale
569672,22659,LUNCH BOX I LOVE LONDON,1,2011-10-05 13:58:00,1.95,17841.0,United Kingdom,1.95,Sale
572229,23375,50'S CHRISTMAS PAPER GIFT BAG,10,2011-10-21 14:23:00,0.82,14329.0,United Kingdom,8.2,Sale
574700,21756,BATH BUILDING BLOCK WORD,2,2011-11-06 13:53:00,6.25,16033.0,United Kingdom,12.5,Sale
559921,20751,FUNKY WASHING UP GLOVES ASSORTED,3,2011-07-13 15:42:00,2.1,13667.0,United Kingdom,6.300000000000001,Sale
568697,84997B,CHILDRENS CUTLERY RETROSPOT RED ,72,2011-09-28 14:57:00,3.75,16281.0,United Kingdom,270.0,Sale
575917,23256,CHILDRENS CUTLERY SPACEBOY ,4,2011-11-11 16:57:00,4.15,13895.0,United Kingdom,16.6,Sale
553996,22457,NATURAL SLATE HEART CHALKBOARD ,6,2011-05-20 11:33:00,2.95,15220.0,United Kingdom,17.700000000000003,Sale
573955,23222,CHRISTMAS TREE HANGING GOLD,12,2011-11-02 10:51:00,0.83,14216.0,United Kingdom,9.96,Sale
574020,23396,LE JARDIN BOTANIQUE CUSHION COVER,4,2011-11-02 12:15:00,3.75,14673.0,United Kingdom,15.0,Sale
565930,21791,VINTAGE HEADS AND TAILS CARD GAME ,12,2011-09-08 10:32:00,1.25,12685.0,France,15.0,Sale
579673,21156,RETROSPOT CHILDRENS APRON,2,2011-11-30 12:59:00,1.95,18283.0,United Kingdom,3.9,Sale
564995,21811,HANGING HEART WITH BELL,3,2011-08-31 16:09:00,1.25,16780.0,United Kingdom,3.75,Sale
554917,22771,CLEAR DRAWER KNOB ACRYLIC EDWARDIAN,12,2011-05-27 12:29:00,1.25,15104.0,United Kingdom,15.0,Sale
569220,35095B,RED VICTORIAN FABRIC OVAL BOX,6,2011-10-02 13:26:00,0.42,16007.0,United Kingdom,2.52,Sale
560928,23032,DRAWER KNOB CRACKLE GLAZE IVORY,6,2011-07-22 10:00:00,1.65,14852.0,United Kingdom,9.9,Sale
542895,22956,36 FOIL HEART CAKE CASES,1,2011-02-01 13:47:00,2.1,14549.0,United Kingdom,2.1,Sale
575607,22948,METAL DECORATION NAUGHTY CHILDREN ,4,2011-11-10 12:37:00,1.66,14096.0,United Kingdom,6.64,Sale
559515,21411,GINGHAM HEART  DOORSTOP RED,1,2011-07-08 15:58:00,8.29,,United Kingdom,8.29,Sale
566872,22659,LUNCH BOX I LOVE LONDON,3,2011-09-15 13:28:00,1.95,16729.0,United Kingdom,5.85,Sale
569870,23390,DOLLY GIRL MINI BACKPACK,2,2011-10-06 14:59:00,4.15,12757.0,Portugal,8.3,Sale
579843,23199,JUMBO BAG APPLES,10,2011-11-30 16:21:00,2.08,12921.0,United Kingdom,20.8,Sale
573579,21156,RETROSPOT CHILDRENS APRON,1,2011-10-31 14:19:00,1.95,15033.0,United Kingdom,1.95,Sale
576321,22596,CHRISTMAS STAR WISH LIST CHALKBOARD,5,2011-11-14 14:59:00,1.25,14953.0,United Kingdom,6.25,Sale
573414,23413,DECORATIVE VINTAGE COFFEE  BOX,1,2011-10-30 16:15:00,4.95,16877.0,United Kingdom,4.95,Sale
575656,23108,SET OF 10 LED DOLLY LIGHTS,4,2011-11-10 14:29:00,6.25,13319.0,United Kingdom,25.0,Sale
549831,21977,PACK OF 60 PINK PAISLEY CAKE CASES,24,2011-04-12 13:10:00,0.55,14844.0,United Kingdom,13.2,Sale
550968,22699,ROSES REGENCY TEACUP AND SAUCER ,6,2011-04-21 16:59:00,2.95,14961.0,United Kingdom,17.700000000000003,Sale
578666,22169,FAMILY ALBUM WHITE PICTURE FRAME,2,2011-11-24 17:06:00,8.5,17727.0,United Kingdom,17.0,Sale
577495,23583,LUNCH BAG PAISLEY PARK  ,2,2011-11-20 12:20:00,1.65,14704.0,United Kingdom,3.3,Sale
551719,20840,FRENCH FLORAL CUSHION COVER ,1,2011-05-03 16:09:00,3.29,,United Kingdom,3.29,Sale
540026,85163A,WHITE BAROQUE WALL CLOCK ,4,2011-01-04 13:25:00,8.47,,United Kingdom,33.88,Sale
565156,23199,JUMBO BAG APPLES,10,2011-09-01 15:04:00,2.08,13045.0,United Kingdom,20.8,Sale
541520,20713,JUMBO BAG OWLS,10,2011-01-19 09:13:00,1.95,12422.0,Australia,19.5,Sale
540702,35004C,SET OF 3 COLOURED  FLYING DUCKS,3,2011-01-11 09:58:00,5.45,13491.0,United Kingdom,16.35,Sale
560926,22615,PACK OF 12 CIRCUS PARADE TISSUES ,1,2011-07-22 09:20:00,0.83,,United Kingdom,0.83,Sale
566647,23323,WHITE WICKER STAR ,9,2011-09-14 11:21:00,2.1,18001.0,United Kingdom,18.9,Sale
575846,23445,ICE CREAM BUBBLES,20,2011-11-11 12:07:00,0.83,17364.0,United Kingdom,16.599999999999998,Sale
578308,22739,RIBBON REEL CHRISTMAS SOCK BAUBLE,1,2011-11-23 16:09:00,1.65,12748.0,United Kingdom,1.65,Sale
558904,21723,ALPHABET HEARTS STICKER SHEET,4,2011-07-04 16:18:00,0.79,,United Kingdom,3.16,Sale
575628,23296,SET OF 6 TEA TIME BAKING CASES,1,2011-11-10 13:31:00,1.25,12844.0,United Kingdom,1.25,Sale
570127,23241,TREASURE TIN GYMKHANA DESIGN,3,2011-10-07 13:17:00,2.08,16900.0,United Kingdom,6.24,Sale
541864,37446,MINI CAKE STAND WITH HANGING CAKES,32,2011-01-23 16:17:00,1.25,13798.0,United Kingdom,40.0,Sale
559056,21401,BLUE PUDDING SPOON,24,2011-07-06 09:15:00,0.12,14645.0,United Kingdom,2.88,Sale
537823,84913B,MINT GREEN ROSE TOWEL,1,2010-12-08 14:25:00,3.36,,United Kingdom,3.36,Sale
565234,21080,SET/20 RED RETROSPOT PAPER NAPKINS ,1,2011-09-02 09:38:00,1.63,,United Kingdom,1.63,Sale
553691,23256,CHILDRENS CUTLERY SPACEBOY ,2,2011-05-18 14:08:00,4.15,15311.0,United Kingdom,8.3,Sale
572562,23483,HANGING  BUTTERFLY T-LIGHT HOLDER,12,2011-10-25 09:07:00,1.25,13481.0,United Kingdom,15.0,Sale
579693,22693,GROW A FLYTRAP OR SUNFLOWER IN TIN,24,2011-11-30 14:09:00,1.25,15712.0,United Kingdom,30.0,Sale
550638,23194,GYMKHANA TREASURE BOOK BOX,1,2011-04-19 15:44:00,4.58,,United Kingdom,4.58,Sale
571714,22798,ANTIQUE GLASS DRESSING TABLE POT,1,2011-10-18 17:00:00,5.79,,United Kingdom,5.79,Sale
569129,22327,ROUND SNACK BOXES SET OF 4 SKULLS,2,2011-09-30 13:40:00,2.95,15034.0,United Kingdom,5.9,Sale
548894,84970S,HANGING HEART ZINC T-LIGHT HOLDER,3,2011-04-04 16:01:00,2.08,,United Kingdom,6.24,Sale
571123,23241,TREASURE TIN GYMKHANA DESIGN,6,2011-10-14 09:35:00,2.08,14856.0,United Kingdom,12.48,Sale
543973,22697,GREEN REGENCY TEACUP AND SAUCER,1,2011-02-14 15:15:00,2.95,17571.0,United Kingdom,2.95,Sale
547969,20675,BLUE POLKADOT BOWL,8,2011-03-28 16:27:00,1.25,17238.0,United Kingdom,10.0,Sale
566304,23204,CHARLOTTE BAG APPLES DESIGN,10,2011-09-12 09:03:00,0.85,18158.0,United Kingdom,8.5,Sale
542627,22147,FELTCRAFT BUTTERFLY HEARTS,12,2011-01-31 09:51:00,1.45,14426.0,United Kingdom,17.4,Sale
542622,21878,PACK OF 6 SANDCASTLE FLAGS ASSORTED,4,2011-01-31 09:09:00,1.63,,United Kingdom,6.52,Sale
563555,20712,JUMBO BAG WOODLAND ANIMALS,4,2011-08-17 13:21:00,2.08,16755.0,United Kingdom,8.32,Sale
542255,22196,SMALL HEART MEASURING SPOONS,1,2011-01-26 16:43:00,1.63,,United Kingdom,1.63,Sale
547063,22487,WHITE WOOD GARDEN PLANT LADDER,1,2011-03-20 13:33:00,9.95,14769.0,United Kingdom,9.95,Sale
548192,22148,EASTER CRAFT 4 CHICKS ,5,2011-03-29 15:22:00,1.95,17364.0,United Kingdom,9.75,Sale
575167,23394,POSTE FRANCE CUSHION COVER,4,2011-11-08 17:09:00,3.75,15153.0,United Kingdom,15.0,Sale
552827,21260,FIRST AID TIN,12,2011-05-11 13:20:00,3.25,18144.0,United Kingdom,39.0,Sale
542098,22693,GROW A FLYTRAP OR SUNFLOWER IN TIN,24,2011-01-25 13:04:00,1.25,16531.0,United Kingdom,30.0,Sale
581104,84949,SILVER HANGING T-LIGHT HOLDER,6,2011-12-07 12:11:00,1.65,13668.0,United Kingdom,9.9,Sale
543382,22723,SET OF 6 HERB TINS SKETCHBOOK,1,2011-02-07 16:21:00,3.95,14030.0,United Kingdom,3.95,Sale
579157,23434,3 RAFFIA RIBBONS 50'S CHRISTMAS ,10,2011-11-28 13:51:00,0.79,15540.0,United Kingdom,7.9,Sale
569518,82482,WOODEN PICTURE FRAME WHITE FINISH,4,2011-10-04 14:28:00,2.95,13263.0,United Kingdom,11.8,Sale
577473,22093,MOTORING TISSUE BOX,1,2011-11-20 11:28:00,0.39,15919.0,United Kingdom,0.39,Sale
566850,22735,RIBBON REEL SOCKS AND MITTENS,10,2011-09-15 12:04:00,1.65,13662.0,United Kingdom,16.5,Sale
569521,22142,CHRISTMAS CRAFT WHITE FAIRY ,2,2011-10-04 14:33:00,1.45,16474.0,United Kingdom,2.9,Sale
568531,23546,WRAP PAISLEY PARK ,25,2011-09-27 13:49:00,0.42,16713.0,United Kingdom,10.5,Sale
578953,22910,PAPER CHAIN KIT VINTAGE CHRISTMAS,5,2011-11-27 14:50:00,2.95,13546.0,United Kingdom,14.75,Sale
571561,21888,BINGO SET,8,2011-10-18 10:02:00,3.75,14015.0,United Kingdom,30.0,Sale
572568,22722,SET OF 6 SPICE TINS PANTRY DESIGN,4,2011-10-25 10:31:00,3.95,14001.0,United Kingdom,15.8,Sale
567175,21257,VICTORIAN SEWING BOX MEDIUM,2,2011-09-18 13:38:00,7.95,13067.0,United Kingdom,15.9,Sale
545410,47567B,TEA TIME KITCHEN APRON,3,2011-03-02 12:18:00,5.95,16670.0,United Kingdom,17.85,Sale
548308,22898,CHILDRENS APRON APPLES DESIGN,2,2011-03-30 12:00:00,1.95,17220.0,United Kingdom,3.9,Sale
560537,20992,JAZZ HEARTS PURSE NOTEBOOK,5,2011-07-19 12:19:00,0.39,17779.0,United Kingdom,1.95,Sale
570111,22139,RETROSPOT TEA SET CERAMIC 11 PC ,1,2011-10-07 12:28:00,4.95,15005.0,United Kingdom,4.95,Sale
580833,22654,DELUXE SEWING KIT ,1,2011-12-06 11:41:00,5.95,16764.0,United Kingdom,5.95,Sale
562277,22151,PLACE SETTING WHITE HEART,24,2011-08-04 10:24:00,0.42,17315.0,United Kingdom,10.08,Sale
578420,48111,DOORMAT 3 SMILEY CATS,2,2011-11-24 11:57:00,8.25,16326.0,United Kingdom,16.5,Sale
578539,22150,3 STRIPEY MICE FELTCRAFT,6,2011-11-24 14:55:00,1.95,,Unspecified,11.7,Sale
547412,21915,RED  HARMONICA IN BOX ,12,2011-03-23 09:42:00,1.25,12399.0,Belgium,15.0,Sale
564852,82551,LAUNDRY 15C METAL SIGN,10,2011-08-30 17:23:00,1.45,14976.0,United Kingdom,14.5,Sale
537077,22952,60 CAKE CASES VINTAGE CHRISTMAS,24,2010-12-05 11:59:00,0.55,17062.0,United Kingdom,13.2,Sale
570258,22507,MEMO BOARD RETROSPOT  DESIGN,2,2011-10-10 09:56:00,10.79,,United Kingdom,21.58,Sale
564840,22819,"BIRTHDAY CARD, RETRO SPOT",2,2011-08-30 12:49:00,0.42,,United Kingdom,0.84,Sale
558042,22721,SET OF 3 CAKE TINS SKETCHBOOK,3,2011-06-24 13:26:00,4.95,13870.0,United Kingdom,14.85,Sale
580360,23552,BICYCLE PUNCTURE REPAIR KIT ,6,2011-12-02 16:14:00,2.08,14493.0,United Kingdom,12.48,Sale
581133,22065,CHRISTMAS PUDDING TRINKET POT ,288,2011-12-07 12:55:00,0.39,14904.0,United Kingdom,112.32,Sale
569729,82484,WOOD BLACK BOARD ANT WHITE FINISH,2,2011-10-06 09:43:00,7.95,16350.0,United Kingdom,15.9,Sale
536592,90054,CRACKED GLAZE EARRINGS RED,1,2010-12-01 17:06:00,2.54,,United Kingdom,2.54,Sale
552826,23091,ZINC HERB GARDEN CONTAINER,5,2011-05-11 13:20:00,6.25,14277.0,France,31.25,Sale
576840,23210,WHITE ROCKING HORSE HAND PAINTED,11,2011-11-16 15:23:00,2.46,,United Kingdom,27.06,Sale
560049,48194,DOORMAT HEARTS,2,2011-07-14 15:03:00,7.95,14857.0,United Kingdom,15.9,Sale
576339,21035,SET/2 RED RETROSPOT TEA TOWELS ,3,2011-11-14 15:27:00,6.63,14096.0,United Kingdom,19.89,Sale
564818,23093,SMALL PARISIENNE HEART PHOTO FRAME ,1,2011-08-30 12:10:00,4.96,,United Kingdom,4.96,Sale
536876,22219,LOVEBIRD HANGING DECORATION WHITE ,3,2010-12-03 11:36:00,1.66,,United Kingdom,4.98,Sale
558777,16236,KITTY PENCIL ERASERS,1,2011-07-04 10:23:00,0.42,,United Kingdom,0.42,Sale
559289,20723,STRAWBERRY CHARLOTTE BAG,3,2011-07-07 12:22:00,0.85,15719.0,United Kingdom,2.55,Sale
565332,21136,PAINTED METAL PEARS ASSORTED,16,2011-09-02 14:09:00,1.69,13695.0,United Kingdom,27.04,Sale
571717,20757,RED DAISY POCKET BOOK ,3,2011-10-18 17:10:00,0.85,14381.0,United Kingdom,2.55,Sale
545559,22804,CANDLEHOLDER PINK HANGING HEART,1,2011-03-03 15:31:00,2.95,15005.0,United Kingdom,2.95,Sale
554682,23253,16 PIECE CUTLERY SET PANTRY DESIGN,1,2011-05-25 16:08:00,15.95,14085.0,United Kingdom,15.95,Sale
565649,22980,PANTRY SCRUBBING BRUSH,6,2011-09-05 16:27:00,1.65,16712.0,United Kingdom,9.9,Sale
567668,46776C,WOVEN FROST CUSHION COVER,3,2011-09-21 15:29:00,4.13,,United Kingdom,12.39,Sale
540995,85150,LADIES & GENTLEMEN METAL SIGN,1,2011-01-13 09:30:00,4.96,,United Kingdom,4.96,Sale
557846,16161U,WRAP SUKI AND FRIENDS,25,2011-06-23 10:44:00,0.42,17365.0,United Kingdom,10.5,Sale
557500,23300,GARDENERS KNEELING PAD CUP OF TEA ,1,2011-06-20 15:27:00,3.29,,United Kingdom,3.29,Sale
550132,22283,6 EGG HOUSE PAINTED WOOD,4,2011-04-14 13:33:00,7.95,16933.0,United Kingdom,31.8,Sale
579503,23175,REGENCY MILK JUG PINK ,2,2011-11-29 16:23:00,3.25,17097.0,Spain,6.5,Sale
569514,23242,TREASURE TIN BUFFALO BILL ,6,2011-10-04 13:56:00,2.08,15228.0,United Kingdom,12.48,Sale
580272,72349B,SET/6 PURPLE BUTTERFLY T-LIGHTS,2,2011-12-02 12:52:00,2.1,15547.0,United Kingdom,4.2,Sale
556197,82578,KITCHEN METAL SIGN,12,2011-06-09 12:27:00,0.55,18065.0,United Kingdom,6.6000000000000005,Sale
564436,21123,SET/10 IVORY POLKADOT PARTY CANDLES,1,2011-08-25 12:06:00,1.25,17841.0,United Kingdom,1.25,Sale
578022,79160,HEART SHAPE WIRELESS DOORBELL,1,2011-11-22 13:25:00,2.1,17371.0,United Kingdom,2.1,Sale
536401,20749,ASSORTED COLOUR MINI CASES,1,2010-12-01 11:21:00,7.95,15862.0,United Kingdom,7.95,Sale
576087,22661,CHARLOTTE BAG DOLLY GIRL DESIGN,10,2011-11-14 08:31:00,0.85,12689.0,France,8.5,Sale
542226,22066,LOVE HEART TRINKET POT,4,2011-01-26 13:20:00,1.45,17075.0,United Kingdom,5.8,Sale
570466,23275,SET OF 3 HANGING OWLS OLLIE BEAK,3,2011-10-10 16:03:00,1.25,16791.0,United Kingdom,3.75,Sale
538510,16216,LETTER SHAPE PENCIL SHARPENER,10,2010-12-12 13:47:00,0.16,18004.0,United Kingdom,1.6,Sale
555567,20914,SET/5 RED RETROSPOT LID GLASS BOWLS,3,2011-06-05 15:25:00,2.95,17050.0,United Kingdom,8.850000000000001,Sale
571903,20970,PINK FLORAL FELTCRAFT SHOULDER BAG,4,2011-10-19 14:40:00,3.75,15754.0,United Kingdom,15.0,Sale
566115,22614,PACK OF 12 SPACEBOY TISSUES,24,2011-09-09 10:51:00,0.29,12674.0,France,6.959999999999999,Sale
558475,22954,HEN PARTY CORDON BARRIER TAPE,3,2011-06-29 15:58:00,0.83,,United Kingdom,2.49,Sale
555726,23275,SET OF 3 HANGING OWLS OLLIE BEAK,12,2011-06-06 16:23:00,1.25,12540.0,Spain,15.0,Sale
577805,22144,CHRISTMAS CRAFT LITTLE FRIENDS,40,2011-11-22 08:19:00,1.85,13881.0,United Kingdom,74.0,Sale
537645,22352,LUNCH BOX WITH CUTLERY RETROSPOT ,1,2010-12-07 15:34:00,5.06,,United Kingdom,5.06,Sale
536538,21524,DOORMAT SPOTTY HOME SWEET HOME,1,2010-12-01 13:54:00,7.95,14594.0,United Kingdom,7.95,Sale
546759,23052,RECYCLED ACAPULCO MAT TURQUOISE,2,2011-03-16 13:58:00,8.25,12712.0,Germany,16.5,Sale
573890,23208,LUNCH BAG VINTAGE LEAF DESIGN,1,2011-11-01 13:49:00,1.65,12748.0,United Kingdom,1.65,Sale
567462,84596B,SMALL DOLLY MIX DESIGN ORANGE BOWL,3,2011-09-20 12:35:00,0.42,14446.0,United Kingdom,1.26,Sale
545865,85099B,JUMBO BAG RED RETROSPOT,400,2011-03-07 14:17:00,1.65,15769.0,United Kingdom,660.0,Sale
562930,22171,3 HOOK PHOTO SHELF ANTIQUE WHITE,4,2011-08-10 16:01:00,8.5,14209.0,United Kingdom,34.0,Sale
558707,23208,LUNCH BAG VINTAGE LEAF DESIGN,1,2011-07-01 12:58:00,1.65,12748.0,United Kingdom,1.65,Sale
563714,84859C,PINK DISCO HANDBAG,12,2011-08-18 15:51:00,1.95,14565.0,United Kingdom,23.4,Sale
558475,90170,DAISY HAIR BAND,1,2011-06-29 15:58:00,1.65,,United Kingdom,1.65,Sale
559506,21579,LOLITA  DESIGN  COTTON TOTE BAG,1,2011-07-08 15:17:00,1.63,,United Kingdom,1.63,Sale
559460,21936,RED RETROSPOT PICNIC BAG,10,2011-07-08 13:00:00,2.95,13862.0,United Kingdom,29.5,Sale
557755,48194,DOORMAT HEARTS,10,2011-06-22 13:14:00,6.75,14733.0,United Kingdom,67.5,Sale
559922,21231,SWEETHEART CERAMIC TRINKET BOX,12,2011-07-13 15:50:00,1.25,14400.0,United Kingdom,15.0,Sale
540247,21714,CITRONELLA CANDLE GARDEN POT,6,2011-01-05 15:56:00,1.25,15464.0,United Kingdom,7.5,Sale
558073,22699,ROSES REGENCY TEACUP AND SAUCER ,6,2011-06-24 16:21:00,2.95,13004.0,United Kingdom,17.700000000000003,Sale
576556,23566,EGG CUP MILKMAID HEIDI,12,2011-11-15 13:07:00,1.25,14640.0,United Kingdom,15.0,Sale
565118,20727,LUNCH BAG  BLACK SKULL.,1,2011-09-01 11:33:00,1.65,15039.0,United Kingdom,1.65,Sale
577331,21804,WHITE CHRISTMAS GARLAND STARS TREES,2,2011-11-18 14:23:00,3.75,14667.0,United Kingdom,7.5,Sale
562849,23207,LUNCH BAG ALPHABET DESIGN,10,2011-08-10 09:52:00,1.65,16700.0,United Kingdom,16.5,Sale
576910,23146,TRIPLE HOOK ANTIQUE IVORY ROSE,8,2011-11-17 09:51:00,3.29,12477.0,Germany,26.32,Sale
578947,23275,SET OF 3 HANGING OWLS OLLIE BEAK,12,2011-11-27 13:49:00,1.25,14547.0,United Kingdom,15.0,Sale
566273,22720,SET OF 3 CAKE TINS PANTRY DESIGN ,3,2011-09-11 13:56:00,4.95,14720.0,United Kingdom,14.85,Sale
571668,23245,SET OF 3 REGENCY CAKE TINS,4,2011-10-18 13:10:00,4.95,16515.0,United Kingdom,19.8,Sale
576924,84347,ROTATING SILVER ANGELS T-LIGHT HLDR,6,2011-11-17 10:53:00,2.55,17419.0,United Kingdom,15.3,Sale
566913,22893,MINI CAKE STAND T-LIGHT HOLDER,12,2011-09-15 14:07:00,0.42,17602.0,United Kingdom,5.04,Sale
546417,23126,FELTCRAFT GIRL AMELIE KIT,3,2011-03-13 10:48:00,4.95,14800.0,United Kingdom,14.85,Sale
578999,85038,6 CHOCOLATE LOVE HEART T-LIGHTS,3,2011-11-27 16:08:00,2.1,17595.0,United Kingdom,6.300000000000001,Sale
549300,22784,LANTERN CREAM GAZEBO ,3,2011-04-08 08:21:00,4.95,13362.0,United Kingdom,14.85,Sale
553189,22456,NATURAL SLATE CHALKBOARD LARGE ,1,2011-05-15 13:14:00,4.95,15033.0,United Kingdom,4.95,Sale
568166,23121,PACK OF 6 COCKTAIL PARASOL STRAWS,1,2011-09-25 12:45:00,0.42,14800.0,United Kingdom,0.42,Sale
551346,20750,RED RETROSPOT MINI CASES,2,2011-04-28 09:12:00,7.95,12362.0,Belgium,15.9,Sale
563195,23250,VINTAGE RED TRIM ENAMEL BOWL ,1,2011-08-12 16:36:00,2.46,,United Kingdom,2.46,Sale
543998,22971,QUEENS GUARD COFFEE MUG,36,2011-02-15 10:52:00,2.1,18093.0,United Kingdom,75.60000000000001,Sale
538349,22219,LOVEBIRD HANGING DECORATION WHITE ,1,2010-12-10 14:59:00,1.66,,United Kingdom,1.66,Sale
553933,20711,JUMBO BAG TOYS ,10,2011-05-20 10:30:00,2.08,15078.0,United Kingdom,20.8,Sale
551697,POST,POSTAGE,1,2011-05-03 13:46:00,8142.75,16029.0,United Kingdom,8142.75,Sale
537817,22837,HOT WATER BOTTLE BABUSHKA ,4,2010-12-08 13:53:00,4.65,18269.0,United Kingdom,18.6,Sale
577511,22566,FELTCRAFT HAIRBAND PINK AND PURPLE,1,2011-11-20 12:53:00,0.85,17561.0,United Kingdom,0.85,Sale
556127,22585,PACK OF 6 BIRDY GIFT TAGS,24,2011-06-09 10:23:00,1.25,12406.0,Denmark,30.0,Sale
573395,23511,EMBROIDERED RIBBON REEL EMILY ,6,2011-10-30 15:11:00,2.08,15385.0,United Kingdom,12.48,Sale
552964,21876,POTTERING MUG,12,2011-05-12 13:05:00,1.25,16057.0,United Kingdom,15.0,Sale
559689,21198,WHITE HEART CONFETTI IN TUBE,1,2011-07-11 15:46:00,1.65,,United Kingdom,1.65,Sale
580610,23353,6 GIFT TAGS VINTAGE CHRISTMAS ,1,2011-12-05 11:48:00,1.63,,United Kingdom,1.63,Sale
577804,23344,JUMBO BAG 50'S CHRISTMAS ,1,2011-11-21 17:33:00,2.08,17432.0,United Kingdom,2.08,Sale
559893,23094,LE GRAND TRAY CHIC SET,1,2011-07-13 12:06:00,12.5,14498.0,United Kingdom,12.5,Sale
576617,22207,FRYING PAN UNION FLAG,1,2011-11-15 16:57:00,8.29,,United Kingdom,8.29,Sale
553762,22996,TRAVEL CARD WALLET VINTAGE TICKET,24,2011-05-19 10:38:00,0.42,18145.0,United Kingdom,10.08,Sale
553162,84988,SET OF 72 PINK HEART PAPER DOILIES,3,2011-05-13 15:53:00,2.92,,United Kingdom,8.76,Sale
540832,22725,ALARM CLOCK BAKELIKE CHOCOLATE,8,2011-01-11 14:42:00,5.79,,United Kingdom,46.32,Sale
571098,22494,EMERGENCY FIRST AID TIN ,1,2011-10-13 15:38:00,1.25,17841.0,United Kingdom,1.25,Sale
568319,21623,VINTAGE UNION JACK MEMOBOARD,48,2011-09-26 13:35:00,8.5,17389.0,United Kingdom,408.0,Sale
536947,22333,RETROSPOT PARTY BAG + STICKER SET,8,2010-12-03 12:29:00,1.65,13013.0,United Kingdom,13.2,Sale
579187,85174,S/4 CACTI CANDLES,1,2011-11-28 15:31:00,10.79,,United Kingdom,10.79,Sale
574038,21624,VINTAGE UNION JACK DOORSTOP,3,2011-11-02 12:56:00,5.95,18164.0,United Kingdom,17.85,Sale
554694,84510A,SET OF 4 ENGLISH ROSE COASTERS,1,2011-05-25 17:06:00,2.46,,United Kingdom,2.46,Sale
539437,22297,HEART IVORY TRELLIS SMALL,1,2010-12-17 14:54:00,2.51,,United Kingdom,2.51,Sale
552306,21922,UNION STRIPE WITH FRINGE  HAMMOCK,2,2011-05-08 15:20:00,7.95,13911.0,United Kingdom,15.9,Sale
563076,22423,REGENCY CAKESTAND 3 TIER,32,2011-08-11 16:12:00,10.95,14646.0,Netherlands,350.4,Sale
547417,20914,SET/5 RED RETROSPOT LID GLASS BOWLS,6,2011-03-23 10:25:00,2.95,13239.0,United Kingdom,17.700000000000003,Sale
559607,22328,ROUND SNACK BOXES SET OF 4 FRUITS ,6,2011-07-11 11:39:00,2.95,12681.0,France,17.700000000000003,Sale
566199,21754,HOME BUILDING BLOCK WORD,9,2011-09-09 14:12:00,6.25,14824.0,United Kingdom,56.25,Sale
576075,20828,GLITTER BUTTERFLY CLIPS,4,2011-11-13 16:16:00,2.55,15861.0,United Kingdom,10.2,Sale
572923,22812,PACK 3 BOXES CHRISTMAS PANNETONE,12,2011-10-27 08:35:00,1.95,15948.0,United Kingdom,23.4,Sale
538807,22910,PAPER CHAIN KIT VINTAGE CHRISTMAS,1,2010-12-14 12:06:00,2.95,17194.0,United Kingdom,2.95,Sale
547223,20974,12 PENCILS SMALL TUBE SKULL,4,2011-03-21 15:10:00,0.65,12867.0,United Kingdom,2.6,Sale
565617,21485,RETROSPOT HEART HOT WATER BOTTLE,1,2011-09-05 15:30:00,10.79,,United Kingdom,10.79,Sale
544569,48138,DOORMAT UNION FLAG,2,2011-02-21 12:58:00,7.95,16980.0,United Kingdom,15.9,Sale
572650,20713,JUMBO BAG OWLS,3,2011-10-25 12:00:00,2.08,15506.0,United Kingdom,6.24,Sale
547649,21155,RED RETROSPOT PEG BAG,3,2011-03-24 12:02:00,2.55,18118.0,United Kingdom,7.649999999999999,Sale
554946,22606,WOODEN SKITTLES GARDEN SET,1,2011-05-27 14:22:00,15.95,18242.0,United Kingdom,15.95,Sale
566063,23032,DRAWER KNOB CRACKLE GLAZE IVORY,12,2011-09-08 15:41:00,1.65,16011.0,United Kingdom,19.8,Sale
543901,22447,PIN CUSHION BABUSHKA BLUE,6,2011-02-14 12:13:00,3.35,17659.0,United Kingdom,20.1,Sale
543546,22281,EASTER TREE YELLOW BIRDS,1,2011-02-09 16:52:00,12.46,,United Kingdom,12.46,Sale
544161,21756,BATH BUILDING BLOCK WORD,3,2011-02-16 12:59:00,5.95,16875.0,United Kingdom,17.85,Sale
548984,21260,FIRST AID TIN,1,2011-04-05 12:37:00,3.25,14546.0,United Kingdom,3.25,Sale
581219,20718,RED RETROSPOT SHOPPER BAG,1,2011-12-08 09:28:00,2.46,,United Kingdom,2.46,Sale
571486,21871,SAVE THE PLANET MUG,12,2011-10-17 14:59:00,1.65,17612.0,United Kingdom,19.8,Sale
580260,23321,SMALL WHITE HEART OF WICKER,2,2011-12-02 12:36:00,1.65,14085.0,United Kingdom,3.3,Sale
579512,82578,KITCHEN METAL SIGN,1,2011-11-29 16:47:00,1.25,,United Kingdom,1.25,Sale
573867,23256,CHILDRENS CUTLERY SPACEBOY ,8,2011-11-01 12:12:00,4.15,12674.0,France,33.2,Sale
566290,21929,JUMBO BAG PINK VINTAGE PAISLEY,2,2011-09-11 15:24:00,2.08,14456.0,United Kingdom,4.16,Sale
569137,22900,SET 2 TEA TOWELS I LOVE LONDON ,2,2011-09-30 14:45:00,4.13,,United Kingdom,8.26,Sale
557427,23275,SET OF 3 HANGING OWLS OLLIE BEAK,24,2011-06-20 12:14:00,1.25,12429.0,Denmark,30.0,Sale
574700,21976,PACK OF 60 MUSHROOM CAKE CASES,3,2011-11-06 13:53:00,0.55,16033.0,United Kingdom,1.65,Sale
564135,22940,FELTCRAFT CHRISTMAS FAIRY,2,2011-08-23 11:12:00,4.25,16550.0,United Kingdom,8.5,Sale
576840,90165A,PINK ROSEBUD PEARL EARRINGS,1,2011-11-16 15:23:00,2.48,,United Kingdom,2.48,Sale
542226,84997D,PINK 3 PIECE POLKADOT CUTLERY SET,2,2011-01-26 13:20:00,3.75,17075.0,United Kingdom,7.5,Sale
561879,22729,ALARM CLOCK BAKELIKE ORANGE,4,2011-07-31 12:43:00,3.75,13722.0,United Kingdom,15.0,Sale
572741,22619,SET OF 6 SOLDIER SKITTLES,4,2011-10-25 15:47:00,3.75,14341.0,United Kingdom,15.0,Sale
540169,22354,RETROSPOT PADDED SEAT CUSHION,2,2011-01-05 12:20:00,3.75,14527.0,United Kingdom,7.5,Sale
549023,21401,BLUE PUDDING SPOON,1,2011-04-05 16:27:00,0.42,,United Kingdom,0.42,Sale
540255,21518,BANK ACCOUNT  GREETING  CARD ,3,2011-01-05 16:50:00,0.43,,United Kingdom,1.29,Sale
547106,20675,BLUE POLKADOT BOWL,4,2011-03-21 11:24:00,1.25,15039.0,United Kingdom,5.0,Sale
563896,22191,IVORY DINER WALL CLOCK,2,2011-08-21 10:44:00,8.5,17061.0,United Kingdom,17.0,Sale
578928,22909,SET OF 20 VINTAGE CHRISTMAS NAPKINS,10,2011-11-27 12:29:00,0.85,15443.0,United Kingdom,8.5,Sale
536544,22588,CARD HOLDER GINGHAM HEART,3,2010-12-01 14:32:00,5.06,,United Kingdom,15.18,Sale
575481,17012D,ORIGAMI ROSE INCENSE/CANDLE SET ,4,2011-11-09 16:28:00,0.85,15679.0,United Kingdom,3.4,Sale
544791,22457,NATURAL SLATE HEART CHALKBOARD ,6,2011-02-23 12:33:00,2.95,14289.0,United Kingdom,17.700000000000003,Sale
559907,23205,CHARLOTTE BAG VINTAGE ALPHABET ,20,2011-07-13 13:37:00,0.85,12766.0,Portugal,17.0,Sale
553658,82600,NO SINGING METAL SIGN,12,2011-05-18 11:42:00,2.1,16818.0,United Kingdom,25.200000000000003,Sale
556915,22908,PACK OF 20 NAPKINS RED APPLES,2,2011-06-15 13:35:00,0.85,15036.0,United Kingdom,1.7,Sale
567912,20725,LUNCH BAG RED RETROSPOT,4,2011-09-22 17:07:00,1.65,15555.0,United Kingdom,6.6,Sale
549578,21175,GIN + TONIC DIET METAL SIGN,12,2011-04-11 08:49:00,2.55,17340.0,United Kingdom,30.6,Sale
538248,22469,HEART OF WICKER SMALL,1,2010-12-10 12:14:00,1.65,18116.0,United Kingdom,1.65,Sale
551268,84745B,BLUE HANGING GINGHAM EASTER HEN,6,2011-04-27 12:08:00,0.42,16965.0,United Kingdom,2.52,Sale
548514,21354,TOAST ITS - BEST MUM,2,2011-03-31 16:03:00,2.46,,United Kingdom,4.92,Sale
545530,23194,GYMKHANA TREASURE BOOK BOX,8,2011-03-03 13:45:00,2.25,17416.0,United Kingdom,18.0,Sale
570009,23350,ROLL WRAP VINTAGE SPOT ,12,2011-10-07 09:38:00,1.25,14138.0,United Kingdom,15.0,Sale
579512,23166,MEDIUM CERAMIC TOP STORAGE JAR,1,2011-11-29 16:47:00,2.46,,United Kingdom,2.46,Sale
577031,23201,JUMBO BAG ALPHABET,10,2011-11-17 13:00:00,2.08,15298.0,United Kingdom,20.8,Sale
547684,20712,JUMBO BAG WOODLAND ANIMALS,10,2011-03-24 14:46:00,1.95,12408.0,Belgium,19.5,Sale
557959,48173C,DOORMAT BLACK FLOCK ,3,2011-06-23 19:29:00,7.95,17351.0,United Kingdom,23.85,Sale
545024,22383,LUNCH BAG SUKI DESIGN ,1,2011-02-25 14:38:00,4.96,,United Kingdom,4.96,Sale
578827,23206,LUNCH BAG APPLE DESIGN,1,2011-11-25 14:25:00,4.13,,United Kingdom,4.13,Sale
545054,21136,PAINTED METAL PEARS ASSORTED,4,2011-02-27 12:41:00,1.69,14472.0,United Kingdom,6.76,Sale
558232,21977,PACK OF 60 PINK PAISLEY CAKE CASES,2,2011-06-27 14:30:00,0.55,17841.0,United Kingdom,1.1,Sale
558104,84375,SET OF 20 KIDS COOKIE CUTTERS,2,2011-06-26 14:28:00,2.1,13668.0,United Kingdom,4.2,Sale
552530,22776,SWEETHEART CAKESTAND 3 TIER,2,2011-05-10 08:58:00,9.95,13055.0,United Kingdom,19.9,Sale
559693,21466,RED FLOWER CROCHET FOOD COVER,1,2011-07-11 16:21:00,3.29,,United Kingdom,3.29,Sale
546729,22720,SET OF 3 CAKE TINS PANTRY DESIGN ,4,2011-03-16 11:36:00,4.95,18231.0,United Kingdom,19.8,Sale
576339,21216,"SET 3 RETROSPOT TEA,COFFEE,SUGAR",2,2011-11-14 15:27:00,10.79,14096.0,United Kingdom,21.58,Sale
550310,21900,"KEY FOB , SHED",48,2011-04-17 11:04:00,0.65,15985.0,United Kingdom,31.200000000000003,Sale
548712,22665,RECIPE BOX BLUE SKETCHBOOK DESIGN,13,2011-04-03 14:42:00,2.95,17050.0,United Kingdom,38.35,Sale
572558,16237,SLEEPING CAT ERASERS,30,2011-10-25 08:26:00,0.21,14286.0,United Kingdom,6.3,Sale
551855,85049D,BRIGHT BLUES RIBBONS ,1,2011-05-04 15:08:00,1.25,12836.0,United Kingdom,1.25,Sale
561371,22995,TRAVEL CARD WALLET SUKI,5,2011-07-26 16:25:00,0.83,,United Kingdom,4.15,Sale
540995,21025,SPACE FROG,1,2011-01-13 09:30:00,0.83,,United Kingdom,0.83,Sale
548715,23077,DOUGHNUT LIP GLOSS ,20,2011-04-03 15:22:00,1.25,17758.0,United Kingdom,25.0,Sale
578833,23163,REGENCY SUGAR TONGS,2,2011-11-25 15:23:00,4.96,,United Kingdom,9.92,Sale
558475,22817,CARD SUKI BIRTHDAY,37,2011-06-29 15:58:00,0.42,,United Kingdom,15.54,Sale
556230,21790,VINTAGE SNAP CARDS,12,2011-06-09 14:45:00,0.85,17402.0,United Kingdom,10.2,Sale
544692,22382,LUNCH BAG SPACEBOY DESIGN ,10,2011-02-23 09:14:00,1.65,17499.0,United Kingdom,16.5,Sale
572758,22477,WATERING CAN GARDEN MARKER,2,2011-10-25 18:39:00,2.46,,United Kingdom,4.92,Sale
556304,21933,PINK VINTAGE PAISLEY PICNIC BAG,20,2011-06-10 10:29:00,1.65,12840.0,United Kingdom,33.0,Sale
572185,22383,LUNCH BAG SUKI DESIGN ,3,2011-10-21 10:52:00,4.96,,United Kingdom,14.88,Sale
569898,21824,PAINTED METAL STAR WITH HOLLY BELLS,14,2011-10-06 16:08:00,0.83,,United Kingdom,11.62,Sale
566076,20977,36 PENCILS TUBE WOODLAND,16,2011-09-09 09:13:00,1.25,12449.0,Belgium,20.0,Sale
578620,47590B,PINK HAPPY BIRTHDAY BUNTING,3,2011-11-24 15:21:00,5.45,17247.0,United Kingdom,16.35,Sale
580713,84945,MULTI COLOUR SILVER T-LIGHT HOLDER,12,2011-12-05 16:37:00,0.85,18030.0,United Kingdom,10.2,Sale
551001,21936,RED RETROSPOT PICNIC BAG,24,2011-04-26 09:31:00,2.95,13408.0,United Kingdom,70.80000000000001,Sale
570129,23287,RED VINTAGE SPOT BEAKER,8,2011-10-07 13:34:00,0.85,12885.0,United Kingdom,6.8,Sale
543189,22256,FELT FARM ANIMAL CHICKEN,12,2011-02-04 11:48:00,1.25,17517.0,United Kingdom,15.0,Sale
544392,21930,JUMBO STORAGE BAG SKULLS,100,2011-02-18 11:54:00,1.65,14680.0,United Kingdom,165.0,Sale
546769,22261,FELT EGG COSY WHITE RABBIT ,12,2011-03-16 14:57:00,0.85,17504.0,United Kingdom,10.2,Sale
547417,37446,MINI CAKE STAND WITH HANGING CAKES,8,2011-03-23 10:25:00,1.45,13239.0,United Kingdom,11.6,Sale
552822,23054,RECYCLED ACAPULCO MAT LAVENDER,1,2011-05-11 12:59:00,8.25,15521.0,United Kingdom,8.25,Sale
556042,23236,DOILEY STORAGE TIN,2,2011-06-08 12:44:00,2.89,14367.0,United Kingdom,5.78,Sale
572321,23155,KNICKERBOCKERGLORY MAGNET ASSORTED ,12,2011-10-24 08:59:00,0.83,15592.0,United Kingdom,9.96,Sale
576054,22551,PLASTERS IN TIN SPACEBOY,1,2011-11-13 14:55:00,1.65,15787.0,United Kingdom,1.65,Sale
553005,21084,SET/6 COLLAGE PAPER CUPS,6,2011-05-12 16:29:00,0.19,14651.0,United Kingdom,1.14,Sale
556685,85054,FRENCH ENAMEL POT W LID,6,2011-06-14 10:00:00,2.95,14503.0,United Kingdom,17.700000000000003,Sale
537202,84898F,YELLOW FLOWERS FELT HANDBAG KIT,3,2010-12-05 14:25:00,2.1,14506.0,United Kingdom,6.300000000000001,Sale
576840,22992,REVOLVER WOODEN RULER ,3,2011-11-16 15:23:00,4.13,,United Kingdom,12.39,Sale
579171,22028,PENNY FARTHING BIRTHDAY CARD,24,2011-11-28 14:30:00,0.42,13030.0,United Kingdom,10.08,Sale
561241,23308,SET OF 60 VINTAGE LEAF CAKE CASES ,24,2011-07-26 11:00:00,0.55,13930.0,United Kingdom,13.2,Sale
580729,82582,AREA PATROLLED METAL SIGN,1,2011-12-05 17:24:00,4.13,,United Kingdom,4.13,Sale
559796,22423,REGENCY CAKESTAND 3 TIER,7,2011-07-12 13:30:00,24.96,,United Kingdom,174.72,Sale
566292,21980,PACK OF 12 RED RETROSPOT TISSUES ,24,2011-09-11 15:35:00,0.39,13381.0,United Kingdom,9.36,Sale
540550,84637,KITCHEN FLOWER POTS WALL PLAQUE,3,2011-01-10 09:11:00,5.95,12539.0,Spain,17.85,Sale
561911,21672,WHITE SPOT RED CERAMIC DRAWER KNOB,12,2011-08-01 10:26:00,1.25,12534.0,Germany,15.0,Sale
561026,22362,GLASS JAR PEACOCK BATH SALTS,1,2011-07-24 10:49:00,2.95,17265.0,United Kingdom,2.95,Sale
573274,23205,CHARLOTTE BAG VINTAGE ALPHABET ,4,2011-10-28 13:10:00,2.46,,United Kingdom,9.84,Sale
555925,22212,FOUR HOOK  WHITE LOVEBIRDS,2,2011-06-07 17:13:00,4.13,,United Kingdom,8.26,Sale
561382,85053,FRENCH ENAMEL CANDLEHOLDER,1,2011-07-26 17:27:00,2.1,16750.0,United Kingdom,2.1,Sale
541695,90062,CARNIVAL BRACELET,1,2011-01-20 18:01:00,12.48,,United Kingdom,12.48,Sale
564483,21086,SET/6 RED SPOTTY PAPER CUPS,12,2011-08-25 13:46:00,0.65,14050.0,United Kingdom,7.800000000000001,Sale
576650,21210,SET OF 72 RETROSPOT PAPER  DOILIES,12,2011-11-16 10:34:00,1.45,14286.0,United Kingdom,17.4,Sale
580402,22865,HAND WARMER OWL DESIGN,6,2011-12-04 11:55:00,2.1,13536.0,United Kingdom,12.6,Sale
576844,23252,VINTAGE RED ENAMEL TRIM JUG ,4,2011-11-16 15:33:00,3.75,16713.0,United Kingdom,15.0,Sale
563614,23201,JUMBO BAG ALPHABET,100,2011-08-18 08:51:00,1.79,12415.0,Australia,179.0,Sale
552640,22771,CLEAR DRAWER KNOB ACRYLIC EDWARDIAN,2,2011-05-10 13:19:00,1.25,17841.0,United Kingdom,2.5,Sale
560882,82483,WOOD 2 DRAWER CABINET WHITE FINISH,2,2011-07-21 15:47:00,6.95,17213.0,United Kingdom,13.9,Sale
538630,22822,CREAM WALL PLANTER HEART SHAPED,2,2010-12-13 13:25:00,5.95,14565.0,United Kingdom,11.9,Sale
568058,22910,PAPER CHAIN KIT VINTAGE CHRISTMAS,18,2011-09-23 12:58:00,2.95,18188.0,United Kingdom,53.1,Sale
558924,84078A,SET/4 WHITE RETRO STORAGE CUBES ,1,2011-07-05 10:07:00,39.95,15785.0,United Kingdom,39.95,Sale
565320,23306,SET OF 36 DOILIES PANTRY DESIGN,3,2011-09-02 13:10:00,1.45,16745.0,United Kingdom,4.35,Sale
564758,20685,DOORMAT RED RETROSPOT,1,2011-08-30 10:39:00,15.79,,United Kingdom,15.79,Sale
569693,22804,CANDLEHOLDER PINK HANGING HEART,2,2011-10-05 15:18:00,2.95,17837.0,United Kingdom,5.9,Sale
566079,22469,HEART OF WICKER SMALL,40,2011-09-09 09:52:00,1.45,17593.0,United Kingdom,58.0,Sale
559338,22616,PACK OF 12 LONDON TISSUES ,1,2011-07-07 16:30:00,0.83,,United Kingdom,0.83,Sale
579069,21620,SET OF 4 ROSE BOTANICAL CANDLES,12,2011-11-28 10:31:00,1.25,14911.0,EIRE,15.0,Sale
574896,23084,RABBIT NIGHT LIGHT,3,2011-11-07 14:51:00,2.08,17014.0,United Kingdom,6.24,Sale
557466,21930,JUMBO STORAGE BAG SKULLS,10,2011-06-20 13:08:00,2.08,13815.0,Germany,20.8,Sale
579572,21929,JUMBO BAG PINK VINTAGE PAISLEY,10,2011-11-30 11:49:00,2.08,15394.0,United Kingdom,20.8,Sale
546884,DOT,DOTCOM POSTAGE,1,2011-03-17 18:08:00,303.0,,United Kingdom,303.0,Sale
552867,22698,PINK REGENCY TEACUP AND SAUCER,6,2011-05-12 08:36:00,2.95,15513.0,United Kingdom,17.700000000000003,Sale
538198,85049B,LUSH GREENS RIBBONS,4,2010-12-10 11:01:00,1.25,17827.0,United Kingdom,5.0,Sale
543013,22487,WHITE WOOD GARDEN PLANT LADDER,1,2011-02-02 13:35:00,19.96,,United Kingdom,19.96,Sale
571828,22639,SET OF 4 NAPKIN CHARMS HEARTS,6,2011-10-19 11:52:00,2.55,16440.0,United Kingdom,15.3,Sale
548648,20979,36 PENCILS TUBE RED RETROSPOT,16,2011-04-01 13:20:00,1.25,12949.0,United Kingdom,20.0,Sale
566221,84568,GIRLS ALPHABET IRON ON PATCHES ,10,2011-09-09 16:13:00,0.42,,United Kingdom,4.2,Sale
573245,72800D,4 BLUE DINNER CANDLES SILVER FLOCK,1,2011-10-28 12:08:00,2.55,17841.0,United Kingdom,2.55,Sale
559055,22701,PINK DOG BOWL,3,2011-07-05 17:09:00,2.46,,United Kingdom,7.38,Sale
578344,21991,BOHEMIAN COLLAGE STATIONERY SET,1,2011-11-24 09:21:00,2.46,,United Kingdom,2.46,Sale
561859,22998,TRAVEL CARD WALLET KEEP CALM,48,2011-07-29 17:19:00,0.42,17750.0,United Kingdom,20.16,Sale
578934,22866,HAND WARMER SCOTTY DOG DESIGN,2,2011-11-27 12:47:00,2.1,14577.0,United Kingdom,4.2,Sale
580146,21155,RED RETROSPOT PEG BAG,3,2011-12-02 10:07:00,4.96,,United Kingdom,14.88,Sale
581492,21015,DARK BIRD HOUSE TREE DECORATION,8,2011-12-09 10:03:00,0.83,,United Kingdom,6.64,Sale
549183,22957,SET 3 PAPER VINTAGE CHICK PAPER EGG,12,2011-04-07 09:16:00,2.95,14239.0,United Kingdom,35.400000000000006,Sale
564747,23110,PARISIENNE KEY CABINET ,2,2011-08-28 16:09:00,5.75,14869.0,United Kingdom,11.5,Sale
565648,15034,PAPER POCKET TRAVELING FAN ,12,2011-09-05 16:22:00,0.14,18196.0,United Kingdom,1.6800000000000002,Sale
577504,23199,JUMBO BAG APPLES,2,2011-11-20 12:36:00,2.08,14159.0,United Kingdom,4.16,Sale
553679,21520,BOOZE & WOMEN GREETING CARD ,12,2011-05-18 13:09:00,0.42,14565.0,United Kingdom,5.04,Sale
568686,21621,VINTAGE UNION JACK BUNTING,2,2011-09-28 14:26:00,8.5,16115.0,United Kingdom,17.0,Sale
565863,35648,VINTAGE BEAD PINK PURSE ,24,2011-09-07 15:00:00,0.83,17422.0,United Kingdom,19.92,Sale
570225,22402,MAGNETS PACK OF 4 VINTAGE COLLAGE,1,2011-10-09 13:15:00,0.39,16595.0,United Kingdom,0.39,Sale
574750,22187,GREEN CHRISTMAS TREE CARD HOLDER,12,2011-11-07 09:12:00,1.95,17164.0,United Kingdom,23.4,Sale
563195,DOT,DOTCOM POSTAGE,1,2011-08-12 16:36:00,222.49,,United Kingdom,222.49,Sale
537871,22812,PACK 3 BOXES CHRISTMAS PANNETONE,3,2010-12-08 17:20:00,1.95,12748.0,United Kingdom,5.85,Sale
560434,21617,4 LILY  BOTANICAL DINNER CANDLES,2,2011-07-18 15:56:00,2.46,,United Kingdom,4.92,Sale
548859,84674,FLYING PIG WATERING CAN,1,2011-04-04 13:32:00,2.95,13668.0,United Kingdom,2.95,Sale
566191,23202,JUMBO BAG VINTAGE LEAF,10,2011-09-09 13:26:00,2.08,14388.0,United Kingdom,20.8,Sale
570672,22413,METAL SIGN TAKE IT OR LEAVE IT ,6,2011-10-11 14:52:00,2.95,12536.0,France,17.700000000000003,Sale
556531,22424,ENAMEL BREAD BIN CREAM,2,2011-06-13 11:49:00,12.75,15491.0,United Kingdom,25.5,Sale
577749,21329,DINOSAURS  WRITING SET ,10,2011-11-21 14:26:00,1.65,16242.0,United Kingdom,16.5,Sale
541969,22088,PAPER BUNTING COLOURED LACE,2,2011-01-24 13:46:00,5.79,,United Kingdom,11.58,Sale
556256,21791,VINTAGE HEADS AND TAILS CARD GAME ,12,2011-06-09 17:37:00,1.25,14309.0,United Kingdom,15.0,Sale
565841,47563A,RETRO LONGBOARD IRONING BOARD COVER,2,2011-09-07 12:04:00,3.29,,United Kingdom,6.58,Sale
543358,90214G,"LETTER ""G"" BLING KEY RING",1,2011-02-07 14:04:00,0.83,,United Kingdom,0.83,Sale
570016,22993,SET OF 4 PANTRY JELLY MOULDS,12,2011-10-07 10:06:00,1.25,14911.0,EIRE,15.0,Sale
563906,23228,FILIGREE HEART BIRD WHITE ,24,2011-08-21 11:50:00,1.25,14246.0,United Kingdom,30.0,Sale
568554,21977,PACK OF 60 PINK PAISLEY CAKE CASES,24,2011-09-27 15:31:00,0.55,12455.0,Spain,13.2,Sale
551731,22982,PANTRY PASTRY BRUSH,12,2011-05-04 09:57:00,1.25,14307.0,United Kingdom,15.0,Sale
576514,22690,DOORMAT HOME SWEET HOME BLUE ,2,2011-11-15 12:13:00,8.25,13950.0,United Kingdom,16.5,Sale
570458,21034,REX CASH+CARRY JUMBO SHOPPER,1,2011-10-10 15:39:00,0.95,14535.0,United Kingdom,0.95,Sale
573904,21135,VICTORIAN  METAL POSTCARD SPRING,8,2011-11-01 14:54:00,1.69,14505.0,United Kingdom,13.52,Sale
571129,23509,MINI PLAYING CARDS FUN FAIR ,20,2011-10-14 10:03:00,0.42,14156.0,EIRE,8.4,Sale
574442,22624,IVORY KITCHEN SCALES,4,2011-11-04 11:40:00,8.5,12704.0,Finland,34.0,Sale
548894,22933,BAKING MOULD EASTER EGG MILK CHOC,3,2011-04-04 16:01:00,5.79,,United Kingdom,17.37,Sale
564743,82486,3 DRAWER ANTIQUE WHITE WOOD CABINET,1,2011-08-28 15:17:00,8.95,14606.0,United Kingdom,8.95,Sale
548867,22961,JAM MAKING SET PRINTED,1,2011-04-04 14:17:00,1.45,14719.0,United Kingdom,1.45,Sale
566486,22728,ALARM CLOCK BAKELIKE PINK,2,2011-09-13 09:59:00,3.75,16098.0,United Kingdom,7.5,Sale
575070,23102,SILVER HEARTS TABLE DECORATION,3,2011-11-08 12:58:00,0.83,17841.0,United Kingdom,2.49,Sale
560270,84987,SET OF 36 TEATIME PAPER DOILIES,1,2011-07-17 14:42:00,1.45,16744.0,United Kingdom,1.45,Sale
543182,22639,SET OF 4 NAPKIN CHARMS HEARTS,3,2011-02-04 10:40:00,4.96,,United Kingdom,14.88,Sale
537638,21774,DECORATIVE CATS BATHROOM BOTTLE,2,2010-12-07 15:28:00,2.51,,United Kingdom,5.02,Sale
556089,21892,TRADITIONAL WOODEN CATCH CUP GAME ,1,2011-06-08 15:25:00,2.46,,United Kingdom,2.46,Sale
552234,35965,FOLKART HEART NAPKIN RINGS,3,2011-05-06 16:01:00,3.29,,United Kingdom,9.87,Sale
537666,21846,PINK DIAMANTE PEN IN GIFT BOX,2,2010-12-07 18:36:00,4.21,,United Kingdom,8.42,Sale
548167,20713,JUMBO BAG OWLS,3,2011-03-29 13:45:00,4.13,,United Kingdom,12.39,Sale
577544,22573,STAR WOODEN CHRISTMAS DECORATION,6,2011-11-20 14:43:00,0.85,17758.0,United Kingdom,5.1,Sale
555147,23109,LED TEA LIGHTS,6,2011-05-31 15:41:00,2.89,13505.0,Switzerland,17.34,Sale
544597,22965,3 TRADITIONAl BISCUIT CUTTERS  SET,1,2011-02-21 17:42:00,2.1,16014.0,United Kingdom,2.1,Sale
537818,21531,RED RETROSPOT SUGAR JAM BOWL,6,2010-12-08 13:53:00,2.55,12766.0,Portugal,15.3,Sale
553228,22517,CHILDS GARDEN RAKE PINK,6,2011-05-16 10:48:00,2.1,16496.0,United Kingdom,12.6,Sale
572336,23265,SET OF 3 WOODEN TREE DECORATIONS,12,2011-10-24 10:29:00,1.25,13523.0,United Kingdom,15.0,Sale
558810,22628,PICNIC BOXES SET OF 3 RETROSPOT ,1,2011-07-04 11:11:00,9.96,,United Kingdom,9.96,Sale
566060,22477,WATERING CAN GARDEN MARKER,1,2011-09-08 15:27:00,2.46,,United Kingdom,2.46,Sale
567280,23126,FELTCRAFT GIRL AMELIE KIT,40,2011-09-19 11:46:00,4.15,14646.0,Netherlands,166.0,Sale
547358,85061W,WHITE JEWELLED HEART DECORATION,8,2011-03-22 12:25:00,0.85,15998.0,United Kingdom,6.8,Sale
580852,21933,PINK VINTAGE PAISLEY PICNIC BAG,10,2011-12-06 11:53:00,1.65,16790.0,United Kingdom,16.5,Sale
579516,23263,SET OF 3 WOODEN HEART DECORATIONS,4,2011-11-29 17:52:00,1.25,17841.0,United Kingdom,5.0,Sale
545690,21754,HOME BUILDING BLOCK WORD,1,2011-03-06 12:46:00,5.95,13263.0,United Kingdom,5.95,Sale
550149,21394,RED POLKADOT BEAKER ,12,2011-04-14 14:37:00,0.39,13069.0,United Kingdom,4.68,Sale
567670,21993,FLORAL FOLK STATIONERY SET,3,2011-09-21 15:32:00,2.46,,United Kingdom,7.38,Sale
551012,20677,PINK POLKADOT BOWL,5,2011-04-26 10:32:00,2.46,,United Kingdom,12.3,Sale
571844,23012,GLASS APOTHECARY BOTTLE PERFUME,12,2011-10-19 12:30:00,3.45,17101.0,United Kingdom,41.400000000000006,Sale
541493,20726,LUNCH BAG WOODLAND,12,2011-01-18 14:29:00,4.96,,United Kingdom,59.52,Sale
567742,22086,PAPER CHAIN KIT 50'S CHRISTMAS ,24,2011-09-22 10:47:00,2.95,14261.0,United Kingdom,70.80000000000001,Sale
540247,22383,LUNCH BAG SUKI  DESIGN ,1,2011-01-05 15:56:00,1.65,15464.0,United Kingdom,1.65,Sale
562114,21238,RED RETROSPOT CUP,1,2011-08-02 16:14:00,1.63,,United Kingdom,1.63,Sale
538197,85232B,SET OF 3 BABUSHKA STACKING TINS,4,2010-12-10 10:56:00,4.95,14419.0,United Kingdom,19.8,Sale
542142,22930,BAKING MOULD HEART MILK CHOCOLATE,6,2011-01-26 09:04:00,2.55,12971.0,United Kingdom,15.3,Sale
551870,22841,ROUND CAKE TIN VINTAGE GREEN,1,2011-05-04 16:51:00,7.95,17811.0,United Kingdom,7.95,Sale
576837,23294,SET OF 6 SNACK LOAF BAKING CASES,3,2011-11-16 15:16:00,2.46,,United Kingdom,7.38,Sale
551997,71053,WHITE METAL LANTERN,2,2011-05-05 15:47:00,3.75,,United Kingdom,7.5,Sale
549525,23158,SET OF 5 LUCKY CAT MAGNETS ,1,2011-04-08 15:44:00,4.13,,United Kingdom,4.13,Sale
554636,22492,MINI PAINT SET VINTAGE ,36,2011-05-25 11:52:00,0.65,16763.0,United Kingdom,23.4,Sale
539957,21972,SET OF 36 DINOSAUR PAPER DOILIES,12,2010-12-23 12:58:00,1.45,12585.0,Germany,17.4,Sale
569518,22766,PHOTO FRAME CORNICE,3,2011-10-04 14:28:00,2.95,13263.0,United Kingdom,8.850000000000001,Sale
568311,23245,SET OF 3 REGENCY CAKE TINS,4,2011-09-26 12:53:00,4.95,17287.0,United Kingdom,19.8,Sale
538417,21463,MIRRORED DISCO BALL ,2,2010-12-12 11:54:00,5.95,16393.0,United Kingdom,11.9,Sale
577516,23496,PANTRY KITCHEN THERMOMETER ,2,2011-11-20 13:08:00,1.25,16533.0,United Kingdom,2.5,Sale
574310,21394,RED POLKADOT BEAKER ,4,2011-11-03 16:56:00,0.39,13467.0,United Kingdom,1.56,Sale
573585,20711,JUMBO BAG TOYS ,1,2011-10-31 14:41:00,4.13,,United Kingdom,4.13,Sale
562213,22667,RECIPE BOX RETROSPOT ,1,2011-08-03 13:39:00,2.95,13975.0,United Kingdom,2.95,Sale
571899,21115,ROSE CARAVAN DOORSTOP,1,2011-10-19 14:22:00,6.75,16885.0,United Kingdom,6.75,Sale
540473,21314,SMALL GLASS HEART TRINKET POT,4,2011-01-07 14:31:00,2.1,17284.0,United Kingdom,8.4,Sale
550915,21071,VINTAGE BILLBOARD DRINK ME MUG,1,2011-04-21 13:30:00,1.25,13263.0,United Kingdom,1.25,Sale
563354,22607,WOODEN ROUNDERS GARDEN SET ,1,2011-08-15 14:35:00,9.95,15271.0,United Kingdom,9.95,Sale
578366,23199,JUMBO BAG APPLES,10,2011-11-24 10:53:00,2.08,16173.0,United Kingdom,20.8,Sale
545812,21314,SMALL GLASS HEART TRINKET POT,8,2011-03-07 12:26:00,2.1,14214.0,United Kingdom,16.8,Sale
577536,22491,PACK OF 12 COLOURED PENCILS,1,2011-11-20 14:14:00,0.85,15850.0,United Kingdom,0.85,Sale
568180,23317,BLUE REFECTORY CLOCK ,1,2011-09-25 13:42:00,9.95,15429.0,United Kingdom,9.95,Sale
550280,22685,FRENCH BLUE METAL DOOR SIGN 0,1,2011-04-15 13:31:00,1.25,13048.0,United Kingdom,1.25,Sale
550193,37447,CERAMIC CAKE DESIGN SPOTTED PLATE,12,2011-04-15 09:27:00,1.49,13952.0,United Kingdom,17.88,Sale
556812,90016C,SILVER/BLACK PENDANT ORBIT NECKLACE,1,2011-06-14 17:25:00,8.32,,United Kingdom,8.32,Sale
556845,23052,RECYCLED ACAPULCO MAT TURQUOISE,2,2011-06-15 11:30:00,8.25,17511.0,United Kingdom,16.5,Sale
551966,21181,PLEASE ONE PERSON METAL SIGN,4,2011-05-05 13:14:00,2.1,15356.0,United Kingdom,8.4,Sale
550500,23207,LUNCH BAG ALPHABET DESIGN,1,2011-04-18 15:26:00,4.13,,United Kingdom,4.13,Sale
556303,22720,SET OF 3 CAKE TINS PANTRY DESIGN ,3,2011-06-10 10:26:00,4.95,17064.0,United Kingdom,14.85,Sale
557319,21124,SET/10 BLUE POLKADOT PARTY CANDLES,24,2011-06-20 08:23:00,1.25,15076.0,United Kingdom,30.0,Sale
541130,22699,ROSES REGENCY TEACUP AND SAUCER ,1,2011-01-14 10:15:00,5.79,,United Kingdom,5.79,Sale
566364,22564,ALPHABET STENCIL CRAFT,12,2011-09-12 12:32:00,1.25,15253.0,United Kingdom,15.0,Sale
545234,22796,PHOTO FRAME 3 CLASSIC HANGING,2,2011-03-01 10:26:00,9.95,18075.0,United Kingdom,19.9,Sale
579254,22921,HERB MARKER CHIVES ,12,2011-11-28 17:05:00,0.65,14511.0,United Kingdom,7.800000000000001,Sale
568510,84247E,PACK OF 12 CHRISTMAS FUN CARDS,4,2011-09-27 12:26:00,2.95,13555.0,United Kingdom,11.8,Sale
560772,23344,JUMBO BAG 50'S CHRISTMAS ,1,2011-07-20 16:12:00,4.13,,United Kingdom,4.13,Sale
544681,22469,HEART OF WICKER SMALL,1,2011-02-22 16:28:00,3.29,,United Kingdom,3.29,Sale
567667,23158,SET OF 5 LUCKY CAT MAGNETS ,1,2011-09-21 15:24:00,4.13,,United Kingdom,4.13,Sale
558086,22362,GLASS JAR PEACOCK BATH SALTS,1,2011-06-26 11:59:00,2.95,16728.0,United Kingdom,2.95,Sale
576911,48116,DOORMAT MULTICOLOUR STRIPE,1,2011-11-17 10:01:00,8.25,17461.0,United Kingdom,8.25,Sale
566275,22596,CHRISTMAS STAR WISH LIST CHALKBOARD,12,2011-09-11 13:58:00,1.25,16549.0,United Kingdom,15.0,Sale
541672,22730,ALARM CLOCK BAKELIKE IVORY,8,2011-01-20 13:02:00,3.75,14735.0,United Kingdom,30.0,Sale
568894,22500,SET OF 2 TINS JARDIN DE PROVENCE,2,2011-09-29 13:04:00,4.95,17528.0,United Kingdom,9.9,Sale
547386,21012,ANTIQUE ALL GLASS CANDLESTICK,2,2011-03-22 15:52:00,2.46,,United Kingdom,4.92,Sale
573155,22650,CERAMIC PIRATE CHEST MONEY BANK,12,2011-10-28 08:34:00,1.45,13632.0,United Kingdom,17.4,Sale
565209,23294,SET OF 6 SNACK LOAF BAKING CASES,2,2011-09-01 16:59:00,0.83,15910.0,United Kingdom,1.66,Sale
575846,22924,FRIDGE MAGNETS LA VIE EN ROSE,6,2011-11-11 12:07:00,0.85,17364.0,United Kingdom,5.1,Sale
554814,84997B,CHILDRENS CUTLERY RETROSPOT RED ,4,2011-05-26 13:34:00,4.15,16609.0,United Kingdom,16.6,Sale
551284,37449,CERAMIC CAKE STAND + HANGING CAKES,1,2011-04-27 14:05:00,9.95,15005.0,United Kingdom,9.95,Sale
573323,23534,WALL ART STOP FOR TEA ,2,2011-10-30 10:54:00,5.95,15708.0,United Kingdom,11.9,Sale
571474,22489,PACK OF 12 TRADITIONAL CRAYONS,24,2011-10-17 14:41:00,0.42,16389.0,United Kingdom,10.08,Sale
580111,22355,CHARLOTTE BAG SUKI DESIGN,20,2011-12-01 15:55:00,0.85,12950.0,United Kingdom,17.0,Sale
565515,23356,LOVE HOT WATER BOTTLE,6,2011-09-05 11:51:00,5.95,17491.0,United Kingdom,35.7,Sale
537666,20992,JAZZ HEARTS PURSE NOTEBOOK,4,2010-12-07 18:36:00,1.66,,United Kingdom,6.64,Sale
542112,72741,GRAND CHOCOLATECANDLE,16,2011-01-25 13:55:00,1.45,13168.0,United Kingdom,23.2,Sale
563909,22969,HOMEMADE JAM SCENTED CANDLES,12,2011-08-21 12:36:00,1.45,15701.0,United Kingdom,17.4,Sale
564974,23206,LUNCH BAG APPLE DESIGN,3,2011-08-31 15:32:00,4.13,,United Kingdom,12.39,Sale
572296,23300,GARDENERS KNEELING PAD CUP OF TEA ,1,2011-10-23 14:28:00,1.65,13598.0,United Kingdom,1.65,Sale
568212,22979,PANTRY WASHING UP BRUSH,1,2011-09-25 16:05:00,1.45,15154.0,United Kingdom,1.45,Sale
548735,21908,CHOCOLATE THIS WAY METAL SIGN,2,2011-04-04 10:52:00,2.1,15039.0,United Kingdom,4.2,Sale
572563,84755,COLOUR GLASS T-LIGHT HOLDER HANGING,16,2011-10-25 09:31:00,0.65,12928.0,United Kingdom,10.4,Sale
548191,90024E,NEW BAROQUE B'FLY NECKLACE MONTANA,1,2011-03-29 15:20:00,8.32,,United Kingdom,8.32,Sale
572285,23431,NATURAL HANGING QUILTED HEARTS ,12,2011-10-23 12:16:00,0.83,14698.0,United Kingdom,9.96,Sale
543982,22777,GLASS CLOCHE LARGE,7,2011-02-15 08:21:00,8.5,15358.0,United Kingdom,59.5,Sale
547060,21675,BUTTERFLIES STICKERS,6,2011-03-20 12:57:00,0.85,17954.0,United Kingdom,5.1,Sale
579141,23352,ROLL WRAP 50'S RED CHRISTMAS ,1,2011-11-28 13:06:00,1.25,17019.0,United Kingdom,1.25,Sale
536528,22960,JAM MAKING SET WITH JARS,1,2010-12-01 13:17:00,4.25,15525.0,United Kingdom,4.25,Sale
564439,23294,SET OF 6 SNACK LOAF BAKING CASES,1,2011-08-25 12:12:00,0.83,12841.0,United Kingdom,0.83,Sale
581134,85049A,TRADITIONAL CHRISTMAS RIBBONS,5,2011-12-07 13:12:00,1.25,16368.0,United Kingdom,6.25,Sale
578347,16236,KITTY PENCIL ERASERS,3,2011-11-24 09:26:00,0.42,,United Kingdom,1.26,Sale
546406,21878,PACK OF 6 SANDCASTLE FLAGS ASSORTED,1,2011-03-11 16:21:00,1.63,,United Kingdom,1.63,Sale
541422,22260,FELT EGG COSY BLUE RABBIT ,3,2011-01-17 17:48:00,1.63,,United Kingdom,4.89,Sale
576112,22863,SOAP DISH BROCANTE,8,2011-11-14 10:34:00,2.95,14902.0,United Kingdom,23.6,Sale
571081,23411, TRELLIS COAT RACK,1,2011-10-13 15:23:00,4.95,16775.0,United Kingdom,4.95,Sale
560567,84692,BOX OF 24 COCKTAIL PARASOLS,1,2011-07-19 13:57:00,1.63,,United Kingdom,1.63,Sale
576933,22411,JUMBO SHOPPER VINTAGE RED PAISLEY,1,2011-11-17 11:29:00,2.08,15529.0,United Kingdom,2.08,Sale
563564,23053,RECYCLED ACAPULCO MAT PINK,2,2011-08-17 14:11:00,8.25,16633.0,United Kingdom,16.5,Sale
574624,23198,PANTRY MAGNETIC  SHOPPING LIST,4,2011-11-06 11:20:00,1.45,17769.0,United Kingdom,5.8,Sale
558927,22384,LUNCH BAG PINK POLKADOT,10,2011-07-05 10:23:00,1.65,18177.0,United Kingdom,16.5,Sale
561654,21519,GIN & TONIC DIET GREETING CARD ,12,2011-07-28 15:58:00,0.42,14973.0,United Kingdom,5.04,Sale
565231,22217,T-LIGHT HOLDER HANGING LACE,1,2011-09-02 09:26:00,2.46,,United Kingdom,2.46,Sale
574074,21494,ROTATING LEAVES T-LIGHT HOLDER,1,2011-11-02 15:33:00,2.46,,United Kingdom,2.46,Sale
570076,21206,STRAWBERRY HONEYCOMB  GARLAND ,12,2011-10-07 11:17:00,1.65,15738.0,United Kingdom,19.8,Sale
569000,22742,MAKE YOUR OWN PLAYTIME CARD KIT,6,2011-09-29 17:36:00,2.95,17015.0,United Kingdom,17.700000000000003,Sale
541423,85163A,WHITE BAROQUE WALL CLOCK ,2,2011-01-17 17:54:00,8.29,,United Kingdom,16.58,Sale
550033,21239,PINK  POLKADOT CUP,4,2011-04-14 11:45:00,0.85,15005.0,United Kingdom,3.4,Sale
536540,21576,LETS GO SHOPPING COTTON TOTE BAG,6,2010-12-01 14:05:00,2.25,14911.0,EIRE,13.5,Sale
545660,47566,PARTY BUNTING,2,2011-03-04 14:28:00,4.95,17191.0,United Kingdom,9.9,Sale
546079,22618,COOKING SET RETROSPOT,2,2011-03-09 11:05:00,9.95,14534.0,United Kingdom,19.9,Sale
545399,21908,CHOCOLATE THIS WAY METAL SIGN,12,2011-03-02 11:48:00,2.1,14934.0,Channel Islands,25.200000000000003,Sale
568494,22488,NATURAL SLATE RECTANGLE CHALKBOARD,1,2011-09-27 12:08:00,1.65,16266.0,United Kingdom,1.65,Sale
562348,22983,CARD BILLBOARD FONT,72,2011-08-04 12:36:00,0.36,17511.0,United Kingdom,25.92,Sale
553524,23301,GARDENERS KNEELING PAD KEEP CALM ,2,2011-05-17 14:46:00,1.65,15570.0,United Kingdom,3.3,Sale
555203,22173,METAL 4 HOOK HANGER FRENCH CHATEAU,8,2011-06-01 12:13:00,2.95,17191.0,United Kingdom,23.6,Sale
565595,22439,6 ROCKET BALLOONS ,24,2011-09-05 14:13:00,0.65,13192.0,United Kingdom,15.6,Sale
559145,22720,SET OF 3 CAKE TINS PANTRY DESIGN ,96,2011-07-06 14:17:00,4.95,17404.0,Sweden,475.2000000000001,Sale
578347,23245,SET OF 3 REGENCY CAKE TINS,2,2011-11-24 09:26:00,10.79,,United Kingdom,21.58,Sale
553134,21201,TROPICAL  HONEYCOMB PAPER GARLAND ,12,2011-05-13 12:50:00,2.55,15382.0,United Kingdom,30.6,Sale
548191,21179,NO JUNK MAIL METAL SIGN,1,2011-03-29 15:20:00,1.63,,United Kingdom,1.63,Sale
573094,22725,ALARM CLOCK BAKELIKE CHOCOLATE,1,2011-10-27 14:39:00,3.75,15707.0,United Kingdom,3.75,Sale
541277,22563,HAPPY STENCIL CRAFT,6,2011-01-17 11:46:00,1.25,12673.0,Germany,7.5,Sale
581238,22188,BLACK HEART CARD HOLDER,1,2011-12-08 10:53:00,8.29,,United Kingdom,8.29,Sale
554347,23207,LUNCH BAG ALPHABET DESIGN,20,2011-05-24 08:21:00,1.65,16523.0,United Kingdom,33.0,Sale
541695,21708,FOLDING UMBRELLA CREAM POLKADOT,1,2011-01-20 18:01:00,3.29,,United Kingdom,3.29,Sale
559338,85178,VICTORIAN SEWING KIT,8,2011-07-07 16:30:00,0.79,,United Kingdom,6.32,Sale
566221,22816,CARD MOTORBIKE SANTA,5,2011-09-09 16:13:00,0.83,,United Kingdom,4.15,Sale
549958,84997B,CHILDRENS CUTLERY RETROSPOT RED ,3,2011-04-13 13:47:00,4.15,17589.0,United Kingdom,12.45,Sale
542536,47559b,TEA TIME OVEN GLOVE,2,2011-01-28 13:37:00,3.29,,United Kingdom,6.58,Sale
578666,23198,PANTRY MAGNETIC  SHOPPING LIST,12,2011-11-24 17:06:00,1.45,17727.0,United Kingdom,17.4,Sale
556813,16237,SLEEPING CAT ERASERS,1,2011-06-14 17:28:00,0.42,,United Kingdom,0.42,Sale
536570,84836,ZINC METAL HEART DECORATION,12,2010-12-01 15:35:00,1.25,14496.0,United Kingdom,15.0,Sale
544208,20712,JUMBO BAG WOODLAND ANIMALS,4,2011-02-17 10:34:00,4.13,,United Kingdom,16.52,Sale
565381,22487,WHITE WOOD GARDEN PLANT LADDER,1,2011-09-02 15:23:00,9.95,16173.0,United Kingdom,9.95,Sale
538056,22983,CARD BILLBOARD FONT,12,2010-12-09 13:34:00,0.42,17198.0,United Kingdom,5.04,Sale
554137,21673,WHITE SPOT BLUE CERAMIC DRAWER KNOB,12,2011-05-23 10:13:00,1.25,12708.0,Germany,15.0,Sale
575491,23439,HAND WARMER RED LOVE HEART,1,2011-11-09 17:47:00,2.1,15531.0,United Kingdom,2.1,Sale
574523,20970,PINK FLORAL FELTCRAFT SHOULDER BAG,12,2011-11-04 13:51:00,3.75,18167.0,United Kingdom,45.0,Sale
575739,21704,BAG 250g SWIRLY MARBLES,3,2011-11-11 09:05:00,1.63,,United Kingdom,4.89,Sale
538349,22335,HEART DECORATION PAINTED ZINC ,1,2010-12-10 14:59:00,1.28,,United Kingdom,1.28,Sale
547880,21754,HOME BUILDING BLOCK WORD,2,2011-03-27 16:05:00,5.95,15426.0,United Kingdom,11.9,Sale
555278,22297,HEART IVORY TRELLIS SMALL,1,2011-06-01 17:33:00,2.46,,United Kingdom,2.46,Sale
556967,23242,TREASURE TIN BUFFALO BILL ,24,2011-06-16 10:04:00,2.08,17193.0,United Kingdom,49.92,Sale
578506,23470,CARD HOLDER LOVE BIRD LARGE ,1,2011-11-24 13:01:00,6.25,17458.0,United Kingdom,6.25,Sale
577331,23130,MISTLETOE HEART WREATH GREEN,1,2011-11-18 14:23:00,4.15,14667.0,United Kingdom,4.15,Sale
543812,21896,POTTING SHED TWINE,2,2011-02-13 14:40:00,2.1,17472.0,United Kingdom,4.2,Sale
559028,23203,JUMBO BAG DOILEY PATTERNS,10,2011-07-05 14:27:00,2.08,12839.0,United Kingdom,20.8,Sale
576857,22557,PLASTERS IN TIN VINTAGE PAISLEY ,2,2011-11-16 15:52:00,1.65,12748.0,United Kingdom,3.3,Sale
572308,23569,TRADTIONAL ALPHABET STAMP SET,1,2011-10-23 15:27:00,4.95,12748.0,United Kingdom,4.95,Sale
581492,20723,STRAWBERRY CHARLOTTE BAG,2,2011-12-09 10:03:00,1.63,,United Kingdom,3.26,Sale
567668,84032A,CHARLIE+LOLA PINK HOT WATER BOTTLE,1,2011-09-21 15:29:00,3.29,,United Kingdom,3.29,Sale
581256,23357,HOT WATER BOTTLE SEX BOMB,1,2011-12-08 11:21:00,5.79,,United Kingdom,5.79,Sale
572859,20985,HEART CALCULATOR,1,2011-10-26 12:39:00,1.25,16418.0,United Kingdom,1.25,Sale
538171,21871,SAVE THE PLANET MUG,2,2010-12-09 20:01:00,1.25,17530.0,United Kingdom,2.5,Sale
573323,23342,MINT DINER WALL CLOCK,2,2011-10-30 10:54:00,8.5,15708.0,United Kingdom,17.0,Sale
543985,22547,MINI JIGSAW DINOSAUR ,10,2011-02-15 09:44:00,0.83,,United Kingdom,8.299999999999999,Sale
578344,20718,RED RETROSPOT SHOPPER BAG,2,2011-11-24 09:21:00,2.46,,United Kingdom,4.92,Sale
537210,22633,HAND WARMER UNION JACK,1,2010-12-05 15:15:00,2.1,15953.0,United Kingdom,2.1,Sale
545701,23194,GYMKHANA TREASURE BOOK BOX,1,2011-03-06 15:17:00,2.25,17107.0,United Kingdom,2.25,Sale
558125,22333,RETROSPOT PARTY BAG + STICKER SET,48,2011-06-27 10:20:00,1.45,16422.0,United Kingdom,69.6,Sale
536862,22659,LUNCH BOX I LOVE LONDON,1,2010-12-03 11:13:00,2.51,,United Kingdom,2.51,Sale
544455,47590B,PINK HAPPY BIRTHDAY BUNTING,2,2011-02-20 13:18:00,5.45,13097.0,United Kingdom,10.9,Sale
562046,22255,FELT TOADSTOOL  SMALL,12,2011-08-02 10:34:00,0.85,12378.0,Switzerland,10.2,Sale
572921,22949,SET OF 36 DOLLY GIRL PAPER DOILIES,1,2011-10-26 16:57:00,1.45,15993.0,United Kingdom,1.45,Sale
541215,22435,SET OF 9 HEART SHAPED BALLOONS,12,2011-01-14 13:42:00,1.25,14329.0,United Kingdom,15.0,Sale
536388,21523,DOORMAT FANCY FONT HOME SWEET HOME,2,2010-12-01 09:59:00,7.95,16250.0,United Kingdom,15.9,Sale
552404,20840,FRENCH FLORAL CUSHION COVER ,12,2011-05-09 12:39:00,0.85,15932.0,United Kingdom,10.2,Sale
552857,21191,LARGE WHITE HONEYCOMB PAPER BELL  ,7,2011-05-11 15:34:00,4.13,,United Kingdom,28.91,Sale
561008,22620,4 TRADITIONAL SPINNING TOPS,12,2011-07-22 15:43:00,1.45,18150.0,United Kingdom,17.4,Sale
545410,20717,STRAWBERRY SHOPPER BAG,10,2011-03-02 12:18:00,1.25,16670.0,United Kingdom,12.5,Sale
579872,21123,SET/10 IVORY POLKADOT PARTY CANDLES,3,2011-11-30 16:54:00,1.25,14085.0,United Kingdom,3.75,Sale
561894,21967,PACK OF 12 SKULL TISSUES,1,2011-07-31 15:00:00,0.29,14456.0,United Kingdom,0.29,Sale
566603,21802,CHRISTMAS TREE HEART DECORATION,20,2011-09-13 16:12:00,0.42,,United Kingdom,8.4,Sale
577107,22138,BAKING SET 9 PIECE RETROSPOT ,3,2011-11-17 17:30:00,4.95,16558.0,United Kingdom,14.85,Sale
576686,20969,RED FLORAL FELTCRAFT SHOULDER BAG,1,2011-11-16 12:08:00,3.75,16916.0,United Kingdom,3.75,Sale
578149,21216,"SET 3 RETROSPOT TEA,COFFEE,SUGAR",6,2011-11-23 11:11:00,10.79,,United Kingdom,64.74,Sale
568227,20749,ASSORTED COLOUR MINI CASES,1,2011-09-26 10:57:00,7.95,17841.0,United Kingdom,7.95,Sale
538917,22776,SWEETHEART CAKESTAND 3 TIER,1,2010-12-15 10:57:00,9.95,17449.0,United Kingdom,9.95,Sale
564713,85123A,WHITE HANGING HEART T-LIGHT HOLDER,2,2011-08-28 10:43:00,2.95,16768.0,United Kingdom,5.9,Sale
563549,21317,GLASS SPHERE CANDLE STAND MEDIUM,2,2011-08-17 12:34:00,10.79,,United Kingdom,21.58,Sale
580682,23483,HANGING  BUTTERFLY T-LIGHT HOLDER,12,2011-12-05 15:02:00,1.25,16968.0,United Kingdom,15.0,Sale
548505,21788,KIDS RAIN MAC BLUE,5,2011-03-31 14:34:00,1.63,,United Kingdom,8.149999999999999,Sale
563100,21251,DINOSAUR HEIGHT CHART STICKER SET,6,2011-08-12 09:57:00,2.95,12381.0,Norway,17.700000000000003,Sale
538349,21803,CHRISTMAS TREE STAR DECORATION,25,2010-12-10 14:59:00,0.43,,United Kingdom,10.75,Sale
561709,21390,FILIGRIS HEART WITH BUTTERFLY,10,2011-07-29 11:35:00,1.25,17790.0,United Kingdom,12.5,Sale
544393,20725,LUNCH BAG RED RETROSPOT,6,2011-02-18 11:56:00,1.65,16393.0,United Kingdom,9.9,Sale
570424,23367,SET 12 COLOUR PENCILS SPACEBOY ,2,2011-10-10 13:41:00,0.65,17372.0,United Kingdom,1.3,Sale
537638,22384,LUNCH BAG PINK POLKADOT,1,2010-12-07 15:28:00,4.21,,United Kingdom,4.21,Sale
568162,21175,GIN + TONIC DIET METAL SIGN,12,2011-09-25 12:32:00,2.55,14194.0,United Kingdom,30.6,Sale
578225,20772,GARDEN PATH JOURNAL,6,2011-11-23 11:51:00,2.55,17700.0,United Kingdom,15.3,Sale
572986,23445,ICE CREAM BUBBLES,40,2011-10-27 10:51:00,0.83,12681.0,France,33.2,Sale
577557,23399,HOME SWEET HOME HANGING HEART,1,2011-11-20 15:36:00,0.85,15426.0,United Kingdom,0.85,Sale
564356,22679,FRENCH BLUE METAL DOOR SIGN 4,10,2011-08-24 15:47:00,1.25,13969.0,United Kingdom,12.5,Sale
545324,48116,DOORMAT MULTICOLOUR STRIPE,1,2011-03-01 14:58:00,7.95,13110.0,United Kingdom,7.95,Sale
553182,21936,RED RETROSPOT PICNIC BAG,2,2011-05-15 12:21:00,2.95,17107.0,United Kingdom,5.9,Sale
541509,85231B,CINAMMON SET OF 9 T-LIGHTS,3,2011-01-18 16:31:00,0.85,13263.0,United Kingdom,2.55,Sale
579694,22734,SET OF 6 RIBBONS VINTAGE CHRISTMAS,7,2011-11-30 14:11:00,5.79,,United Kingdom,40.53,Sale
565432,22662,LUNCH BAG DOLLY GIRL DESIGN,1,2011-09-04 13:16:00,1.65,16241.0,United Kingdom,1.65,Sale
561093,21213,PACK OF 72 SKULL CAKE CASES,24,2011-07-25 10:01:00,0.55,12540.0,Spain,13.2,Sale
567615,22142,CHRISTMAS CRAFT WHITE FAIRY ,80,2011-09-21 12:14:00,1.25,13316.0,United Kingdom,100.0,Sale
538370,21671,RED SPOT CERAMIC DRAWER KNOB,1,2010-12-12 11:06:00,1.25,16923.0,United Kingdom,1.25,Sale
575602,84849D,HOT BATHS SOAP HOLDER,2,2011-11-10 12:27:00,1.69,17059.0,United Kingdom,3.38,Sale
549525,21244,BLUE POLKADOT PLATE ,4,2011-04-08 15:44:00,3.29,,United Kingdom,13.16,Sale
577845,21977,PACK OF 60 PINK PAISLEY CAKE CASES,24,2011-11-22 10:44:00,0.55,18139.0,United Kingdom,13.2,Sale
541497,84313B,BLUE TV TRAY TABLE ,1,2011-01-18 15:19:00,5.79,,United Kingdom,5.79,Sale
550541,21936,RED RETROSPOT PICNIC BAG,1,2011-04-19 11:33:00,5.79,,United Kingdom,5.79,Sale
570593,22338,STAR DECORATION PAINTED ZINC ,96,2011-10-11 11:38:00,0.19,18180.0,United Kingdom,18.24,Sale
548546,21733,RED HANGING HEART T-LIGHT HOLDER,6,2011-03-31 19:20:00,2.95,16600.0,United Kingdom,17.700000000000003,Sale
567077,23321,SMALL WHITE HEART OF WICKER,2,2011-09-16 12:34:00,1.65,18122.0,United Kingdom,3.3,Sale
558120,22197,POPCORN HOLDER,1,2011-06-27 09:12:00,1.63,,United Kingdom,1.63,Sale
564353,22303,COFFEE MUG APPLES DESIGN,6,2011-08-24 15:08:00,2.55,15764.0,United Kingdom,15.3,Sale
559709,22727,ALARM CLOCK BAKELIKE RED ,8,2011-07-12 10:21:00,3.75,16656.0,United Kingdom,30.0,Sale
541489,22435,SET OF 9 HEART SHAPED BALLOONS,10,2011-01-18 13:38:00,1.25,15023.0,United Kingdom,12.5,Sale
547248,21843,RED RETROSPOT CAKE STAND,1,2011-03-22 09:23:00,20.79,,United Kingdom,20.79,Sale
549023,22219,LOVEBIRD HANGING DECORATION WHITE ,1,2011-04-05 16:27:00,1.63,,United Kingdom,1.63,Sale
574882,23041,PAPER LANTERN 9 POINT SNOW STAR,1,2011-11-07 13:45:00,4.15,13599.0,United Kingdom,4.15,Sale
547895,22518,CHILDS GARDEN BRUSH BLUE,1,2011-03-28 10:52:00,2.1,18118.0,United Kingdom,2.1,Sale
540642,22727,ALARM CLOCK BAKELIKE RED ,8,2011-01-10 13:22:00,3.75,12681.0,France,30.0,Sale
571899,23370,SET 36 COLOURING PENCILS DOILY,1,2011-10-19 14:22:00,1.25,16885.0,United Kingdom,1.25,Sale
560018,23123,COCKTAIL SWORDS 50 PIECES,1,2011-07-14 12:52:00,0.83,15987.0,United Kingdom,0.83,Sale
564733,20718,RED RETROSPOT SHOPPER BAG,6,2011-08-28 13:18:00,1.25,17841.0,United Kingdom,7.5,Sale
548203,22745,POPPY'S PLAYHOUSE BEDROOM ,37,2011-03-29 16:40:00,4.95,,United Kingdom,183.15,Sale
539437,22424,ENAMEL BREAD BIN CREAM,1,2010-12-17 14:54:00,10.85,,United Kingdom,10.85,Sale
553067,21428,SET3 BOOK BOX GREEN GINGHAM FLOWER ,6,2011-05-13 11:44:00,4.25,16871.0,United Kingdom,25.5,Sale
567376,22867,HAND WARMER BIRD DESIGN,96,2011-09-20 09:54:00,1.85,13767.0,United Kingdom,177.60000000000002,Sale
552953,21670,BLUE SPOT CERAMIC DRAWER KNOB,12,2011-05-12 12:11:00,1.25,16745.0,United Kingdom,15.0,Sale
577782,22158,3 HEARTS HANGING DECORATION RUSTIC,1,2011-11-21 16:17:00,2.95,16549.0,United Kingdom,2.95,Sale
564304,21155,RED RETROSPOT PEG BAG,1,2011-08-24 12:11:00,2.55,14527.0,United Kingdom,2.55,Sale
571904,22326,ROUND SNACK BOXES SET OF4 WOODLAND ,6,2011-10-19 14:41:00,2.95,12522.0,Germany,17.700000000000003,Sale
580610,22728,ALARM CLOCK BAKELIKE PINK,2,2011-12-05 11:48:00,8.29,,United Kingdom,16.58,Sale
550621,22994,TRAVEL CARD WALLET RETROSPOT,2,2011-04-19 13:41:00,0.42,13263.0,United Kingdom,0.84,Sale
576339,22348,TEA BAG PLATE RED RETROSPOT,2,2011-11-14 15:27:00,1.63,14096.0,United Kingdom,3.26,Sale
538186,21175,GIN + TONIC DIET METAL SIGN,12,2010-12-10 10:26:00,2.1,13000.0,United Kingdom,25.200000000000003,Sale
550152,21916,SET 12 RETRO WHITE CHALK STICKS,3,2011-04-14 14:43:00,0.42,17362.0,United Kingdom,1.26,Sale
545217,21877,HOME SWEET HOME MUG,1,2011-02-28 16:59:00,3.29,,United Kingdom,3.29,Sale
573551,22158,3 HEARTS HANGING DECORATION RUSTIC,12,2011-10-31 13:35:00,2.95,15044.0,United Kingdom,35.400000000000006,Sale
541969,21523,DOORMAT FANCY FONT HOME SWEET HOME,1,2011-01-24 13:46:00,14.13,,United Kingdom,14.13,Sale
540977,21615,4 LAVENDER BOTANICAL DINNER CANDLES,2,2011-01-12 15:01:00,2.51,,United Kingdom,5.02,Sale
568134,21174,POTTERING IN THE SHED METAL SIGN,1,2011-09-23 17:02:00,4.13,,United Kingdom,4.13,Sale
566822,21733,RED HANGING HEART T-LIGHT HOLDER,6,2011-09-15 11:33:00,2.95,17677.0,United Kingdom,17.700000000000003,Sale
552229,21901,"KEY FOB , BACK DOOR ",1,2011-05-06 15:40:00,1.63,,United Kingdom,1.63,Sale
540640,21930,JUMBO STORAGE BAG SKULLS,3,2011-01-10 12:36:00,1.95,14527.0,United Kingdom,5.85,Sale
549927,22970,LONDON BUS COFFEE MUG,252,2011-04-13 10:19:00,2.1,16684.0,United Kingdom,529.2,Sale
550364,22423,REGENCY CAKESTAND 3 TIER,2,2011-04-18 11:29:00,12.75,16713.0,United Kingdom,25.5,Sale
551414,22679,FRENCH BLUE METAL DOOR SIGN 4,10,2011-04-28 13:35:00,1.25,15622.0,United Kingdom,12.5,Sale
537237,22530,MAGIC DRAWING SLATE DOLLY GIRL ,1,2010-12-06 09:58:00,0.85,,United Kingdom,0.85,Sale
536756,84946,ANTIQUE SILVER TEA GLASS ETCHED,1,2010-12-02 14:23:00,1.25,,United Kingdom,1.25,Sale
576840,21773,DECORATIVE ROSE BATHROOM BOTTLE,1,2011-11-16 15:23:00,2.46,,United Kingdom,2.46,Sale
540453,22037,ROBOT BIRTHDAY CARD,12,2011-01-07 11:54:00,0.42,13426.0,United Kingdom,5.04,Sale
570871,22546,MINI JIGSAW PURDEY,1,2011-10-12 16:36:00,0.83,,United Kingdom,0.83,Sale
559120,23286,BLUE VINTAGE SPOT BEAKER,2,2011-07-06 12:18:00,0.85,16393.0,United Kingdom,1.7,Sale
539649,22985,"WRAP, BILLBOARD FONTS DESIGN",1,2010-12-20 16:09:00,0.42,,United Kingdom,0.42,Sale
577504,23343,JUMBO BAG VINTAGE CHRISTMAS ,4,2011-11-20 12:36:00,2.08,14159.0,United Kingdom,8.32,Sale
568645,POST,POSTAGE,3,2011-09-28 11:38:00,18.0,12656.0,France,54.0,Sale
556882,21166,COOK WITH WINE METAL SIGN ,8,2011-06-15 12:21:00,2.08,14395.0,United Kingdom,16.64,Sale
545909,22524,CHILDRENS GARDEN GLOVES BLUE,10,2011-03-08 09:45:00,1.25,15819.0,United Kingdom,12.5,Sale
560997,85136C,RED SHARK HELICOPTER,2,2011-07-22 13:59:00,7.95,12627.0,Germany,15.9,Sale
571465,M,Manual,1,2011-10-17 14:29:00,0.85,14830.0,United Kingdom,0.85,Sale
558563,84978,HANGING HEART JAR T-LIGHT HOLDER,12,2011-06-30 13:43:00,1.25,14561.0,United Kingdom,15.0,Sale
540977,22344,PARTY PIZZA DISH PINK POLKADOT,1,2011-01-12 15:01:00,0.43,,United Kingdom,0.43,Sale
579472,22071,SMALL WHITE RETROSPOT MUG IN BOX ,1,2011-11-29 15:09:00,3.75,13521.0,United Kingdom,3.75,Sale
559055,23308,SET OF 60 VINTAGE LEAF CAKE CASES ,2,2011-07-05 17:09:00,1.25,,United Kingdom,2.5,Sale
580727,23263,SET OF 3 WOODEN HEART DECORATIONS,8,2011-12-05 17:17:00,2.5,14096.0,United Kingdom,20.0,Sale
546392,22352,LUNCH BOX WITH CUTLERY RETROSPOT ,6,2011-03-11 14:15:00,2.55,14587.0,United Kingdom,15.3,Sale
536876,20719,WOODLAND CHARLOTTE BAG,4,2010-12-03 11:36:00,1.66,,United Kingdom,6.64,Sale
549101,22178,VICTORIAN GLASS HANGING T-LIGHT,56,2011-04-06 11:34:00,1.25,14606.0,United Kingdom,70.0,Sale
579629,23191,BUNDLE OF 3 RETRO NOTE BOOKS,1,2011-11-30 12:16:00,1.65,14963.0,United Kingdom,1.65,Sale
556252,21977,PACK OF 60 PINK PAISLEY CAKE CASES,24,2011-06-09 16:44:00,0.55,16779.0,United Kingdom,13.2,Sale
541484,22722,SET OF 6 SPICE TINS PANTRY DESIGN,3,2011-01-18 12:46:00,3.95,16814.0,United Kingdom,11.85,Sale
568917,84992,72 SWEETHEART FAIRY CAKE CASES,24,2011-09-29 14:11:00,0.55,15955.0,United Kingdom,13.2,Sale
561026,23344,JUMBO BAG 50'S CHRISTMAS ,2,2011-07-24 10:49:00,2.08,17265.0,United Kingdom,4.16,Sale
554668,47566,PARTY BUNTING,8,2011-05-25 15:19:00,4.95,18226.0,United Kingdom,39.6,Sale
560224,23238,SET OF 4 KNICK KNACK TINS LONDON ,2,2011-07-15 16:06:00,4.15,14572.0,United Kingdom,8.3,Sale
554708,22296,HEART IVORY TRELLIS LARGE,12,2011-05-26 10:25:00,1.65,16449.0,United Kingdom,19.8,Sale
561029,22381,TOY TIDY PINK POLKADOT,5,2011-07-24 11:25:00,2.1,12490.0,France,10.5,Sale
578084,22628,PICNIC BOXES SET OF 3 RETROSPOT ,4,2011-11-22 16:34:00,4.95,12465.0,Belgium,19.8,Sale
545721,22067,CHOC TRUFFLE GOLD TRINKET POT ,4,2011-03-07 10:52:00,1.65,15039.0,United Kingdom,6.6,Sale
580884,23203,JUMBO BAG VINTAGE DOILY ,2,2011-12-06 12:21:00,2.08,15907.0,United Kingdom,4.16,Sale
560992,84879,ASSORTED COLOUR BIRD ORNAMENT,16,2011-07-22 13:31:00,1.69,18161.0,United Kingdom,27.04,Sale
537218,84520B,PACK 20 ENGLISH ROSE PAPER NAPKINS,12,2010-12-05 15:46:00,0.85,12763.0,Japan,10.2,Sale
567615,23266,SET OF 3 WOODEN STOCKING DECORATION,1,2011-09-21 12:14:00,1.25,13316.0,United Kingdom,1.25,Sale
578233,20704,MR ROBOT SOFT TOY,1,2011-11-23 12:20:00,6.95,14049.0,United Kingdom,6.95,Sale
581439,22726,ALARM CLOCK BAKELIKE GREEN,2,2011-12-08 16:30:00,7.46,,United Kingdom,14.92,Sale
553387,22366,DOORMAT AIRMAIL ,1,2011-05-16 16:33:00,15.79,,United Kingdom,15.79,Sale
544930,22479,DAISY GARDEN MARKER,10,2011-02-24 18:26:00,1.25,17472.0,United Kingdom,12.5,Sale
572899,20765,CHRYSANTHEMUM SKETCHBOOK ,1,2011-10-26 14:50:00,3.75,13435.0,United Kingdom,3.75,Sale
578103,22693,GROW A FLYTRAP OR SUNFLOWER IN TIN,24,2011-11-23 08:42:00,1.25,17554.0,United Kingdom,30.0,Sale
537775,22093,MOTORING TISSUE BOX,12,2010-12-08 12:41:00,1.25,17722.0,United Kingdom,15.0,Sale
554356,22328,ROUND SNACK BOXES SET OF 4 FRUITS ,12,2011-05-24 09:25:00,2.95,12670.0,France,35.400000000000006,Sale
568193,22910,PAPER CHAIN KIT VINTAGE CHRISTMAS,4,2011-09-25 14:37:00,2.95,17107.0,United Kingdom,11.8,Sale
574710,22810,SET OF 6 T-LIGHTS SNOWMEN,6,2011-11-06 14:17:00,2.95,15427.0,United Kingdom,17.700000000000003,Sale
552676,20717,STRAWBERRY SHOPPER BAG,1,2011-05-10 15:07:00,2.46,,United Kingdom,2.46,Sale
581497,84029G,KNITTED UNION FLAG HOT WATER BOTTLE,11,2011-12-09 10:23:00,8.29,,United Kingdom,91.19,Sale
581514,22753,SMALL YELLOW BABUSHKA NOTEBOOK ,12,2011-12-09 11:20:00,0.21,17754.0,United Kingdom,2.52,Sale
569122,23295,SET OF 12 MINI LOAF BAKING CASES,8,2011-09-30 13:06:00,0.83,12694.0,France,6.64,Sale
566726,23356,LOVE HOT WATER BOTTLE,1,2011-09-14 13:12:00,5.95,15021.0,United Kingdom,5.95,Sale
540528,21448,12 DAISY PEGS IN WOOD BOX,1,2011-01-09 13:50:00,1.65,17800.0,United Kingdom,1.65,Sale
559052,22628,PICNIC BOXES SET OF 3 RETROSPOT ,13,2011-07-05 16:53:00,4.13,,United Kingdom,53.69,Sale
576618,23348,CHILDRENS TOY COOKING UTENSIL SET,2,2011-11-15 17:00:00,4.13,,United Kingdom,8.26,Sale
567915,20866,BLUE ROSE FABRIC MIRROR,12,2011-09-22 17:15:00,1.25,12579.0,France,15.0,Sale
572553,23351,ROLL WRAP 50'S CHRISTMAS,1,2011-10-24 17:09:00,2.46,,United Kingdom,2.46,Sale
578313,22776,SWEETHEART 3 TIER CAKE STAND ,1,2011-11-23 16:24:00,9.95,17757.0,United Kingdom,9.95,Sale
580983,23636,SET 10 CARDS WISHING TREE 17116,1,2011-12-06 16:26:00,2.91,,United Kingdom,2.91,Sale
557222,48185,DOORMAT FAIRY CAKE,2,2011-06-17 13:14:00,7.95,14936.0,Channel Islands,15.9,Sale
552694,23160,REGENCY TEA SPOON,12,2011-05-10 15:25:00,1.25,12749.0,United Kingdom,15.0,Sale
568134,22027,TEA PARTY BIRTHDAY CARD,1,2011-09-23 17:02:00,0.83,,United Kingdom,0.83,Sale
569839,22386,JUMBO BAG PINK POLKADOT,200,2011-10-06 13:21:00,1.79,15769.0,United Kingdom,358.0,Sale
576618,21915,RED  HARMONICA IN BOX ,5,2011-11-15 17:00:00,2.46,,United Kingdom,12.3,Sale
550796,22383,LUNCH BAG SUKI DESIGN ,3,2011-04-20 14:38:00,1.65,17211.0,United Kingdom,4.949999999999999,Sale
575744,84879,ASSORTED COLOUR BIRD ORNAMENT,32,2011-11-11 10:03:00,1.69,14035.0,United Kingdom,54.08,Sale
557891,85078,SCANDINAVIAN 3 HEARTS NAPKIN RING,24,2011-06-23 14:05:00,0.19,17652.0,United Kingdom,4.5600000000000005,Sale
557955,23061,VINTAGE EMBOSSED HEART,12,2011-06-23 18:59:00,1.25,16175.0,United Kingdom,15.0,Sale
566726,23321,SMALL WHITE HEART OF WICKER,1,2011-09-14 13:12:00,1.65,15021.0,United Kingdom,1.65,Sale
558700,21544,SKULLS  WATER TRANSFER TATTOOS ,5,2011-07-01 12:33:00,0.85,17920.0,United Kingdom,4.25,Sale
537153,85135B,BLUE DRAGONFLY HELICOPTER,3,2010-12-05 13:03:00,7.95,16718.0,United Kingdom,23.85,Sale
564733,22384,LUNCH BAG PINK POLKADOT,2,2011-08-28 13:18:00,1.65,17841.0,United Kingdom,3.3,Sale
573415,23153,ZINC SWEETHEART WIRE LETTER RACK,2,2011-10-30 16:17:00,3.75,13607.0,United Kingdom,7.5,Sale
544097,22602,RETROSPOT WOODEN HEART DECORATION,48,2011-02-16 09:56:00,0.85,12455.0,Cyprus,40.8,Sale
554349,22386,JUMBO BAG PINK POLKADOT,10,2011-05-24 08:49:00,2.08,14191.0,United Kingdom,20.8,Sale
548309,22399,MAGNETS PACK OF 4 CHILDHOOD MEMORY,1,2011-03-30 12:02:00,1.25,16657.0,United Kingdom,1.25,Sale
565233,23238,SET OF 4 KNICK KNACK TINS LONDON ,1,2011-09-02 09:34:00,8.29,,United Kingdom,8.29,Sale
559951,23066,SMALL DECO JEWELLERY STAND,4,2011-07-14 10:52:00,8.25,14847.0,United Kingdom,33.0,Sale
579942,22219,LOVEBIRD HANGING DECORATION WHITE ,12,2011-12-01 10:33:00,0.85,16145.0,United Kingdom,10.2,Sale
549321,22969,HOMEMADE JAM SCENTED CANDLES,12,2011-04-08 10:19:00,1.45,14243.0,United Kingdom,17.4,Sale
577831,23344,JUMBO BAG 50'S CHRISTMAS ,10,2011-11-22 10:17:00,2.08,16748.0,United Kingdom,20.8,Sale
549577,22546,MINI JIGSAW PURDEY,24,2011-04-11 08:16:00,0.42,14286.0,United Kingdom,10.08,Sale
567461,23207,LUNCH BAG ALPHABET DESIGN,1,2011-09-20 12:31:00,8.33,,United Kingdom,8.33,Sale
559034,21731,RED TOADSTOOL LED NIGHT LIGHT,12,2011-07-05 14:56:00,1.65,13109.0,United Kingdom,19.8,Sale
540550,22743,MAKE YOUR OWN FLOWERPOWER CARD KIT,6,2011-01-10 09:11:00,2.95,12539.0,Spain,17.700000000000003,Sale
537823,72799E,IVORY PILLAR CANDLE SILVER FLOCK,1,2010-12-08 14:25:00,3.36,,United Kingdom,3.36,Sale
560772,22374,AIRLINE BAG VINTAGE JET SET RED,1,2011-07-20 16:12:00,4.13,,United Kingdom,4.13,Sale
542710,22520,CHILDS GARDEN TROWEL BLUE ,12,2011-01-31 13:17:00,0.85,14776.0,United Kingdom,10.2,Sale
558420,21907,I'M ON HOLIDAY METAL SIGN,3,2011-06-29 11:46:00,2.1,14577.0,United Kingdom,6.300000000000001,Sale
561147,23187,FRENCH STYLE STORAGE JAR BONBONS,48,2011-07-25 13:06:00,0.29,16841.0,United Kingdom,13.919999999999998,Sale
577150,22631,CIRCUS PARADE LUNCH BOX ,3,2011-11-18 09:48:00,4.96,,United Kingdom,14.88,Sale
568399,23328,SET 6 SCHOOL MILK BOTTLES IN CRATE,4,2011-09-27 10:26:00,3.75,16145.0,United Kingdom,15.0,Sale
580520,22638,SET OF 4 NAPKIN CHARMS CROWNS ,4,2011-12-04 14:55:00,0.79,13521.0,United Kingdom,3.16,Sale
571296,22812,PACK 3 BOXES CHRISTMAS PANNETONE,2,2011-10-16 16:13:00,1.95,13760.0,United Kingdom,3.9,Sale
539050,22638,SET OF 4 NAPKIN CHARMS CROWNS ,1,2010-12-15 16:21:00,2.55,12577.0,France,2.55,Sale
544042,47566,PARTY BUNTING,1,2011-02-15 11:52:00,4.95,14527.0,United Kingdom,4.95,Sale
564379,71477,COLOUR GLASS. STAR T-LIGHT HOLDER,24,2011-08-25 10:32:00,2.75,16779.0,United Kingdom,66.0,Sale
549257,85132C,CHARLIE AND LOLA FIGURES TINS,1,2011-04-07 12:29:00,1.95,14465.0,United Kingdom,1.95,Sale
576339,22547,MINI JIGSAW DINOSAUR ,1,2011-11-14 15:27:00,0.83,14096.0,United Kingdom,0.83,Sale
547042,21320,GLASS CHALICE GREEN  LARGE ,2,2011-03-20 11:00:00,4.96,,United Kingdom,9.92,Sale
551009,71053,WHITE METAL LANTERN,2,2011-04-26 09:50:00,8.29,,United Kingdom,16.58,Sale
575086,23080,RED METAL BOX TOP SECRET,16,2011-11-08 13:52:00,7.5,16618.0,United Kingdom,120.0,Sale
576463,22086,PAPER CHAIN KIT 50'S CHRISTMAS ,3,2011-11-15 11:37:00,2.95,17974.0,United Kingdom,8.850000000000001,Sale
577108,23330,DECORATIVE WICKER HEART MEDIUM,10,2011-11-17 17:34:00,1.25,15983.0,United Kingdom,12.5,Sale
545464,22241,GARLAND WOODEN HAPPY EASTER,4,2011-03-03 09:10:00,2.46,,United Kingdom,9.84,Sale
545688,82484,WOOD BLACK BOARD ANT WHITE FINISH,2,2011-03-06 12:42:00,7.9,16033.0,United Kingdom,15.8,Sale
566734,20974,12 PENCILS SMALL TUBE SKULL,2,2011-09-14 14:09:00,0.65,16910.0,United Kingdom,1.3,Sale
580610,22456,NATURAL SLATE CHALKBOARD LARGE ,6,2011-12-05 11:48:00,9.96,,United Kingdom,59.760000000000005,Sale
556093,22089,PAPER BUNTING VINTAGE PAISLEY,11,2011-06-08 15:26:00,4.13,,United Kingdom,45.43,Sale
542255,20961,STRAWBERRY BATH SPONGE ,6,2011-01-26 16:43:00,2.46,,United Kingdom,14.76,Sale
536520,22642,SET OF 4 NAPKIN CHARMS STARS   ,4,2010-12-01 12:43:00,2.55,14729.0,United Kingdom,10.2,Sale
569079,23360,SET 8 CANDLES VINTAGE DOILY,12,2011-09-30 11:45:00,1.95,14226.0,United Kingdom,23.4,Sale
579291,21381,MINI WOODEN HAPPY BIRTHDAY GARLAND,1,2011-11-29 11:21:00,4.13,,United Kingdom,4.13,Sale
575649,22751,FELTCRAFT PRINCESS OLIVIA DOLL,2,2011-11-10 14:23:00,3.75,,United Kingdom,7.5,Sale
553061,21059,PARTY INVITES DINOSAURS,3,2011-05-13 11:12:00,0.85,17238.0,United Kingdom,2.55,Sale
540957,20728,LUNCH BAG CARS BLUE,2,2011-01-12 13:30:00,1.65,15311.0,United Kingdom,3.3,Sale
547035,22617,BAKING SET SPACEBOY DESIGN,3,2011-03-20 10:33:00,4.95,13911.0,United Kingdom,14.85,Sale
565841,22086,PAPER CHAIN KIT 50'S CHRISTMAS ,1,2011-09-07 12:04:00,5.79,,United Kingdom,5.79,Sale
578370,22899,CHILDREN'S APRON DOLLY GIRL ,1,2011-11-24 11:11:00,2.1,17346.0,United Kingdom,2.1,Sale
546293,85036A,GARDENIA 1 WICK MORRIS BOXED CANDLE,1,2011-03-10 15:13:00,4.25,,United Kingdom,4.25,Sale
560106,22096,PINK PAISLEY SQUARE TISSUE BOX ,1,2011-07-14 20:01:00,0.39,17554.0,United Kingdom,0.39,Sale
557231,84692,BOX OF 24 COCKTAIL PARASOLS,1,2011-06-17 14:09:00,1.63,,United Kingdom,1.63,Sale
566760,22062,CERAMIC BOWL WITH LOVE HEART DESIGN,5,2011-09-14 16:36:00,0.83,15272.0,United Kingdom,4.15,Sale
550913,21216,"SET 3 RETROSPOT TEA,COFFEE,SUGAR",4,2011-04-21 13:22:00,4.95,17631.0,United Kingdom,19.8,Sale
542662,21213,PACK OF 72 SKULL CAKE CASES,24,2011-01-31 12:10:00,0.55,18145.0,United Kingdom,13.2,Sale
561860,85187,S/12 MINI RABBIT EASTER,1,2011-07-29 17:28:00,1.65,17997.0,United Kingdom,1.65,Sale
539831,85049G,CHOCOLATE BOX RIBBONS ,1,2010-12-22 13:17:00,1.25,14606.0,United Kingdom,1.25,Sale
572667,23465,TUSCAN VILLA FEEDING STATION,2,2011-10-25 13:05:00,8.25,15963.0,United Kingdom,16.5,Sale
573137,35095B,RED VICTORIAN FABRIC OVAL BOX,1,2011-10-27 17:15:00,0.83,,United Kingdom,0.83,Sale
565767,22112,CHOCOLATE HOT WATER BOTTLE,5,2011-09-06 14:28:00,12.46,,United Kingdom,62.3,Sale
558774,84913A,SOFT PINK ROSE TOWEL ,1,2011-07-04 10:17:00,3.29,,United Kingdom,3.29,Sale
553768,21930,JUMBO STORAGE BAG SKULLS,6,2011-05-19 10:47:00,4.96,,United Kingdom,29.76,Sale
578942,22605,WOODEN CROQUET GARDEN SET,1,2011-11-27 13:29:00,14.95,17288.0,United Kingdom,14.95,Sale
543197,22921,HERB MARKER CHIVES ,12,2011-02-04 12:36:00,0.65,12842.0,United Kingdom,7.800000000000001,Sale
547663,22564,ALPHABET STENCIL CRAFT,2,2011-03-24 13:16:00,1.25,16022.0,United Kingdom,2.5,Sale
547079,22488,NATURAL SLATE RECTANGLE CHALKBOARD,1,2011-03-20 15:02:00,1.65,15408.0,United Kingdom,1.65,Sale
578719,22955,36 FOIL STAR CAKE CASES ,1,2011-11-25 11:25:00,2.1,17348.0,United Kingdom,2.1,Sale
578036,23559,WOODLAND BUNNIES LOLLY MAKERS,3,2011-11-22 14:04:00,2.08,16474.0,United Kingdom,6.24,Sale
575628,22533,MAGIC DRAWING SLATE BAKE A CAKE ,1,2011-11-10 13:31:00,0.42,12844.0,United Kingdom,0.42,Sale
580167,23215,JINGLE BELL HEART ANTIQUE SILVER,48,2011-12-02 11:28:00,2.08,17386.0,United Kingdom,99.84,Sale
574328,21980,PACK OF 12 RED RETROSPOT TISSUES ,24,2011-11-04 09:05:00,0.39,13081.0,United Kingdom,9.36,Sale
579470,22178,VICTORIAN GLASS HANGING T-LIGHT,6,2011-11-29 15:06:00,1.95,16549.0,United Kingdom,11.7,Sale
573763,23203,JUMBO BAG VINTAGE DOILY ,10,2011-11-01 09:56:00,2.08,17139.0,United Kingdom,20.8,Sale
564221,21931,JUMBO STORAGE BAG SUKI,24,2011-08-24 09:36:00,4.13,,United Kingdom,99.12,Sale
561214,85131B,BEADED CRYSTAL HEART GREEN ON STICK,7,2011-07-25 17:00:00,0.83,,United Kingdom,5.81,Sale
549683,21155,RED RETROSPOT PEG BAG,6,2011-04-11 13:24:00,2.55,14273.0,United Kingdom,15.3,Sale
575477,23174,REGENCY SUGAR BOWL GREEN,1,2011-11-09 16:14:00,8.29,,United Kingdom,8.29,Sale
575647,23198,PANTRY MAGNETIC  SHOPPING LIST,3,2011-11-10 14:16:00,1.45,16440.0,United Kingdom,4.35,Sale
572294,21411,GINGHAM HEART  DOORSTOP RED,2,2011-10-23 13:10:00,4.25,13471.0,United Kingdom,8.5,Sale
538566,85179C,PINK BITTY LIGHT CHAIN,1,2010-12-13 11:21:00,9.32,,United Kingdom,9.32,Sale
562173,21617,4 LILY  BOTANICAL DINNER CANDLES,2,2011-08-03 12:12:00,3.75,14530.0,United Kingdom,7.5,Sale
553571,22849,BREAD BIN DINER STYLE MINT,1,2011-05-18 09:35:00,16.95,17287.0,United Kingdom,16.95,Sale
542864,48184,DOORMAT ENGLISH ROSE ,10,2011-02-01 12:03:00,6.75,13802.0,United Kingdom,67.5,Sale
541680,21908,CHOCOLATE THIS WAY METAL SIGN,48,2011-01-20 14:18:00,1.85,14062.0,United Kingdom,88.80000000000001,Sale
560527,22662,LUNCH BAG DOLLY GIRL DESIGN,10,2011-07-19 11:57:00,1.65,15727.0,United Kingdom,16.5,Sale
569008,21830,ASSORTED CREEPY CRAWLIES,24,2011-09-29 18:53:00,0.42,15114.0,United Kingdom,10.08,Sale
578074,23399,HOME SWEET HOME HANGING HEART,1,2011-11-22 16:06:00,0.85,17590.0,United Kingdom,0.85,Sale
559160,22457,NATURAL SLATE HEART CHALKBOARD ,5,2011-07-06 16:15:00,2.95,17293.0,United Kingdom,14.75,Sale
536808,21257,VICTORIAN SEWING BOX MEDIUM,2,2010-12-02 16:46:00,7.95,17659.0,United Kingdom,15.9,Sale
552520,22562,MONSTERS STENCIL CRAFT,2,2011-05-09 16:34:00,2.46,,United Kingdom,4.92,Sale
560033,47566,PARTY BUNTING,8,2011-07-14 13:28:00,4.95,12388.0,Australia,39.6,Sale
538832,21668,RED STRIPE CERAMIC DRAWER KNOB,12,2010-12-14 13:03:00,1.25,17158.0,United Kingdom,15.0,Sale
552149,22630,DOLLY GIRL LUNCH BOX,12,2011-05-06 12:00:00,1.95,13365.0,United Kingdom,23.4,Sale
547510,21716,BOYS VINTAGE TIN SEASIDE BUCKET,8,2011-03-23 13:42:00,2.55,15245.0,United Kingdom,20.4,Sale
564757,23202,JUMBO BAG VINTAGE LEAF,2,2011-08-30 10:36:00,4.13,,United Kingdom,8.26,Sale
575318,22142,CHRISTMAS CRAFT WHITE FAIRY ,12,2011-11-09 13:17:00,1.45,14921.0,United Kingdom,17.4,Sale
556970,22624,IVORY KITCHEN SCALES,2,2011-06-16 10:18:00,8.5,13082.0,United Kingdom,17.0,Sale
541696,21709,FOLDING UMBRELLA CHOCOLATE POLKADOT,3,2011-01-20 18:08:00,3.29,,United Kingdom,9.87,Sale
569558,22945,CHRISTMAS METAL TAGS ASSORTED ,48,2011-10-05 08:53:00,0.85,14936.0,Channel Islands,40.8,Sale
557067,22035,VINTAGE CARAVAN GREETING CARD ,12,2011-06-16 15:12:00,0.42,13098.0,United Kingdom,5.04,Sale
543161,22627,MINT KITCHEN SCALES,2,2011-02-03 17:01:00,8.5,14497.0,United Kingdom,17.0,Sale
575481,20975,12 PENCILS SMALL TUBE RED RETROSPOT,4,2011-11-09 16:28:00,0.65,15679.0,United Kingdom,2.6,Sale
547061,21109,LARGE CAKE TOWEL CHOCOLATE SPOTS,2,2011-03-20 13:21:00,6.75,12407.0,Belgium,13.5,Sale
557949,22139,RETROSPOT TEA SET CERAMIC 11 PC ,3,2011-06-23 17:20:00,4.95,15530.0,United Kingdom,14.85,Sale
565617,22896,PEG BAG APPLES DESIGN,1,2011-09-05 15:30:00,4.96,,United Kingdom,4.96,Sale
538558,70006,LOVE HEART POCKET WARMER,30,2010-12-13 10:58:00,0.42,13069.0,United Kingdom,12.6,Sale
571046,23100,SILVER BELLS TABLE DECORATION,1,2011-10-13 13:35:00,1.25,18096.0,United Kingdom,1.25,Sale
567656,20972,PINK CREAM FELT CRAFT TRINKET BOX ,4,2011-09-21 14:40:00,2.46,14096.0,United Kingdom,9.84,Sale
559993,22609,PENS ASSORTED SPACEBALL,36,2011-07-14 12:42:00,0.19,14716.0,United Kingdom,6.84,Sale
572811,20728,LUNCH BAG CARS BLUE,10,2011-10-26 11:14:00,1.65,16071.0,United Kingdom,16.5,Sale
546650,22525,CHILDRENS GARDEN GLOVES PINK,1,2011-03-15 14:17:00,3.29,,United Kingdom,3.29,Sale
550004,22647,CERAMIC LOVE HEART MONEY BANK,12,2011-04-14 09:56:00,1.45,12569.0,Germany,17.4,Sale
564552,85099C,JUMBO  BAG BAROQUE BLACK WHITE,10,2011-08-25 17:22:00,2.08,16670.0,United Kingdom,20.8,Sale
547890,22094,RED RETROSPOT TISSUE BOX,1,2011-03-28 10:03:00,1.25,17227.0,United Kingdom,1.25,Sale
572209,23557,LANDMARK FRAME BAKER STREET ,300,2011-10-21 12:08:00,10.95,18102.0,United Kingdom,3285.0,Sale
579461,22945,CHRISTMAS METAL TAGS ASSORTED ,24,2011-11-29 14:42:00,0.85,15615.0,United Kingdom,20.4,Sale
546658,22438,BALLOON ART MAKE YOUR OWN FLOWERS,10,2011-03-15 14:21:00,1.95,15150.0,United Kingdom,19.5,Sale
539414,22301,COFFEE MUG CAT + BIRD DESIGN,2,2010-12-17 13:45:00,2.55,16931.0,United Kingdom,5.1,Sale
581237,23507,MINI PLAYING CARDS BUFFALO BILL ,1,2011-12-08 10:40:00,0.42,15443.0,United Kingdom,0.42,Sale
577058,22111,SCOTTIE DOG HOT WATER BOTTLE,1,2011-11-17 14:29:00,4.95,18122.0,United Kingdom,4.95,Sale
553721,22460,EMBOSSED GLASS TEALIGHT HOLDER,24,2011-05-18 16:37:00,1.25,16570.0,United Kingdom,30.0,Sale
570677,85123A,WHITE HANGING HEART T-LIGHT HOLDER,12,2011-10-11 15:10:00,2.95,12836.0,United Kingdom,35.400000000000006,Sale
547223,84380,SET OF 3 BUTTERFLY COOKIE CUTTERS,5,2011-03-21 15:10:00,1.25,12867.0,United Kingdom,6.25,Sale
554770,23133,LARGE IVORY HEART WALL ORGANISER,2,2011-05-26 11:40:00,8.25,14911.0,EIRE,16.5,Sale
545523,22743,MAKE YOUR OWN FLOWERPOWER CARD KIT,1,2011-03-03 12:41:00,2.95,14524.0,United Kingdom,2.95,Sale
573585,23534,WALL ART STOP FOR TEA ,8,2011-10-31 14:41:00,12.46,,United Kingdom,99.68,Sale
575477,82583,HOT BATHS METAL SIGN,1,2011-11-09 16:14:00,4.13,,United Kingdom,4.13,Sale
540848,21916,SET 12 RETRO WHITE CHALK STICKS,1,2011-01-12 09:26:00,0.85,,United Kingdom,0.85,Sale
566929,23092,LARGE ANTIQUE WHITE PHOTO FRAME,12,2011-09-15 15:21:00,6.65,17428.0,United Kingdom,79.80000000000001,Sale
553206,20718,RED RETROSPOT SHOPPER BAG,10,2011-05-16 08:16:00,1.25,14156.0,EIRE,12.5,Sale
536560,22400,MAGNETS PACK OF 4 HOME SWEET HOME,12,2010-12-01 15:00:00,1.25,13093.0,United Kingdom,15.0,Sale
542667,20726,LUNCH BAG WOODLAND,10,2011-01-31 12:16:00,1.65,17068.0,United Kingdom,16.5,Sale
554663,22431,WATERING CAN BLUE ELEPHANT,2,2011-05-25 14:29:00,1.95,14985.0,United Kingdom,3.9,Sale
560926,22481,BLACK TEA TOWEL CLASSIC DESIGN,5,2011-07-22 09:20:00,0.83,,United Kingdom,4.15,Sale
564743,22297,HEART IVORY TRELLIS SMALL,3,2011-08-28 15:17:00,1.25,14606.0,United Kingdom,3.75,Sale
552828,23201,JUMBO BAG ALPHABET,10,2011-05-11 13:23:00,1.95,13662.0,United Kingdom,19.5,Sale
580290,22043,CHRISTMAS CARD SCREEN PRINT ,24,2011-12-02 13:35:00,0.42,17221.0,United Kingdom,10.08,Sale
552023,47566,PARTY BUNTING,4,2011-05-05 17:59:00,4.95,17624.0,United Kingdom,19.8,Sale
578827,16238,PARTY TIME PENCIL ERASERS,1,2011-11-25 14:25:00,0.42,,United Kingdom,0.42,Sale
570215,22579,WOODEN TREE CHRISTMAS SCANDINAVIAN,36,2011-10-09 11:53:00,0.29,16066.0,United Kingdom,10.44,Sale
570466,21591,COSY HOUR CIGAR BOX MATCHES ,6,2011-10-10 16:03:00,1.25,16791.0,United Kingdom,7.5,Sale
569767,22271,FELTCRAFT DOLL ROSIE,6,2011-10-06 11:24:00,2.95,14849.0,United Kingdom,17.700000000000003,Sale
556935,21213,PACK OF 72 SKULL CAKE CASES,48,2011-06-15 15:57:00,0.55,17651.0,United Kingdom,26.4,Sale
574054,22468,BABUSHKA LIGHTS STRING OF 10,4,2011-11-02 14:07:00,6.75,18104.0,United Kingdom,27.0,Sale
565756,21174,POTTERING IN THE SHED METAL SIGN,24,2011-09-06 13:20:00,2.08,18230.0,United Kingdom,49.92,Sale
579777,35964,FOLKART CLIP ON STARS,2,2011-11-30 15:13:00,0.83,,United Kingdom,1.66,Sale
578149,21988,PACK OF 6 SKULL PAPER PLATES,4,2011-11-23 11:11:00,1.63,,United Kingdom,6.52,Sale
547548,22551,PLASTERS IN TIN SPACEBOY,1,2011-03-23 15:37:00,1.65,15644.0,United Kingdom,1.65,Sale
552202,47590A,BLUE HAPPY BIRTHDAY BUNTING,3,2011-05-06 14:51:00,5.45,12414.0,Austria,16.35,Sale
580679,22835,HOT WATER BOTTLE I AM SO POORLY,4,2011-12-05 14:49:00,4.95,18198.0,United Kingdom,19.8,Sale
580527,21174,POTTERING IN THE SHED METAL SIGN,1,2011-12-04 15:19:00,2.08,13736.0,United Kingdom,2.08,Sale
540468,22163,HEART STRING MEMO HOLDER HANGING,2,2011-01-07 13:55:00,3.36,,United Kingdom,6.72,Sale
568703,23547,WRAP FLOWER SHOP  ,25,2011-09-28 15:21:00,0.42,12748.0,United Kingdom,10.5,Sale
580956,84836,ZINC METAL HEART DECORATION,3,2011-12-06 14:23:00,1.25,17841.0,United Kingdom,3.75,Sale
555496,22666,RECIPE BOX PANTRY YELLOW DESIGN,24,2011-06-03 14:44:00,2.55,15405.0,United Kingdom,61.2,Sale
572465,22810,SET OF 6 T-LIGHTS SNOWMEN,6,2011-10-24 13:26:00,2.95,14474.0,United Kingdom,17.700000000000003,Sale
547788,84510A,SET OF 4 ENGLISH ROSE COASTERS,1,2011-03-25 12:00:00,2.46,,United Kingdom,2.46,Sale
560251,22766,PHOTO FRAME CORNICE,2,2011-07-17 12:32:00,2.95,17774.0,United Kingdom,5.9,Sale
538205,22489,PACK OF 12 TRADITIONAL CRAYONS,3,2010-12-10 11:24:00,0.42,12748.0,United Kingdom,1.26,Sale
578827,21116,OWL DOORSTOP,2,2011-11-25 14:25:00,8.29,,United Kingdom,16.58,Sale
538627,22581,WOOD STOCKING CHRISTMAS SCANDISPOT,2,2010-12-13 12:59:00,0.85,,United Kingdom,1.7,Sale
546062,21034,REX CASH+CARRY JUMBO SHOPPER,1,2011-03-09 10:51:00,0.95,16221.0,United Kingdom,0.95,Sale
567671,21928,JUMBO BAG SCANDINAVIAN BLUE PAISLEY,3,2011-09-21 15:34:00,4.13,,United Kingdom,12.39,Sale
539434,22788,BROCANTE COAT RACK,1,2010-12-17 14:41:00,20.38,,United Kingdom,20.38,Sale
545312,21650,ASSORTED TUTTI FRUTTI BRACELET,24,2011-03-01 13:51:00,0.65,15456.0,United Kingdom,15.6,Sale
564056,79321,CHILLI LIGHTS,5,2011-08-22 14:13:00,5.75,14387.0,United Kingdom,28.75,Sale
580119,23493,VINTAGE DOILY TRAVEL SEWING KIT,3,2011-12-01 16:37:00,1.95,17920.0,United Kingdom,5.85,Sale
539453,90214J,"LETTER ""J"" BLING KEY RING",2,2010-12-17 17:08:00,0.85,,United Kingdom,1.7,Sale
554511,22969,HOMEMADE JAM SCENTED CANDLES,2,2011-05-24 15:52:00,3.29,,United Kingdom,6.58,Sale
569247,22781,GUMBALL MAGAZINE RACK,12,2011-10-03 10:08:00,6.75,17924.0,United Kingdom,81.0,Sale
558614,22504,CABIN BAG VINTAGE RETROSPOT,6,2011-06-30 15:56:00,16.63,,United Kingdom,99.78,Sale
545032,22697,GREEN REGENCY TEACUP AND SAUCER,12,2011-02-25 15:37:00,2.95,14051.0,United Kingdom,35.400000000000006,Sale
551342,20975,12 PENCILS SMALL TUBE RED RETROSPOT,24,2011-04-28 08:34:00,0.65,16099.0,United Kingdom,15.6,Sale
550130,22110,BIRD HOUSE HOT WATER BOTTLE,4,2011-04-14 13:17:00,2.55,14390.0,United Kingdom,10.2,Sale
553860,79066K,RETRO MOD TRAY,3,2011-05-19 13:57:00,0.85,17841.0,United Kingdom,2.55,Sale
574024,21890,S/6 WOODEN SKITTLES IN COTTON BAG,6,2011-11-02 12:23:00,3.25,17410.0,United Kingdom,19.5,Sale
571441,84596B,SMALL DOLLY MIX DESIGN ORANGE BOWL,4,2011-10-17 13:31:00,0.83,14096.0,United Kingdom,3.32,Sale
558642,22961,JAM MAKING SET PRINTED,12,2011-07-01 09:47:00,1.45,17667.0,United Kingdom,17.4,Sale
549128,22892,SET OF SALT AND PEPPER TOADSTOOLS,1,2011-04-06 14:25:00,1.25,16713.0,United Kingdom,1.25,Sale
576641,21822,GLITTER CHRISTMAS TREE WITH BELLS,48,2011-11-16 09:59:00,0.79,17549.0,United Kingdom,37.92,Sale
572195,22665,RECIPE BOX BLUE SKETCHBOOK DESIGN,6,2011-10-21 11:49:00,2.95,14562.0,United Kingdom,17.700000000000003,Sale
553211,21498,RED RETROSPOT WRAP ,25,2011-05-16 09:40:00,0.42,15358.0,United Kingdom,10.5,Sale
560828,22229,BUNNY WOODEN PAINTED WITH FLOWER ,24,2011-07-21 11:55:00,0.39,14298.0,United Kingdom,9.36,Sale
563198,22189,CREAM HEART CARD HOLDER,36,2011-08-14 10:38:00,3.39,15270.0,United Kingdom,122.04,Sale
545227,21394,RED POLKADOT BEAKER ,18,2011-03-01 09:35:00,1.95,12428.0,Finland,35.1,Sale
541796,22261,FELT EGG COSY WHITE RABBIT ,12,2011-01-21 13:55:00,0.85,14092.0,United Kingdom,10.2,Sale
569629,23344,JUMBO BAG 50'S CHRISTMAS ,10,2011-10-05 11:37:00,2.08,15249.0,United Kingdom,20.8,Sale
569246,22731,3D CHRISTMAS STAMPS STICKERS ,3,2011-10-03 09:57:00,2.46,14096.0,United Kingdom,7.38,Sale
563557,22563,HAPPY STENCIL CRAFT,12,2011-08-17 13:33:00,1.25,15786.0,United Kingdom,15.0,Sale
539255,21725,SWEETIES  STICKERS,12,2010-12-16 14:26:00,0.85,16316.0,United Kingdom,10.2,Sale
553767,21179,NO JUNK MAIL METAL SIGN,1,2011-05-19 10:46:00,3.29,,United Kingdom,3.29,Sale
556195,21232,STRAWBERRY CERAMIC TRINKET BOX,4,2011-06-09 12:21:00,1.25,16745.0,United Kingdom,5.0,Sale
565838,23298,SPOTTY BUNTING,3,2011-09-07 11:43:00,4.95,15071.0,United Kingdom,14.85,Sale
552824,22079,RIBBON REEL HEARTS DESIGN ,1,2011-05-11 13:16:00,1.65,14056.0,United Kingdom,1.65,Sale
537434,21175,GIN + TONIC DIET METAL SIGN,2,2010-12-06 16:57:00,4.21,,United Kingdom,8.42,Sale
572552,22814,CARD PARTY GAMES ,1,2011-10-24 17:07:00,0.42,14096.0,United Kingdom,0.42,Sale
537153,21025,SPACE FROG,10,2010-12-05 13:03:00,1.25,16718.0,United Kingdom,12.5,Sale
577296,22744,MAKE YOUR OWN MONSOON CARD KIT,1,2011-11-18 12:47:00,2.95,17286.0,United Kingdom,2.95,Sale
560576,22294,HEART FILIGREE DOVE  SMALL,6,2011-07-19 14:59:00,1.25,17287.0,United Kingdom,7.5,Sale
559174,20615,BLUE POLKADOT PASSPORT COVER,20,2011-07-07 10:04:00,0.75,18263.0,United Kingdom,15.0,Sale
579187,22375,AIRLINE BAG VINTAGE JET SET BROWN,1,2011-11-28 15:31:00,8.29,,United Kingdom,8.29,Sale
543118,22077,6 RIBBONS RUSTIC CHARM,12,2011-02-03 13:31:00,1.65,13842.0,United Kingdom,19.8,Sale
559337,21880,RED RETROSPOT TAPE,3,2011-07-07 16:27:00,0.42,,United Kingdom,1.26,Sale
577615,23366,SET 12 COLOURING PENCILS DOILY,16,2011-11-21 10:22:00,0.65,12658.0,Germany,10.4,Sale
574862,23206,LUNCH BAG APPLE DESIGN,10,2011-11-07 12:27:00,1.65,12408.0,Belgium,16.5,Sale
580538,22906,12 MESSAGE CARDS WITH ENVELOPES,24,2011-12-05 08:38:00,1.65,14075.0,United Kingdom,39.6,Sale
561859,79336,LIGHT PINK FLOCK GLASS CANDLEHOLDER,6,2011-07-29 17:19:00,0.38,17750.0,United Kingdom,2.28,Sale
575691,22846,BREAD BIN DINER STYLE RED ,1,2011-11-10 16:21:00,16.95,14180.0,United Kingdom,16.95,Sale
554081,23202,JUMBO BAG VINTAGE LEAF,10,2011-05-22 11:47:00,1.95,13227.0,United Kingdom,19.5,Sale
577544,22114,HOT WATER BOTTLE TEA AND SYMPATHY,3,2011-11-20 14:43:00,4.25,17758.0,United Kingdom,12.75,Sale
574035,21464,DISCO BALL ROTATOR BATTERY OPERATED,1,2011-11-02 12:45:00,4.25,14606.0,United Kingdom,4.25,Sale
544102,22767,TRIPLE PHOTO FRAME CORNICE ,2,2011-02-16 10:32:00,9.95,14665.0,United Kingdom,19.9,Sale
554651,23110,PARISIENNE KEY CABINET ,2,2011-05-25 12:55:00,5.75,12779.0,Poland,11.5,Sale
538524,21232,STRAWBERRY CERAMIC TRINKET BOX,16,2010-12-13 09:35:00,2.51,,United Kingdom,40.16,Sale
574967,22110,BIRD HOUSE HOT WATER BOTTLE,2,2011-11-08 10:51:00,5.79,,United Kingdom,11.58,Sale
574676,23265,SET OF 3 WOODEN TREE DECORATIONS,3,2011-11-06 12:32:00,1.25,16243.0,United Kingdom,3.75,Sale
546528,22090,PAPER BUNTING RETROSPOT,3,2011-03-14 13:04:00,2.95,15311.0,United Kingdom,8.850000000000001,Sale
562552,23192,BUNDLE OF 3 ALPHABET EXERCISE BOOKS,6,2011-08-05 16:23:00,1.65,12748.0,United Kingdom,9.9,Sale
548869,22844,VINTAGE CREAM DOG FOOD CONTAINER,1,2011-04-04 14:31:00,8.5,17114.0,United Kingdom,8.5,Sale
556290,22917,HERB MARKER ROSEMARY,12,2011-06-10 09:23:00,0.65,17088.0,United Kingdom,7.800000000000001,Sale
568050,21243,PINK  POLKADOT PLATE ,4,2011-09-23 12:38:00,1.69,15901.0,United Kingdom,6.76,Sale
569546,22750,FELTCRAFT PRINCESS LOLA DOLL,1,2011-10-04 16:39:00,3.75,15276.0,United Kingdom,3.75,Sale
548703,22383,LUNCH BAG SUKI DESIGN ,2,2011-04-03 11:37:00,1.65,16010.0,United Kingdom,3.3,Sale
573112,23445,ICE CREAM BUBBLES,20,2011-10-27 15:33:00,0.83,16416.0,United Kingdom,16.599999999999998,Sale
547165,84755,COLOUR GLASS T-LIGHT HOLDER HANGING,24,2011-03-21 12:10:00,0.65,13593.0,United Kingdom,15.6,Sale
573544,21479,WHITE SKULL HOT WATER BOTTLE ,6,2011-10-31 13:11:00,4.25,12856.0,United Kingdom,25.5,Sale
569078,22138,BAKING SET 9 PIECE RETROSPOT ,3,2011-09-30 11:41:00,4.95,14688.0,United Kingdom,14.85,Sale
538327,84380,SET OF 3 BUTTERFLY COOKIE CUTTERS,1,2010-12-10 13:58:00,1.25,15514.0,United Kingdom,1.25,Sale
537156,82582,AREA PATROLLED METAL SIGN,3,2010-12-05 13:08:00,2.1,17858.0,United Kingdom,6.300000000000001,Sale
579399,21770,OPEN CLOSED METAL SIGN,1,2011-11-29 12:09:00,4.95,13137.0,United Kingdom,4.95,Sale
542277,21136,PAINTED METAL PEARS ASSORTED,8,2011-01-27 10:30:00,1.69,14440.0,United Kingdom,13.52,Sale
576626,22989,SET 2 PANTRY DESIGN TEA TOWELS,1,2011-11-15 17:26:00,3.25,12890.0,United Kingdom,3.25,Sale
561513,22374,AIRLINE BAG VINTAGE JET SET RED,1,2011-07-27 15:12:00,8.29,,United Kingdom,8.29,Sale
580729,22163,HEART STRING MEMO HOLDER HANGING,4,2011-12-05 17:24:00,1.63,,United Kingdom,6.52,Sale
577506,22097,SWALLOW SQUARE TISSUE BOX,2,2011-11-20 12:40:00,0.39,13212.0,United Kingdom,0.78,Sale
539320,15056BL,EDWARDIAN PARASOL BLACK,6,2010-12-16 19:16:00,5.95,14911.0,EIRE,35.7,Sale
571987,23080,RED METAL BOX TOP SECRET,2,2011-10-20 10:47:00,8.25,17007.0,United Kingdom,16.5,Sale
537023,22356,CHARLOTTE BAG PINK POLKADOT,1,2010-12-03 16:02:00,0.85,16725.0,United Kingdom,0.85,Sale
537844,21587,COSY HOUR GIANT TUBE MATCHES,1,2010-12-08 15:17:00,2.55,17999.0,United Kingdom,2.55,Sale
543507,22773,GREEN DRAWER KNOB ACRYLIC EDWARDIAN,4,2011-02-09 10:49:00,1.25,15039.0,United Kingdom,5.0,Sale
552229,22717,CARD DOG AND BALL ,1,2011-05-06 15:40:00,0.83,,United Kingdom,0.83,Sale
555592,22775,PURPLE DRAWERKNOB ACRYLIC EDWARDIAN,12,2011-06-06 10:04:00,1.25,14215.0,United Kingdom,15.0,Sale
546753,21993,FLORAL FOLK STATIONERY SET,1,2011-03-16 13:00:00,2.95,16383.0,United Kingdom,2.95,Sale
565233,22620,4 TRADITIONAL SPINNING TOPS,1,2011-09-02 09:34:00,2.46,,United Kingdom,2.46,Sale
565455,22759,SET OF 3 NOTEBOOKS IN PARCEL,1,2011-09-04 16:09:00,1.65,,United Kingdom,1.65,Sale
573137,21358,TOAST ITS - HAPPY BIRTHDAY,2,2011-10-27 17:15:00,0.83,,United Kingdom,1.66,Sale
558475,22299,PIG KEYRING WITH LIGHT & SOUND ,2,2011-06-29 15:58:00,2.46,,United Kingdom,4.92,Sale
564038,22352,LUNCH BOX WITH CUTLERY RETROSPOT ,6,2011-08-22 12:32:00,2.55,16555.0,United Kingdom,15.3,Sale
551855,22048,BIRTHDAY BANQUET GIFT WRAP,25,2011-05-04 15:08:00,0.42,12836.0,United Kingdom,10.5,Sale
542713,21068,VINTAGE BILLBOARD LOVE/HATE MUG,12,2011-01-31 13:27:00,1.25,12668.0,Germany,15.0,Sale
569230,82482,WOODEN PICTURE FRAME WHITE FINISH,2,2011-10-02 15:07:00,2.95,16533.0,United Kingdom,5.9,Sale
580178,79321,CHILLI LIGHTS,96,2011-12-02 11:53:00,4.7,16013.0,United Kingdom,451.2000000000001,Sale
571705,21238,RED RETROSPOT CUP,8,2011-10-18 15:22:00,0.85,12360.0,Austria,6.8,Sale
565919,20749,ASSORTED COLOUR MINI CASES,1,2011-09-07 16:48:00,16.63,,United Kingdom,16.63,Sale
562032,22376,AIRLINE BAG VINTAGE JET SET WHITE,4,2011-08-02 08:48:00,4.25,12347.0,Iceland,17.0,Sale
548664,22957,SET 3 PAPER VINTAGE CHICK PAPER EGG,6,2011-04-01 14:45:00,2.95,14911.0,EIRE,17.700000000000003,Sale
554837,22844,VINTAGE CREAM DOG FOOD CONTAINER,2,2011-05-26 16:30:00,8.5,14584.0,United Kingdom,17.0,Sale
552242,22923,FRIDGE MAGNETS LES ENFANTS ASSORTED,6,2011-05-06 19:22:00,0.85,12748.0,United Kingdom,5.1,Sale
555353,22772,PINK DRAWER KNOB ACRYLIC EDWARDIAN,24,2011-06-02 13:22:00,1.25,16928.0,United Kingdom,30.0,Sale
565446,22910,PAPER CHAIN KIT VINTAGE CHRISTMAS,12,2011-09-04 15:19:00,2.95,16057.0,United Kingdom,35.400000000000006,Sale
580610,23172,REGENCY TEA PLATE PINK,2,2011-12-05 11:48:00,3.29,,United Kingdom,6.58,Sale
581439,23092,LARGE ANTIQUE WHITE PHOTO FRAME,2,2011-12-08 16:30:00,15.79,,United Kingdom,31.58,Sale
560104,23196,VINTAGE LEAF MAGNETIC NOTEPAD,1,2011-07-14 18:56:00,1.45,17921.0,United Kingdom,1.45,Sale
571713,21967,PACK OF 12 SKULL TISSUES,2,2011-10-18 16:58:00,0.83,,United Kingdom,1.66,Sale
573551,82486,3 DRAWER ANTIQUE WHITE WOOD CABINET,2,2011-10-31 13:35:00,8.95,15044.0,United Kingdom,17.9,Sale
574046,22620,4 TRADITIONAL SPINNING TOPS,2,2011-11-02 13:19:00,1.45,15743.0,United Kingdom,2.9,Sale
574683,22086,PAPER CHAIN KIT 50'S CHRISTMAS ,2,2011-11-06 12:50:00,2.95,16372.0,United Kingdom,5.9,Sale
551173,82613B,"METAL SIGN,CUPCAKE SINGLE HOOK",2,2011-04-26 16:54:00,2.46,,United Kingdom,4.92,Sale
542627,21733,RED HANGING HEART T-LIGHT HOLDER,6,2011-01-31 09:51:00,2.95,14426.0,United Kingdom,17.700000000000003,Sale
548496,22989,SET 2 PANTRY DESIGN TEA TOWELS,100,2011-03-31 13:40:00,2.75,12678.0,France,275.0,Sale
550458,21949,SET OF 6 STRAWBERRY CHOPSTICKS,1,2011-04-18 13:13:00,2.46,,United Kingdom,2.46,Sale
575897,22992,REVOLVER WOODEN RULER ,12,2011-11-11 14:53:00,1.95,15492.0,United Kingdom,23.4,Sale
547070,22477,WATERING CAN GARDEN MARKER,4,2011-03-20 13:58:00,1.25,16115.0,United Kingdom,5.0,Sale
550188,22555,PLASTERS IN TIN STRONGMAN,12,2011-04-14 18:57:00,1.65,12457.0,Switzerland,19.8,Sale
570818,23367,SET 12 COLOUR PENCILS SPACEBOY ,1,2011-10-12 12:47:00,0.65,17841.0,United Kingdom,0.65,Sale
557261,22635,CHILDS BREAKFAST SET DOLLY GIRL ,2,2011-06-19 10:53:00,9.95,13005.0,United Kingdom,19.9,Sale
576648,22972,CHILDREN'S SPACEBOY MUG,24,2011-11-16 10:32:00,1.65,14057.0,United Kingdom,39.6,Sale
557222,48129,DOORMAT TOPIARY,2,2011-06-17 13:14:00,7.95,14936.0,Channel Islands,15.9,Sale
548711,37444A,YELLOW BREAKFAST CUP AND SAUCER,1,2011-04-03 14:24:00,0.39,18116.0,United Kingdom,0.39,Sale
560773,84659A,WHITE TRAVEL ALARM CLOCK,4,2011-07-20 16:17:00,2.46,,United Kingdom,9.84,Sale
557886,22607,WOODEN ROUNDERS GARDEN SET ,2,2011-06-23 13:39:00,9.95,17799.0,United Kingdom,19.9,Sale
559162,84558A,3D DOG PICTURE PLAYING CARDS,2,2011-07-06 16:29:00,2.29,,United Kingdom,4.58,Sale
541696,84251C,"GREETING CARD, TWO SISTERS.",1,2011-01-20 18:08:00,0.42,,United Kingdom,0.42,Sale
551809,23135,SMALL ZINC HEART WALL ORGANISER,24,2011-05-04 11:32:00,4.95,17511.0,United Kingdom,118.8,Sale
578016,48138,DOORMAT UNION FLAG,2,2011-11-22 13:02:00,8.25,14506.0,United Kingdom,16.5,Sale
544313,84508C,BLUE CIRCLES DESIGN TEDDY,2,2011-02-17 14:36:00,2.55,14099.0,United Kingdom,5.1,Sale
536378,85071B,RED CHARLIE+LOLA PERSONAL DOORSIGN,96,2010-12-01 09:37:00,0.38,14688.0,United Kingdom,36.48,Sale
537823,90040C,MURANO STYLE GLASS BRACELET GOLD,1,2010-12-08 14:25:00,3.81,,United Kingdom,3.81,Sale
545161,85127,SMALL SQUARE CUT GLASS CANDLESTICK,6,2011-02-28 13:34:00,4.95,16187.0,United Kingdom,29.700000000000003,Sale
547063,21078,SET/20 STRAWBERRY PAPER NAPKINS ,2,2011-03-20 13:33:00,0.85,14769.0,United Kingdom,1.7,Sale
542269,20749,ASSORTED COLOUR MINI CASES,2,2011-01-27 09:33:00,7.95,14442.0,Channel Islands,15.9,Sale
541424,85169A,IVORY LOVE BIRD CANDLE,4,2011-01-17 17:57:00,0.83,,United Kingdom,3.32,Sale
564840,84598,BOYS ALPHABET IRON ON PATCHES,4,2011-08-30 12:49:00,0.42,,United Kingdom,1.68,Sale
562717,22819,"BIRTHDAY CARD, RETRO SPOT",1,2011-08-08 15:42:00,0.83,,United Kingdom,0.83,Sale
558835,21700,BIG DOUGHNUT FRIDGE MAGNETS,6,2011-07-04 11:58:00,1.38,,United Kingdom,8.28,Sale
567304,21164,HOME SWEET HOME METAL SIGN ,1,2011-09-19 13:27:00,2.95,14704.0,United Kingdom,2.95,Sale
543828,22661,CHARLOTTE BAG DOLLY GIRL DESIGN,10,2011-02-14 09:45:00,0.85,14156.0,EIRE,8.5,Sale
580727,23191,BUNDLE OF 3 RETRO NOTE BOOKS,3,2011-12-05 17:17:00,3.29,14096.0,United Kingdom,9.87,Sale
551351,20846,ZINC HEART LATTICE T-LIGHT HOLDER,24,2011-04-28 10:20:00,1.06,14298.0,United Kingdom,25.44,Sale
542613,84919,BLUE CUSHION COVER WITH FLOWER,2,2011-01-30 14:36:00,6.95,17431.0,United Kingdom,13.9,Sale
537038,21523,DOORMAT FANCY FONT HOME SWEET HOME,10,2010-12-05 10:12:00,6.75,15465.0,United Kingdom,67.5,Sale
562128,23243,SET OF TEA COFFEE SUGAR TINS PANTRY,4,2011-08-03 09:07:00,4.95,16150.0,United Kingdom,19.8,Sale
559162,85214,TUB 24 PINK FLOWER PEGS,2,2011-07-06 16:29:00,1.63,,United Kingdom,3.26,Sale
555573,47574A,ENGLISH ROSE SCENTED HANGING FLOWER,6,2011-06-05 15:46:00,0.75,15349.0,United Kingdom,4.5,Sale
557301,21042,RED RETROSPOT APRON ,6,2011-06-19 14:08:00,5.95,15373.0,United Kingdom,35.7,Sale
578314,22698,PINK REGENCY TEACUP AND SAUCER,24,2011-11-23 16:33:00,2.55,13350.0,United Kingdom,61.2,Sale
557221,84596L,BISCUITS SMALL BOWL LIGHT BLUE,4,2011-06-17 13:01:00,0.42,16869.0,United Kingdom,1.68,Sale
562955,85071C,"CHARLIE+LOLA""EXTREMELY BUSY"" SIGN",1,2011-08-11 10:14:00,4.96,,United Kingdom,4.96,Sale
538744,21733,RED HANGING HEART T-LIGHT HOLDER,2,2010-12-14 11:26:00,2.95,15356.0,United Kingdom,5.9,Sale
541696,21631,HIPPY CHIC DECORATIVE PARASOL,1,2011-01-20 18:08:00,8.29,,United Kingdom,8.29,Sale
539434,22196,SMALL HEART MEASURING SPOONS,3,2010-12-17 14:41:00,1.66,,United Kingdom,4.98,Sale
547504,21977,PACK OF 60 PINK PAISLEY CAKE CASES,24,2011-03-23 13:33:00,0.55,12683.0,France,13.2,Sale
573340,23186,FRENCH STYLE STORAGE JAR CAFE ,6,2011-10-30 11:55:00,0.29,14159.0,United Kingdom,1.7399999999999998,Sale
550159,21870,I CAN ONLY PLEASE ONE PERSON MUG,12,2011-04-14 15:46:00,1.25,14062.0,United Kingdom,15.0,Sale
558105,22196,SMALL HEART MEASURING SPOONS,2,2011-06-26 14:54:00,0.85,15644.0,United Kingdom,1.7,Sale
564958,23238,SET OF 4 KNICK KNACK TINS LONDON ,6,2011-08-31 13:56:00,4.15,13089.0,United Kingdom,24.9,Sale
568909,22055,MINI CAKE STAND  HANGING STRAWBERY,8,2011-09-29 13:38:00,1.65,16818.0,United Kingdom,13.2,Sale
539016,20705,MRS ROBOT SOFT TOY,8,2010-12-15 13:49:00,1.95,13418.0,United Kingdom,15.6,Sale
575199,22384,LUNCH BAG PINK POLKADOT,10,2011-11-09 09:48:00,1.65,12921.0,United Kingdom,16.5,Sale
563569,23162,REGENCY TEA STRAINER,4,2011-08-17 14:47:00,3.75,18257.0,United Kingdom,15.0,Sale
547249,21820,GLITTER HEART GARLAND WITH BELLS ,1,2011-03-22 09:27:00,7.46,,United Kingdom,7.46,Sale
543292,47504K,ENGLISH ROSE GARDEN SECATEURS,3,2011-02-07 11:15:00,1.95,14534.0,United Kingdom,5.85,Sale
576927,21821,GLITTER STAR GARLAND WITH BELLS ,6,2011-11-17 11:02:00,3.75,12567.0,France,22.5,Sale
546644,85054,FRENCH ENAMEL POT W LID,6,2011-03-15 13:28:00,2.95,15932.0,United Kingdom,17.700000000000003,Sale
541424,84969,BOX OF 6 ASSORTED COLOUR TEASPOONS,1,2011-01-17 17:57:00,3.29,,United Kingdom,3.29,Sale
550474,20707,CRAZY DAISY HEART DECORATION,1,2011-04-18 13:58:00,0.83,,United Kingdom,0.83,Sale
578297,22551,PLASTERS IN TIN SPACEBOY,24,2011-11-23 14:51:00,1.65,17017.0,United Kingdom,39.6,Sale
539453,22661,CHARLOTTE BAG DOLLY GIRL DESIGN,1,2010-12-17 17:08:00,1.66,,United Kingdom,1.66,Sale
537351,22121,NOEL WOODEN BLOCK LETTERS ,1,2010-12-06 12:23:00,5.95,16898.0,United Kingdom,5.95,Sale
571441,22483,RED GINGHAM TEDDY BEAR ,1,2011-10-17 13:31:00,5.79,14096.0,United Kingdom,5.79,Sale
566297,23198,PANTRY MAGNETIC  SHOPPING LIST,1,2011-09-11 15:50:00,1.45,16794.0,United Kingdom,1.45,Sale
567095,20679,EDWARDIAN PARASOL RED,3,2011-09-16 13:03:00,5.95,17049.0,United Kingdom,17.85,Sale
536624,20914,SET/5 RED RETROSPOT LID GLASS BOWLS,6,2010-12-02 10:45:00,2.95,13418.0,United Kingdom,17.700000000000003,Sale
557888,22780,LIGHT GARLAND BUTTERFILES PINK,1,2011-06-23 13:51:00,4.25,14656.0,United Kingdom,4.25,Sale
573585,22738,RIBBON REEL SNOWY VILLAGE,1,2011-10-31 14:41:00,3.29,,United Kingdom,3.29,Sale
566290,22556,PLASTERS IN TIN CIRCUS PARADE ,1,2011-09-11 15:24:00,1.65,14456.0,United Kingdom,1.65,Sale
568013,23353,6 GIFT TAGS VINTAGE CHRISTMAS ,12,2011-09-23 11:39:00,0.83,17480.0,United Kingdom,9.96,Sale
556484,79302M,"ART LIGHTS,FUNK MONKEY",1,2011-06-12 13:17:00,2.95,16938.0,United Kingdom,2.95,Sale
575177,21213,PACK OF 72 SKULL CAKE CASES,3,2011-11-08 18:41:00,1.25,,United Kingdom,3.75,Sale
578667,23493,VINTAGE DOILY TRAVEL SEWING KIT,2,2011-11-24 17:10:00,1.95,15514.0,United Kingdom,3.9,Sale
544464,20658,RED RETROSPOT LUGGAGE TAG,2,2011-02-20 14:38:00,1.25,17323.0,United Kingdom,2.5,Sale
575754,23371,SET 36 COLOUR PENCILS SPACEBOY ,6,2011-11-11 10:43:00,1.25,17295.0,United Kingdom,7.5,Sale
544297,47591D,PINK FAIRY CAKE CHILDRENS APRON,8,2011-02-17 12:48:00,1.95,14298.0,United Kingdom,15.6,Sale
567981,21238,RED RETROSPOT CUP,3,2011-09-23 11:22:00,1.63,,United Kingdom,4.89,Sale
542791,21755,LOVE BUILDING BLOCK WORD,2,2011-02-01 10:47:00,5.95,15039.0,United Kingdom,11.9,Sale
551174,90214L,"LETTER ""L"" BLING KEY RING",1,2011-04-26 17:02:00,0.83,,United Kingdom,0.83,Sale
550458,22383,LUNCH BAG SUKI DESIGN ,1,2011-04-18 13:13:00,4.13,,United Kingdom,4.13,Sale
549958,84715,SET OF 6 ICE CREAM SKITTLES,4,2011-04-13 13:47:00,2.95,17589.0,United Kingdom,11.8,Sale
564764,16207B,PINK HEART RED HANDBAG,1,2011-08-30 10:49:00,2.46,14096.0,United Kingdom,2.46,Sale
543199,22630,DOLLY GIRL LUNCH BOX,12,2011-02-04 12:40:00,1.95,13102.0,United Kingdom,23.4,Sale
576644,22624,IVORY KITCHEN SCALES,1,2011-11-16 10:01:00,16.63,,United Kingdom,16.63,Sale
575036,22138,BAKING SET 9 PIECE RETROSPOT ,3,2011-11-08 11:45:00,4.95,15249.0,United Kingdom,14.85,Sale
564437,22301,COFFEE MUG CAT + BIRD DESIGN,6,2011-08-25 12:10:00,2.55,13320.0,United Kingdom,15.3,Sale
565247,23252,VINTAGE RED ENAMEL TRIM JUG ,48,2011-09-02 10:31:00,3.29,15864.0,United Kingdom,157.92000000000002,Sale
564060,22708,WRAP DOLLY GIRL,25,2011-08-22 14:37:00,0.42,17073.0,United Kingdom,10.5,Sale
547539,22845,VINTAGE CREAM CAT FOOD CONTAINER,2,2011-03-23 15:19:00,6.35,16943.0,United Kingdom,12.7,Sale
558904,22839,3 TIER CAKE TIN GREEN AND CREAM,1,2011-07-04 16:18:00,14.13,,United Kingdom,14.13,Sale
543191,22549,PICTURE DOMINOES,3,2011-02-04 11:54:00,1.45,13137.0,United Kingdom,4.35,Sale
574723,22734,SET OF 6 RIBBONS VINTAGE CHRISTMAS,6,2011-11-06 14:45:00,2.89,15150.0,United Kingdom,17.34,Sale
578942,23553,LANDMARK FRAME CAMDEN TOWN ,1,2011-11-27 13:29:00,12.5,17288.0,United Kingdom,12.5,Sale
580876,84926D,LA PALMIERA TILE COASTER,4,2011-12-06 12:12:00,0.29,14071.0,United Kingdom,1.16,Sale
572106,22144,CHRISTMAS CRAFT LITTLE FRIENDS,22,2011-10-20 17:04:00,2.1,15058.0,United Kingdom,46.2,Sale
580135,22909,SET OF 20 VINTAGE CHRISTMAS NAPKINS,2,2011-12-01 19:33:00,0.85,14702.0,United Kingdom,1.7,Sale
568173,21791,VINTAGE HEADS AND TAILS CARD GAME ,12,2011-09-25 13:16:00,1.25,16187.0,United Kingdom,15.0,Sale
544888,85099B,JUMBO BAG RED RETROSPOT,10,2011-02-24 11:55:00,1.95,14231.0,United Kingdom,19.5,Sale
570242,84880,WHITE WIRE EGG HOLDER,2,2011-10-09 15:40:00,7.5,16380.0,United Kingdom,15.0,Sale
568531,23032,DRAWER KNOB CRACKLE GLAZE IVORY,12,2011-09-27 13:49:00,1.65,16713.0,United Kingdom,19.8,Sale
580096,23084,RABBIT NIGHT LIGHT,24,2011-12-01 14:55:00,1.79,13408.0,United Kingdom,42.96,Sale
566495,22326,ROUND SNACK BOXES SET OF4 WOODLAND ,2,2011-09-13 11:14:00,2.95,15529.0,United Kingdom,5.9,Sale
567721,21906,PHARMACIE FIRST AID TIN,32,2011-09-22 10:38:00,5.95,12409.0,Switzerland,190.4,Sale
555110,22476,EMPIRE UNION JACK TV DINNER TRAY,1,2011-05-31 14:34:00,4.95,17841.0,United Kingdom,4.95,Sale
574076,22807,SET OF 6 T-LIGHTS TOADSTOOLS,2,2011-11-02 15:38:00,5.79,,United Kingdom,11.58,Sale
540464,22464,HANGING METAL HEART LANTERN,12,2011-01-07 13:17:00,1.45,14298.0,United Kingdom,17.4,Sale
557625,23209,LUNCH BAG DOILEY PATTERN ,10,2011-06-21 14:23:00,1.65,15159.0,United Kingdom,16.5,Sale
570818,85071A,BLUE CHARLIE+LOLA PERSONAL DOORSIGN,1,2011-10-12 12:47:00,0.39,17841.0,United Kingdom,0.39,Sale
546013,21989,PACK OF 20 SKULL PAPER NAPKINS,1,2011-03-08 16:38:00,0.85,16495.0,United Kingdom,0.85,Sale
551872,15039,SANDALWOOD FAN,20,2011-05-04 17:19:00,0.85,12955.0,United Kingdom,17.0,Sale
578022,22441,GROW YOUR OWN BASIL IN ENAMEL MUG,1,2011-11-22 13:25:00,2.1,17371.0,United Kingdom,2.1,Sale
573776,37449,CERAMIC CAKE STAND + HANGING CAKES,2,2011-11-01 10:32:00,9.95,13468.0,United Kingdom,19.9,Sale
558647,20972,PINK CREAM FELT CRAFT TRINKET BOX ,12,2011-07-01 10:39:00,1.25,14868.0,United Kingdom,15.0,Sale
540526,22624,IVORY KITCHEN SCALES,1,2011-01-09 13:41:00,8.5,14606.0,United Kingdom,8.5,Sale
550941,84508B,STRIPES DESIGN TEDDY,1,2011-04-21 15:46:00,2.55,17109.0,United Kingdom,2.55,Sale
554079,23298,SPOTTY BUNTING,1,2011-05-22 11:41:00,4.95,14546.0,United Kingdom,4.95,Sale
563193,48129,DOORMAT TOPIARY,1,2011-08-12 16:30:00,15.79,,United Kingdom,15.79,Sale
567936,23275,SET OF 3 HANGING OWLS OLLIE BEAK,12,2011-09-22 18:10:00,1.25,15194.0,United Kingdom,15.0,Sale
575766,23200,JUMBO BAG PEARS,2,2011-11-11 11:06:00,2.08,12856.0,United Kingdom,4.16,Sale
551528,22890,NOVELTY BISCUITS CAKE STAND 3 TIER,2,2011-05-01 12:54:00,9.95,12841.0,United Kingdom,19.9,Sale
566249,22142,CHRISTMAS CRAFT WHITE FAIRY ,1,2011-09-11 12:09:00,1.45,13527.0,United Kingdom,1.45,Sale
544323,21210,SET OF 72 RETROSPOT PAPER  DOILIES,1,2011-02-17 15:51:00,2.92,,United Kingdom,2.92,Sale
544100,20725,LUNCH BAG RED RETROSPOT,10,2011-02-16 10:25:00,1.65,15002.0,United Kingdom,16.5,Sale
580490,21705,BAG 500g SWIRLY MARBLES,48,2011-12-04 12:48:00,0.39,15773.0,United Kingdom,18.72,Sale
562770,85123A,WHITE HANGING HEART T-LIGHT HOLDER,12,2011-08-09 11:56:00,2.95,17139.0,United Kingdom,35.400000000000006,Sale
565231,22413,METAL SIGN TAKE IT OR LEAVE IT ,1,2011-09-02 09:26:00,5.79,,United Kingdom,5.79,Sale
575336,22940,FELTCRAFT CHRISTMAS FAIRY,1,2011-11-09 13:58:00,4.25,14968.0,United Kingdom,4.25,Sale
565838,23118,PARISIENNE JEWELLERY DRAWER ,2,2011-09-07 11:43:00,7.5,15071.0,United Kingdom,15.0,Sale
541976,22457,NATURAL SLATE HEART CHALKBOARD ,12,2011-01-24 14:39:00,2.95,16168.0,United Kingdom,35.400000000000006,Sale
550972,22072,RED RETROSPOT TEA CUP AND SAUCER ,4,2011-04-21 17:05:00,3.75,14031.0,United Kingdom,15.0,Sale
569672,20735,BLACK MINI TAPE MEASURE ,1,2011-10-05 13:58:00,0.85,17841.0,United Kingdom,0.85,Sale
542789,47590B,PINK HAPPY BIRTHDAY BUNTING,12,2011-02-01 10:38:00,5.45,17511.0,United Kingdom,65.4,Sale
581193,22391,PAPERWEIGHT HOME SWEET HOME,2,2011-12-07 17:05:00,0.39,17097.0,Spain,0.78,Sale
555590,21668,RED STRIPE CERAMIC DRAWER KNOB,24,2011-06-06 09:39:00,1.25,17690.0,United Kingdom,30.0,Sale
538517,22491,PACK OF 12 COLOURED PENCILS,6,2010-12-12 16:05:00,0.85,17618.0,United Kingdom,5.1,Sale
551351,82551,LAUNDRY 15C METAL SIGN,24,2011-04-28 10:20:00,1.25,14298.0,United Kingdom,30.0,Sale
548010,23128,DOLLCRAFT BOY JEAN-PAUL ,40,2011-03-29 11:04:00,4.15,14646.0,Netherlands,166.0,Sale
555278,21455,PAINTED YELLOW WOODEN DAISY,12,2011-06-01 17:33:00,0.83,,United Kingdom,9.96,Sale
546115,47591D,PINK FAIRY CAKE CHILDRENS APRON,8,2011-03-09 13:50:00,1.95,15379.0,United Kingdom,15.6,Sale
553888,22994,TRAVEL CARD WALLET RETROSPOT,24,2011-05-19 16:09:00,0.42,15201.0,United Kingdom,10.08,Sale
545996,20723,STRAWBERRY CHARLOTTE BAG,3,2011-03-08 14:12:00,0.85,14367.0,United Kingdom,2.55,Sale
576339,85040A,S/4 PINK FLOWER CANDLES IN BOWL,1,2011-11-14 15:27:00,3.29,14096.0,United Kingdom,3.29,Sale
562711,21908,CHOCOLATE THIS WAY METAL SIGN,1,2011-08-08 14:53:00,2.1,16788.0,United Kingdom,2.1,Sale
546651,22719,GUMBALL MONOCHROME COAT RACK,1,2011-03-15 14:17:00,2.46,,United Kingdom,2.46,Sale
552695,22621,TRADITIONAL KNITTING NANCY,12,2011-05-10 15:31:00,1.65,16320.0,Unspecified,19.8,Sale
572074,84946,ANTIQUE SILVER T-LIGHT GLASS,6,2011-10-20 13:54:00,1.25,16284.0,United Kingdom,7.5,Sale
568566,23046,PAPER LANTERN 9 POINT DELUXE STAR,1,2011-09-27 17:47:00,6.65,17609.0,United Kingdom,6.65,Sale
558755,21429,RED GINGHAM ROSE JEWELLERY BOX,15,2011-07-03 12:21:00,1.95,14053.0,United Kingdom,29.25,Sale
578510,23283,DOORMAT VINTAGE LEAF,1,2011-11-24 13:25:00,8.25,14056.0,United Kingdom,8.25,Sale
580311,23474,WOODLAND SMALL BLUE FELT HEART,12,2011-12-02 14:48:00,0.83,18245.0,United Kingdom,9.96,Sale
542420,21126,SET OF 6 GIRLS CELEBRATION CANDLES,2,2011-01-27 18:05:00,1.25,17180.0,United Kingdom,2.5,Sale
580115,21094,SET/6 RED SPOTTY PAPER PLATES,11,2011-12-01 16:22:00,0.83,,United Kingdom,9.13,Sale
546433,22367,CHILDRENS APRON SPACEBOY DESIGN,8,2011-03-14 08:37:00,1.95,12778.0,Netherlands,15.6,Sale
576329,16048,TEATIME ROUND PENCIL SHARPENER ,1,2011-11-14 15:22:00,0.83,,United Kingdom,0.83,Sale
545215,21903,MAN FLU METAL SIGN,1,2011-02-28 16:47:00,4.13,,United Kingdom,4.13,Sale
574561,23376,PACK OF 12 VINTAGE CHRISTMAS TISSUE,7,2011-11-04 15:52:00,0.83,,United Kingdom,5.81,Sale
581474,22897,OVEN MITT APPLES DESIGN,1,2011-12-08 20:01:00,1.45,12748.0,United Kingdom,1.45,Sale
539456,21181,PLEASE ONE PERSON METAL SIGN,1,2010-12-17 17:23:00,2.1,16885.0,United Kingdom,2.1,Sale
568228,22491,PACK OF 12 COLOURED PENCILS,12,2011-09-26 11:02:00,0.85,15358.0,United Kingdom,10.2,Sale
565918,48187,DOORMAT NEW ENGLAND,1,2011-09-07 16:27:00,8.25,13249.0,United Kingdom,8.25,Sale
569360,22865,HAND WARMER OWL DESIGN,2,2011-10-03 14:59:00,2.1,14653.0,United Kingdom,4.2,Sale
551291,22585,PACK OF 6 BIRDY GIFT TAGS,24,2011-04-27 14:26:00,1.06,14298.0,United Kingdom,25.44,Sale
567980,22414,DOORMAT NEIGHBOURHOOD WITCH ,1,2011-09-23 11:22:00,8.25,15311.0,United Kingdom,8.25,Sale
541423,85095,THREE CANVAS LUGGAGE TAGS,1,2011-01-17 17:54:00,1.25,,United Kingdom,1.25,Sale
570505,21668,RED STRIPE CERAMIC DRAWER KNOB,24,2011-10-11 09:41:00,1.25,14841.0,United Kingdom,30.0,Sale
577768,22741,FUNKY DIVA PEN,5,2011-11-21 15:18:00,1.63,,United Kingdom,8.149999999999999,Sale
541972,22470,HEART OF WICKER LARGE,6,2011-01-24 13:58:00,2.95,12935.0,United Kingdom,17.700000000000003,Sale
558475,84926E,FLOWERS TILE COASTER,1,2011-06-29 15:58:00,2.46,,United Kingdom,2.46,Sale
575607,22755,SMALL PURPLE BABUSHKA NOTEBOOK ,2,2011-11-10 12:37:00,1.63,14096.0,United Kingdom,3.26,Sale
569827,22086,PAPER CHAIN KIT 50'S CHRISTMAS ,6,2011-10-06 12:26:00,2.95,13591.0,United Kingdom,17.700000000000003,Sale
565152,23084,RABBIT NIGHT LIGHT,6,2011-09-01 14:42:00,2.08,17799.0,United Kingdom,12.48,Sale
575959,22696,WICKER WREATH LARGE,6,2011-11-13 12:27:00,1.95,14547.0,United Kingdom,11.7,Sale
558560,22498,WOODEN REGATTA BUNTING,1,2011-06-30 13:23:00,5.95,17841.0,United Kingdom,5.95,Sale
580730,21158,MOODY GIRL DOOR HANGER ,1,2011-12-05 17:28:00,3.29,,United Kingdom,3.29,Sale
560453,23103,JINGLE BELL HEART DECORATION,24,2011-07-19 09:52:00,1.65,13209.0,United Kingdom,39.6,Sale
537224,21014,SWISS CHALET TREE DECORATION ,5,2010-12-05 16:24:00,0.85,13174.0,United Kingdom,4.25,Sale
564835,23172,REGENCY TEA PLATE PINK,2,2011-08-30 12:31:00,3.29,,United Kingdom,6.58,Sale
540848,90092,BLUE CRYSTAL BOOT PHONE CHARM,1,2011-01-12 09:26:00,1.66,,United Kingdom,1.66,Sale
574310,22367,CHILDRENS APRON SPACEBOY DESIGN,6,2011-11-03 16:56:00,1.95,13467.0,United Kingdom,11.7,Sale
542692,22570,FELTCRAFT CUSHION RABBIT,3,2011-01-31 12:35:00,3.75,14467.0,United Kingdom,11.25,Sale
578719,23218,LAUREL STAR ANTIQUE GOLD,2,2011-11-25 11:25:00,1.25,17348.0,United Kingdom,2.5,Sale
580502,20718,RED RETROSPOT SHOPPER BAG,1,2011-12-04 13:15:00,1.25,16931.0,United Kingdom,1.25,Sale
581237,23356,LOVE HOT WATER BOTTLE,2,2011-12-08 10:40:00,5.95,15443.0,United Kingdom,11.9,Sale
578817,23345, DOLLY GIRL BEAKER,1,2011-11-25 13:45:00,1.25,16764.0,United Kingdom,1.25,Sale
545999,84978,HANGING HEART JAR T-LIGHT HOLDER,36,2011-03-08 14:44:00,1.06,13089.0,United Kingdom,38.16,Sale
547418,84531B,BLUE KNITTED EGG COSY,6,2011-03-23 10:25:00,0.39,13148.0,United Kingdom,2.34,Sale
561113,22189,CREAM HEART CARD HOLDER,10,2011-07-25 12:09:00,3.95,17841.0,United Kingdom,39.5,Sale
556040,22138,BAKING SET 9 PIECE RETROSPOT ,3,2011-06-08 12:42:00,4.95,14622.0,United Kingdom,14.85,Sale
549118,22595,GINGHAM HEART DECORATION,12,2011-04-06 13:18:00,0.85,14911.0,EIRE,10.2,Sale
578349,21828,EIGHT PIECE SNAKE  SET,12,2011-11-24 09:50:00,1.25,14539.0,United Kingdom,15.0,Sale
563614,22735,RIBBON REEL SOCKS AND MITTENS,120,2011-08-18 08:51:00,1.45,12415.0,Australia,174.0,Sale
553356,20727,LUNCH BAG  BLACK SKULL.,10,2011-05-16 14:05:00,1.65,14038.0,United Kingdom,16.5,Sale
551996,21890,S/6 WOODEN SKITTLES IN COTTON BAG,6,2011-05-05 15:44:00,3.25,16628.0,United Kingdom,19.5,Sale
574533,22111,SCOTTIE DOG HOT WATER BOTTLE,24,2011-11-04 14:24:00,4.25,12928.0,United Kingdom,102.0,Sale
571716,22350,ILLUSTRATED CAT BOWL ,2,2011-10-18 17:05:00,4.96,,United Kingdom,9.92,Sale
541423,85125,SMALL ROUND CUT GLASS CANDLESTICK,2,2011-01-17 17:54:00,3.29,,United Kingdom,6.58,Sale
581219,22545,MINI JIGSAW BUNNIES,1,2011-12-08 09:28:00,0.83,,United Kingdom,0.83,Sale
553419,22822,CREAM WALL PLANTER HEART SHAPED,2,2011-05-17 10:10:00,5.95,16639.0,United Kingdom,11.9,Sale
548860,22308,TEA COSY BLUE STRIPE,1,2011-04-04 13:38:00,2.55,13263.0,United Kingdom,2.55,Sale
581176,22908,PACK OF 20 NAPKINS RED APPLES,96,2011-12-07 15:19:00,0.72,14646.0,Netherlands,69.12,Sale
575073,22909,SET OF 20 VINTAGE CHRISTMAS NAPKINS,6,2011-11-08 13:10:00,0.85,13975.0,United Kingdom,5.1,Sale
552232,21314,SMALL GLASS HEART TRINKET POT,6,2011-05-06 15:54:00,4.13,,United Kingdom,24.78,Sale
557500,22902,TOTE BAG I LOVE LONDON,3,2011-06-20 15:27:00,4.13,,United Kingdom,12.39,Sale
555853,37489A,YELLOW/PINK FLOWER DESIGN BIG MUG,1,2011-06-07 13:44:00,0.39,14375.0,United Kingdom,0.39,Sale
550522,21892,TRADITIONAL WOODEN CATCH CUP GAME ,12,2011-04-19 10:04:00,1.25,12947.0,United Kingdom,15.0,Sale
559338,22246,MAGIC GARDEN FELT GARLAND ,1,2011-07-07 16:30:00,1.63,,United Kingdom,1.63,Sale
578947,21351,CINAMMON & ORANGE WREATH,2,2011-11-27 13:49:00,6.75,14547.0,United Kingdom,13.5,Sale
550338,23051,RECYCLED ACAPULCO MAT BLUE,2,2011-04-17 15:33:00,8.25,12413.0,France,16.5,Sale
558358,23300,GARDENERS KNEELING PAD CUP OF TEA ,1,2011-06-28 15:05:00,1.65,17965.0,United Kingdom,1.65,Sale
564817,21929,JUMBO BAG PINK VINTAGE PAISLEY,1,2011-08-30 12:02:00,4.13,,United Kingdom,4.13,Sale
537823,22697,GREEN REGENCY TEACUP AND SAUCER,2,2010-12-08 14:25:00,5.91,,United Kingdom,11.82,Sale
574950,84832,ZINC WILLIE WINKIE  CANDLE STICK,1,2011-11-08 09:29:00,1.63,,United Kingdom,1.63,Sale
553067,72802C,VANILLA SCENT CANDLE JEWELLED BOX,6,2011-05-13 11:44:00,4.25,16871.0,United Kingdom,25.5,Sale
554933,21041,RED RETROSPOT OVEN GLOVE DOUBLE,5,2011-05-27 13:26:00,2.95,13232.0,United Kingdom,14.75,Sale
540750,22386,JUMBO BAG PINK POLKADOT,10,2011-01-11 10:26:00,1.95,16351.0,United Kingdom,19.5,Sale
540993,21212,PACK OF 72 RETROSPOT CAKE CASES,24,2011-01-13 09:23:00,0.55,13284.0,United Kingdom,13.2,Sale
567142,22147,FELTCRAFT BUTTERFLY HEARTS,12,2011-09-16 14:55:00,1.45,14262.0,United Kingdom,17.4,Sale
580730,22371,AIRLINE BAG VINTAGE TOKYO 78,2,2011-12-05 17:28:00,8.29,,United Kingdom,16.58,Sale
564503,22741,FUNKY DIVA PEN,48,2011-08-25 14:23:00,0.85,13971.0,United Kingdom,40.8,Sale
553856,22998,TRAVEL CARD WALLET KEEP CALM,3,2011-05-19 13:28:00,0.42,16813.0,United Kingdom,1.26,Sale
578703,22759,SET OF 3 NOTEBOOKS IN PARCEL,7,2011-11-25 11:02:00,1.65,17385.0,United Kingdom,11.55,Sale
563256,23206,LUNCH BAG APPLE DESIGN,10,2011-08-15 12:07:00,1.65,18143.0,United Kingdom,16.5,Sale
558749,23012,GLASS APOTHECARY BOTTLE PERFUME,2,2011-07-03 10:28:00,3.95,16326.0,United Kingdom,7.9,Sale
579777,22300,COFFEE MUG DOG + BALL DESIGN,2,2011-11-30 15:13:00,4.96,,United Kingdom,9.92,Sale
556521,22796,PHOTO FRAME 3 CLASSIC HANGING,1,2011-06-13 11:15:00,9.95,14573.0,United Kingdom,9.95,Sale
577811,23184,BULL DOG BOTTLE OPENER,4,2011-11-22 08:54:00,4.95,16311.0,United Kingdom,19.8,Sale
544301,22699,ROSES REGENCY TEACUP AND SAUCER ,2,2011-02-17 12:59:00,2.95,14606.0,United Kingdom,5.9,Sale
577022,22469,HEART OF WICKER SMALL,4,2011-11-17 12:42:00,1.65,13668.0,United Kingdom,6.6,Sale
572047,21908,CHOCOLATE THIS WAY METAL SIGN,2,2011-10-20 12:13:00,2.1,16474.0,United Kingdom,4.2,Sale
541410,84380,SET OF 3 BUTTERFLY COOKIE CUTTERS,12,2011-01-17 16:06:00,1.25,13089.0,United Kingdom,15.0,Sale
546316,21716,BOYS VINTAGE TIN SEASIDE BUCKET,8,2011-03-11 08:59:00,2.55,17076.0,United Kingdom,20.4,Sale
560291,21928,JUMBO BAG SCANDINAVIAN BLUE PAISLEY,1,2011-07-18 10:17:00,4.13,,United Kingdom,4.13,Sale
561774,21172,PARTY METAL SIGN ,3,2011-07-29 12:41:00,1.45,16729.0,United Kingdom,4.35,Sale
570507,23433,HANGING QUILTED PATCHWORK APPLES,12,2011-10-11 09:53:00,0.83,16561.0,United Kingdom,9.96,Sale
551810,22908,PACK OF 20 NAPKINS RED APPLES,1,2011-05-04 11:32:00,0.85,15719.0,United Kingdom,0.85,Sale
539958,85036B,CHOCOLATE 1 WICK MORRIS BOX CANDLE,1,2010-12-23 13:26:00,3.36,,United Kingdom,3.36,Sale
538625,21830,ASSORTED CREEPY CRAWLIES,24,2010-12-13 12:50:00,0.42,14544.0,United Kingdom,10.08,Sale
546429,21679,SKULLS  STICKERS,6,2011-03-13 15:25:00,0.85,17611.0,United Kingdom,5.1,Sale
579472,21819,GLITTER CHRISTMAS STAR ,2,2011-11-29 15:09:00,0.39,13521.0,United Kingdom,0.78,Sale
578254,23188,VINTAGE  2 METRE FOLDING RULER,70,2011-11-23 12:52:00,1.65,17809.0,United Kingdom,115.5,Sale
547987,22663,JUMBO BAG DOLLY GIRL DESIGN,10,2011-03-29 09:11:00,1.95,17428.0,United Kingdom,19.5,Sale
571286,85099B,JUMBO BAG RED RETROSPOT,3,2011-10-16 14:35:00,2.08,14547.0,United Kingdom,6.24,Sale
578935,21913,VINTAGE SEASIDE JIGSAW PUZZLES,1,2011-11-27 12:52:00,3.75,15351.0,United Kingdom,3.75,Sale
572909,23465,TUSCAN VILLA FEEDING STATION,2,2011-10-26 15:48:00,8.25,15821.0,United Kingdom,16.5,Sale
564305,23049,RECYCLED ACAPULCO MAT RED,2,2011-08-24 12:20:00,8.25,14875.0,United Kingdom,16.5,Sale
575176,22142,CHRISTMAS CRAFT WHITE FAIRY ,3,2011-11-08 18:29:00,3.29,,United Kingdom,9.87,Sale
549569,22233,JIGSAW RABBIT AND BIRDHOUSE,2,2011-04-10 15:15:00,1.65,15547.0,United Kingdom,3.3,Sale
555945,22624,IVORY KITCHEN SCALES,12,2011-06-08 10:36:00,7.65,17409.0,United Kingdom,91.8,Sale
561201,23080,RED METAL BOX TOP SECRET,2,2011-07-25 15:08:00,8.25,14692.0,United Kingdom,16.5,Sale
563189,22432,WATERING CAN PINK BUNNY,6,2011-08-12 15:22:00,1.95,12682.0,France,11.7,Sale
538035,21907,I'M ON HOLIDAY METAL SIGN,2,2010-12-09 13:03:00,2.1,16065.0,United Kingdom,4.2,Sale
580730,23223,CHRISTMAS TREE HANGING SILVER ,2,2011-12-05 17:28:00,1.63,,United Kingdom,3.26,Sale
540821,21561,DINOSAUR LUNCH BOX WITH CUTLERY,2,2011-01-11 13:16:00,5.06,,United Kingdom,10.12,Sale
548218,22682,FRENCH BLUE METAL DOOR SIGN 7,10,2011-03-30 09:36:00,1.25,13999.0,United Kingdom,12.5,Sale
572318,23215,JINGLE BELL HEART ANTIQUE SILVER,3,2011-10-23 16:19:00,2.08,15436.0,United Kingdom,6.24,Sale
576051,22722,SET OF 6 SPICE TINS PANTRY DESIGN,12,2011-11-13 14:45:00,3.95,14911.0,EIRE,47.400000000000006,Sale
545534,47590A,BLUE HAPPY BIRTHDAY BUNTING,3,2011-03-03 14:05:00,5.45,17652.0,United Kingdom,16.35,Sale
571677,21531,RED RETROSPOT SUGAR JAM BOWL,6,2011-10-18 13:32:00,2.55,13637.0,United Kingdom,15.3,Sale
546951,85231G,ORANGE SCENTED SET/9 T-LIGHTS,2,2011-03-18 11:30:00,0.85,17673.0,United Kingdom,1.7,Sale
563858,82486,WOOD S/3 CABINET ANT WHITE FINISH,4,2011-08-19 16:04:00,8.95,18170.0,United Kingdom,35.8,Sale
580678,23321,SMALL WHITE HEART OF WICKER,4,2011-12-05 14:49:00,1.65,18015.0,United Kingdom,6.6,Sale
552702,21843,RED RETROSPOT CAKE STAND,2,2011-05-10 16:00:00,20.79,,United Kingdom,41.58,Sale
550821,22927,GREEN GIANT GARDEN THERMOMETER,1,2011-04-21 08:54:00,5.95,12506.0,France,5.95,Sale
542906,85131A,BEADED PEARL HEART WHITE ON STICK,1,2011-02-01 15:12:00,0.83,,United Kingdom,0.83,Sale
573151,23349,ROLL WRAP VINTAGE CHRISTMAS,12,2011-10-27 20:09:00,1.25,17602.0,United Kingdom,15.0,Sale
544283,21668,RED STRIPE CERAMIC DRAWER KNOB,96,2011-02-17 12:27:00,1.06,13668.0,United Kingdom,101.76,Sale
548708,21918,SET 12 KIDS COLOUR  CHALK STICKS,9,2011-04-03 12:41:00,0.42,13269.0,United Kingdom,3.78,Sale
562881,23029,DRAWER KNOB CRACKLE GLAZE GREEN,6,2011-08-10 10:57:00,1.65,15632.0,United Kingdom,9.9,Sale
570499,22464,HANGING METAL HEART LANTERN,12,2011-10-11 09:19:00,1.65,12772.0,Portugal,19.8,Sale
579286,21888,BINGO SET,1,2011-11-29 10:57:00,3.75,17772.0,United Kingdom,3.75,Sale
546913,15044D,RED PAPER PARASOL,1,2011-03-17 20:18:00,2.95,15861.0,United Kingdom,2.95,Sale
561893,22329,ROUND CONTAINER SET OF 5 RETROSPOT,1,2011-07-31 14:39:00,1.65,12942.0,United Kingdom,1.65,Sale
550499,22302,COFFEE MUG PEARS  DESIGN,1,2011-04-18 15:16:00,4.96,,United Kingdom,4.96,Sale
570388,23400,SHELF WITH 4 HOOKS HOME SWEET HOME,2,2011-10-10 12:37:00,6.25,14911.0,EIRE,12.5,Sale
553671,21314,SMALL GLASS HEART TRINKET POT,4,2011-05-18 12:37:00,2.1,13659.0,United Kingdom,8.4,Sale
568064,22689,DOORMAT MERRY CHRISTMAS RED ,2,2011-09-23 13:42:00,8.25,14880.0,United Kingdom,16.5,Sale
557313,22224,WHITE LOVEBIRD LANTERN,12,2011-06-19 15:56:00,2.95,13524.0,United Kingdom,35.400000000000006,Sale
569691,23121,PACK OF 6 COCKTAIL PARASOL STRAWS,24,2011-10-05 15:09:00,0.42,18223.0,United Kingdom,10.08,Sale
570388,22960,JAM MAKING SET WITH JARS,6,2011-10-10 12:37:00,4.25,14911.0,EIRE,25.5,Sale
579629,22481,BLACK TEA TOWEL CLASSIC DESIGN,2,2011-11-30 12:16:00,1.25,14963.0,United Kingdom,2.5,Sale
540353,85014B,RED RETROSPOT UMBRELLA,2,2011-01-06 14:53:00,5.95,13764.0,United Kingdom,11.9,Sale
579920,84947,ANTIQUE SILVER TEA GLASS ENGRAVED,72,2011-12-01 09:02:00,1.06,16839.0,United Kingdom,76.32000000000001,Sale
540977,84596G,SMALL CHOCOLATES PINK BOWL,1,2011-01-12 15:01:00,0.85,,United Kingdom,0.85,Sale
580153,22396,MAGNETS PACK OF 4 RETRO PHOTO,12,2011-12-02 10:23:00,0.39,12762.0,Portugal,4.68,Sale
556113,22817,CARD SUKI BIRTHDAY,12,2011-06-09 09:32:00,0.42,13510.0,United Kingdom,5.04,Sale
549014,20719,WOODLAND CHARLOTTE BAG,1,2011-04-05 15:00:00,0.85,17841.0,United Kingdom,0.85,Sale
555507,23205,CHARLOTTE BAG VINTAGE ALPHABET ,10,2011-06-03 16:39:00,0.85,16186.0,United Kingdom,8.5,Sale
558777,84522,PINK PARTY SUNGLASSES,1,2011-07-04 10:23:00,1.63,,United Kingdom,1.63,Sale
539958,22197,SMALL POPCORN HOLDER,6,2010-12-23 13:26:00,1.66,,United Kingdom,9.96,Sale
561025,23204,CHARLOTTE BAG APPLES DESIGN,1,2011-07-24 10:37:00,0.85,16241.0,United Kingdom,0.85,Sale
543821,22604,SET OF 4 NAPKIN CHARMS CUTLERY,6,2011-02-14 09:24:00,2.55,17667.0,United Kingdom,15.3,Sale
541127,37468,HARDMAN MUG 3 ASSORTED,1,2011-01-14 10:11:00,7.46,,United Kingdom,7.46,Sale
544673,22082,RIBBON REEL STRIPES DESIGN ,5,2011-02-22 15:46:00,1.65,13421.0,United Kingdom,8.25,Sale
577053,21390,FILIGRIS HEART WITH BUTTERFLY,24,2011-11-17 14:17:00,1.25,13001.0,United Kingdom,30.0,Sale
570333,23330,DECORATIVE WICKER HEART MEDIUM,1,2011-10-10 12:19:00,1.25,18126.0,United Kingdom,1.25,Sale
540458,22509,SEWING BOX RETROSPOT DESIGN ,1,2011-01-07 12:28:00,16.95,12501.0,Germany,16.95,Sale
552325,85099B,JUMBO BAG RED RETROSPOT,10,2011-05-09 09:47:00,2.08,12490.0,France,20.8,Sale
573137,21916,SET 12 RETRO WHITE CHALK STICKS,2,2011-10-27 17:15:00,0.83,,United Kingdom,1.66,Sale
566281,21070,VINTAGE BILLBOARD MUG ,6,2011-09-11 14:15:00,1.25,12748.0,United Kingdom,7.5,Sale
560223,21470,FLOWER VINE RAFFIA FOOD COVER,2,2011-07-15 15:32:00,3.75,16904.0,United Kingdom,7.5,Sale
572076,22285,HANGING HEN ON NEST DECORATION,12,2011-10-20 14:01:00,1.65,13761.0,United Kingdom,19.8,Sale
565426,21991,BOHEMIAN COLLAGE STATIONERY SET,1,2011-09-04 12:41:00,1.25,12851.0,United Kingdom,1.25,Sale
543251,22348,TEA BAG PLATE RED RETROSPOT,12,2011-02-04 14:51:00,0.85,14194.0,United Kingdom,10.2,Sale
542607,35961,FOLKART ZINC HEART CHRISTMAS DEC,1,2011-01-30 13:48:00,0.85,13148.0,United Kingdom,0.85,Sale
579471,48194,DOORMAT HEARTS,2,2011-11-29 15:08:00,14.13,,United Kingdom,28.26,Sale
553686,20728,LUNCH BAG CARS BLUE,10,2011-05-18 13:58:00,1.65,14911.0,EIRE,16.5,Sale
538877,21669,BLUE STRIPE CERAMIC DRAWER KNOB,4,2010-12-14 15:29:00,3.36,,United Kingdom,13.44,Sale
578678,21172,PARTY METAL SIGN ,1,2011-11-24 19:59:00,1.45,17841.0,United Kingdom,1.45,Sale
548612,22379,RECYCLING BAG RETROSPOT ,3,2011-04-01 11:34:00,2.1,13137.0,United Kingdom,6.300000000000001,Sale
577358,84375,SET OF 20 KIDS COOKIE CUTTERS,2,2011-11-18 15:59:00,4.13,,United Kingdom,8.26,Sale
549014,22247,BUNNY DECORATION MAGIC GARDEN,1,2011-04-05 15:00:00,0.85,17841.0,United Kingdom,0.85,Sale
577157,22331,WOODLAND PARTY BAG + STICKER SET,16,2011-11-18 09:58:00,1.65,12451.0,Switzerland,26.4,Sale
550331,22561,WOODEN SCHOOL COLOURING SET,1,2011-04-17 13:43:00,1.65,15555.0,United Kingdom,1.65,Sale
541086,84997B,RED 3 PIECE RETROSPOT CUTLERY SET,6,2011-01-13 12:32:00,3.75,16503.0,United Kingdom,22.5,Sale
568054,84378,SET OF 3 HEART COOKIE CUTTERS,3,2011-09-23 12:50:00,1.45,16978.0,United Kingdom,4.35,Sale
554942,22939,APRON APPLE DELIGHT,1,2011-05-27 14:01:00,4.95,17841.0,United Kingdom,4.95,Sale
553207,21671,RED SPOT CERAMIC DRAWER KNOB,12,2011-05-16 09:02:00,1.25,17001.0,United Kingdom,15.0,Sale
574561,21929,JUMBO BAG PINK VINTAGE PAISLEY,2,2011-11-04 15:52:00,4.13,,United Kingdom,8.26,Sale
563567,47559B,TEA TIME OVEN GLOVE,10,2011-08-17 14:44:00,1.25,13004.0,United Kingdom,12.5,Sale
556642,22077,6 RIBBONS RUSTIC CHARM,4,2011-06-13 15:47:00,1.65,17236.0,United Kingdom,6.6,Sale
578814,23354,6 GIFT TAGS 50'S CHRISTMAS ,2,2011-11-25 13:40:00,0.83,12748.0,United Kingdom,1.66,Sale
560262,21034,REX CASH+CARRY JUMBO SHOPPER,2,2011-07-17 13:40:00,0.95,14224.0,United Kingdom,1.9,Sale
544684,21754,HOME BUILDING BLOCK WORD,1,2011-02-22 16:32:00,11.63,,United Kingdom,11.63,Sale
564760,23182,TOILET SIGN OCCUPIED OR VACANT,6,2011-08-30 10:47:00,2.46,,United Kingdom,14.76,Sale
555383,21975,PACK OF 60 DINOSAUR CAKE CASES,6,2011-06-02 15:13:00,0.55,12517.0,Germany,3.3000000000000003,Sale
573373,23266,SET OF 3 WOODEN STOCKING DECORATION,1,2011-10-30 13:37:00,1.25,14684.0,United Kingdom,1.25,Sale
538155,21908,CHOCOLATE THIS WAY METAL SIGN,1,2010-12-09 16:52:00,2.1,16907.0,United Kingdom,2.1,Sale
553162,84987,SET OF 36 TEATIME PAPER DOILIES,1,2011-05-13 15:53:00,2.92,,United Kingdom,2.92,Sale
575176,23122,PARTY CHARMS 50 PIECES,2,2011-11-08 18:29:00,1.63,,United Kingdom,3.26,Sale
569215,23293,SET OF 12 FAIRY CAKE BAKING CASES,16,2011-10-02 12:30:00,0.83,13571.0,United Kingdom,13.28,Sale
569247,35004B,SET OF 3 BLACK FLYING DUCKS,48,2011-10-03 10:08:00,4.65,17924.0,United Kingdom,223.2,Sale
562789,20724,RED RETROSPOT CHARLOTTE BAG,200,2011-08-09 13:50:00,0.72,14646.0,Netherlands,144.0,Sale
568949,23199,JUMBO BAG APPLES,2,2011-09-29 15:13:00,4.13,,United Kingdom,8.26,Sale
574076,22499,WOODEN UNION JACK BUNTING,1,2011-11-02 15:38:00,12.46,,United Kingdom,12.46,Sale
553832,22045,SPACEBOY GIFT WRAP,25,2011-05-19 11:38:00,0.42,12957.0,United Kingdom,10.5,Sale
547964,21179,NO JUNK MAIL METAL SIGN,1,2011-03-28 15:45:00,1.63,,United Kingdom,1.63,Sale
551351,22335,HEART DECORATION PAINTED ZINC ,24,2011-04-28 10:20:00,0.55,14298.0,United Kingdom,13.2,Sale
556917,22025,RING OF ROSES BIRTHDAY CARD,144,2011-06-15 13:37:00,0.36,12415.0,Australia,51.84,Sale
546430,22325,MOBILE VINTAGE HEARTS ,2,2011-03-13 15:55:00,4.95,15918.0,United Kingdom,9.9,Sale
555278,22345,PARTY PIZZA DISH BLUE POLKADOT,2,2011-06-01 17:33:00,1.63,,United Kingdom,3.26,Sale
569865,22620,4 TRADITIONAL SPINNING TOPS,1,2011-10-06 14:47:00,1.45,12748.0,United Kingdom,1.45,Sale
547918,22112,CHOCOLATE HOT WATER BOTTLE,3,2011-03-28 12:49:00,4.95,15249.0,United Kingdom,14.85,Sale
550986,22322,BIRD DECORATION GREEN POLKADOT,1,2011-04-21 18:06:00,1.63,,United Kingdom,1.63,Sale
576615,21014,SWISS CHALET TREE DECORATION ,4,2011-11-15 16:42:00,0.29,17231.0,United Kingdom,1.16,Sale
536707,22626,BLACK KITCHEN SCALES,2,2010-12-02 12:33:00,8.5,12915.0,United Kingdom,17.0,Sale
576784,23501,KEY RING BASEBALL BOOT UNION JACK,20,2011-11-16 13:40:00,1.25,16204.0,United Kingdom,25.0,Sale
575583,22367,CHILDRENS APRON SPACEBOY DESIGN,1,2011-11-10 11:55:00,1.95,14456.0,United Kingdom,1.95,Sale
551258,85049D,BRIGHT BLUES RIBBONS ,12,2011-04-27 12:02:00,1.25,12621.0,Germany,15.0,Sale
542398,85123A,WHITE HANGING HEART T-LIGHT HOLDER,2,2011-01-27 15:36:00,2.95,13174.0,United Kingdom,5.9,Sale
562222,23172,REGENCY TEA PLATE PINK,12,2011-08-03 14:33:00,1.65,18073.0,United Kingdom,19.8,Sale
565445,23396,LA JARDIN BOTANIQUE CUSHION COVER,2,2011-09-04 14:50:00,3.75,13548.0,United Kingdom,7.5,Sale
557275,22037,ROBOT BIRTHDAY CARD,12,2011-06-19 11:45:00,0.42,15544.0,United Kingdom,5.04,Sale
553664,82583,HOT BATHS METAL SIGN,1,2011-05-18 12:15:00,2.1,16906.0,United Kingdom,2.1,Sale
539436,22745,POPPY'S PLAYHOUSE BEDROOM ,1,2010-12-17 14:49:00,4.21,,United Kingdom,4.21,Sale
577358,84912B,GREEN ROSE WASHBAG,1,2011-11-18 15:59:00,3.29,,United Kingdom,3.29,Sale
557442,84884A,ANT WHITE WIRE HEART SPIRAL,2,2011-06-20 12:53:00,3.95,14808.0,United Kingdom,7.9,Sale
545053,22668,PINK BABY BUNTING,5,2011-02-27 12:41:00,2.95,17516.0,United Kingdom,14.75,Sale
556876,22083,PAPER CHAIN KIT RETROSPOT,2,2011-06-15 11:56:00,2.95,16241.0,United Kingdom,5.9,Sale
548666,21059,PARTY INVITES DINOSAURS,12,2011-04-01 14:58:00,0.85,13124.0,United Kingdom,10.2,Sale
569246,21031,SPACE CADET BLACK,1,2011-10-03 09:57:00,2.46,14096.0,United Kingdom,2.46,Sale
572219,21500,PINK POLKADOT WRAP ,25,2011-10-21 13:17:00,0.42,17463.0,United Kingdom,10.5,Sale
547511,22829,SWEETHEART WIRE WALL TIDY,2,2011-03-23 13:44:00,9.95,17411.0,United Kingdom,19.9,Sale
543097,72801D,4 SKY BLUE DINNER CANDLES,6,2011-02-03 11:41:00,2.46,,United Kingdom,14.76,Sale
570826,84341B,SMALL PINK MAGIC CHRISTMAS TREE,2,2011-10-12 13:14:00,0.38,16753.0,United Kingdom,0.76,Sale
537618,22544,MINI JIGSAW SPACEBOY,24,2010-12-07 13:50:00,0.36,15061.0,United Kingdom,8.64,Sale
540562,21882,SKULLS TAPE,24,2011-01-10 10:35:00,0.19,12524.0,Germany,4.5600000000000005,Sale
541003,22651,GENTLEMAN SHIRT REPAIR KIT ,12,2011-01-13 10:35:00,0.85,15835.0,United Kingdom,10.2,Sale
551824,21137,BLACK RECORD COVER FRAME,4,2011-05-04 12:32:00,3.75,15128.0,United Kingdom,15.0,Sale
558068,84792,ENCHANTED BIRD COATHANGER 5 HOOK,4,2011-06-24 15:51:00,4.65,,United Kingdom,18.6,Sale
580395,35599D,PINK AND WHITE CHRISTMAS TREE 120CM,1,2011-12-04 10:56:00,2.95,17629.0,United Kingdom,2.95,Sale
536862,21116,OWL DOORSTOP,2,2010-12-03 11:13:00,8.47,,United Kingdom,16.94,Sale
536987,22733,3D TRADITIONAL CHRISTMAS STICKERS,1,2010-12-03 14:54:00,1.25,17198.0,United Kingdom,1.25,Sale
537645,22197,SMALL POPCORN HOLDER,24,2010-12-07 15:34:00,1.66,,United Kingdom,39.84,Sale
544277,22774,RED DRAWER KNOB ACRYLIC EDWARDIAN,12,2011-02-17 11:58:00,1.25,13718.0,United Kingdom,15.0,Sale
546892,84988,SET OF 72 PINK HEART PAPER DOILIES,2,2011-03-17 18:20:00,2.92,,United Kingdom,5.84,Sale
549525,DOT,DOTCOM POSTAGE,1,2011-04-08 15:44:00,134.66,,United Kingdom,134.66,Sale
553199,23284,DOORMAT KEEP CALM AND COME IN,3,2011-05-15 15:13:00,7.95,17758.0,United Kingdom,23.85,Sale
538566,22816,CARD MOTORBIKE SANTA,2,2010-12-13 11:21:00,0.85,,United Kingdom,1.7,Sale
554098,22956,36 FOIL HEART CAKE CASES,1,2011-05-22 13:01:00,2.1,14769.0,United Kingdom,2.1,Sale
554697,21385,IVORY HANGING DECORATION  HEART,5,2011-05-25 17:31:00,0.85,14584.0,United Kingdom,4.25,Sale
569026,23356,LOVE HOT WATER BOTTLE,3,2011-09-30 10:18:00,5.95,16101.0,United Kingdom,17.85,Sale
568721,22386,JUMBO BAG PINK POLKADOT,10,2011-09-28 16:24:00,2.08,,United Kingdom,20.8,Sale
544824,22356,CHARLOTTE BAG PINK POLKADOT,10,2011-02-24 09:32:00,0.85,17139.0,United Kingdom,8.5,Sale
538591,22792,FLUTED ANTIQUE CANDLE HOLDER,24,2010-12-13 11:44:00,0.85,14741.0,United Kingdom,20.4,Sale
569629,22667,RECIPE BOX RETROSPOT ,6,2011-10-05 11:37:00,2.95,15249.0,United Kingdom,17.700000000000003,Sale
541497,20716,PARTY FOOD SHOPPER BAG,1,2011-01-18 15:19:00,2.46,,United Kingdom,2.46,Sale
570285,23196,VINTAGE LEAF MAGNETIC NOTEPAD,12,2011-10-10 11:32:00,1.45,16637.0,United Kingdom,17.4,Sale
581378,22439,6 ROCKET BALLOONS ,10,2011-12-08 12:50:00,0.65,17673.0,United Kingdom,6.5,Sale
541497,21985,PACK OF 12 HEARTS DESIGN TISSUES ,1,2011-01-18 15:19:00,0.83,,United Kingdom,0.83,Sale
557894,23173,REGENCY TEAPOT ROSES ,4,2011-06-23 14:13:00,9.95,14818.0,United Kingdom,39.8,Sale
539492,22417,PACK OF 60 SPACEBOY CAKE CASES,1,2010-12-20 10:14:00,1.28,,United Kingdom,1.28,Sale
539451,22042,CHRISTMAS CARD SINGING ANGEL,4,2010-12-17 16:59:00,0.43,,United Kingdom,1.72,Sale
554151,22526,WHEELBARROW FOR CHILDREN ,1,2011-05-23 11:07:00,12.75,14049.0,United Kingdom,12.75,Sale
555158,23171,REGENCY TEA PLATE GREEN ,12,2011-06-01 08:38:00,1.65,14842.0,United Kingdom,19.8,Sale
554494,15044D,RED PAPER PARASOL,1,2011-05-24 14:00:00,2.95,16327.0,United Kingdom,2.95,Sale
568187,23437, 50'S CHRISTMAS GIFT BAG LARGE,36,2011-09-25 14:32:00,1.25,13408.0,United Kingdom,45.0,Sale
580730,23507,MINI PLAYING CARDS BUFFALO BILL ,2,2011-12-05 17:28:00,0.83,,United Kingdom,1.66,Sale
578678,23396,LE JARDIN BOTANIQUE CUSHION COVER,1,2011-11-24 19:59:00,3.75,17841.0,United Kingdom,3.75,Sale
564656,10135,COLOURING PENCILS BROWN TUBE,10,2011-08-26 14:40:00,1.25,14141.0,United Kingdom,12.5,Sale
545301,20676,RED RETROSPOT BOWL,8,2011-03-01 12:26:00,1.25,12679.0,France,10.0,Sale
562843,85132C,CHARLIE AND LOLA FIGURES TINS,1,2011-08-09 17:37:00,5.79,,United Kingdom,5.79,Sale
577078,23350,ROLL WRAP VINTAGE SPOT ,2,2011-11-17 15:17:00,2.46,,United Kingdom,4.92,Sale
571257,22651,GENTLEMAN SHIRT REPAIR KIT ,1,2011-10-14 17:17:00,1.63,,United Kingdom,1.63,Sale
581498,21931,JUMBO STORAGE BAG SUKI,6,2011-12-09 10:26:00,4.13,,United Kingdom,24.78,Sale
544214,22088,PAPER BUNTING COLOURED LACE,7,2011-02-17 11:19:00,4.13,,United Kingdom,28.91,Sale
542898,22951,60 CAKE CASES DOLLY GIRL DESIGN,2,2011-02-01 14:01:00,0.55,16110.0,United Kingdom,1.1,Sale
564818,22814,CARD PARTY GAMES ,6,2011-08-30 12:10:00,0.42,,United Kingdom,2.52,Sale
575491,21164,HOME SWEET HOME METAL SIGN ,1,2011-11-09 17:47:00,2.95,15531.0,United Kingdom,2.95,Sale
561231,22630,DOLLY GIRL LUNCH BOX,3,2011-07-26 10:20:00,1.95,15855.0,United Kingdom,5.85,Sale
549929,79030G,TUMBLER NEW ENGLAND,48,2011-04-13 10:32:00,0.39,13740.0,United Kingdom,18.72,Sale
578942,23209,LUNCH BAG VINTAGE DOILY ,1,2011-11-27 13:29:00,1.65,17288.0,United Kingdom,1.65,Sale
539451,22556,PLASTERS IN TIN CIRCUS PARADE ,1,2010-12-17 16:59:00,3.36,,United Kingdom,3.36,Sale
569900,85099B,JUMBO BAG RED RETROSPOT,10,2011-10-06 16:17:00,2.08,17651.0,United Kingdom,20.8,Sale
580611,85034C,3 ROSE MORRIS BOXED CANDLES,2,2011-12-05 11:49:00,1.25,12748.0,United Kingdom,2.5,Sale
540999,37327,ASSTD MULTICOLOUR CIRCLES MUG,48,2011-01-13 10:08:00,0.42,13694.0,United Kingdom,20.16,Sale
561894,23300,GARDENERS KNEELING PAD CUP OF TEA ,1,2011-07-31 15:00:00,1.65,14456.0,United Kingdom,1.65,Sale
536544,21975,PACK OF 60 DINOSAUR CAKE CASES,1,2010-12-01 14:32:00,1.28,,United Kingdom,1.28,Sale
542216,22968,ROSE COTTAGE KEEPSAKE BOX ,4,2011-01-26 12:29:00,9.95,14911.0,EIRE,39.8,Sale
568567,21929,JUMBO BAG PINK VINTAGE PAISLEY,6,2011-09-27 18:41:00,4.13,,United Kingdom,24.78,Sale
579668,23382,BOX OF 6 CHRISTMAS CAKE DECORATIONS,4,2011-11-30 12:32:00,3.75,15152.0,United Kingdom,15.0,Sale
559547,20712,JUMBO BAG WOODLAND ANIMALS,3,2011-07-10 15:12:00,2.08,17758.0,United Kingdom,6.24,Sale
547491,22178,VICTORIAN GLASS HANGING T-LIGHT,12,2011-03-23 12:05:00,1.25,17096.0,United Kingdom,15.0,Sale
578347,84692,BOX OF 24 COCKTAIL PARASOLS,5,2011-11-24 09:26:00,0.83,,United Kingdom,4.15,Sale
564856,22625,RED KITCHEN SCALES,10,2011-08-31 09:11:00,8.5,12477.0,Germany,85.0,Sale
536804,22778,GLASS CLOCHE SMALL,24,2010-12-02 16:34:00,3.39,14031.0,United Kingdom,81.36,Sale
543985,22617,BAKING SET SPACEBOY DESIGN,1,2011-02-15 09:44:00,10.79,,United Kingdom,10.79,Sale
557064,20726,LUNCH BAG WOODLAND,2,2011-06-16 15:07:00,1.65,13263.0,United Kingdom,3.3,Sale
540551,84086C,PINK/PURPLE RETRO RADIO,3,2011-01-10 09:43:00,2.51,,United Kingdom,7.529999999999999,Sale
539317,22081,RIBBON REEL FLORA + FAUNA ,5,2010-12-16 19:04:00,1.65,17392.0,United Kingdom,8.25,Sale
578317,23499,SET 12 VINTAGE DOILY CHALK ,24,2011-11-23 16:47:00,0.42,15398.0,United Kingdom,10.08,Sale
566622,22569,FELTCRAFT CUSHION BUTTERFLY,4,2011-09-14 09:27:00,3.75,13860.0,United Kingdom,15.0,Sale
559668,21080,SET/20 RED RETROSPOT PAPER NAPKINS ,12,2011-07-11 13:40:00,0.85,13394.0,United Kingdom,10.2,Sale
544323,21080,SET/20 RED RETROSPOT PAPER NAPKINS ,6,2011-02-17 15:51:00,0.85,,United Kingdom,5.1,Sale
569469,23511,EMBROIDERED RIBBON REEL EMILY ,6,2011-10-04 12:22:00,2.08,16360.0,United Kingdom,12.48,Sale
580980,22142,CHRISTMAS CRAFT WHITE FAIRY ,12,2011-12-06 15:43:00,1.45,17730.0,United Kingdom,17.4,Sale
567899,22025,RING OF ROSES BIRTHDAY CARD,12,2011-09-22 16:26:00,0.42,14911.0,EIRE,5.04,Sale
540536,22680,FRENCH BLUE METAL DOOR SIGN 5,1,2011-01-09 14:21:00,1.25,17757.0,United Kingdom,1.25,Sale
569228,23020,GLASS  SONGBIRD STORAGE JAR,1,2011-10-02 14:47:00,12.5,15547.0,United Kingdom,12.5,Sale
576840,23198,PANTRY MAGNETIC  SHOPPING LIST,1,2011-11-16 15:23:00,3.29,,United Kingdom,3.29,Sale
580980,23504,PLAYING CARDS JUBILEE UNION JACK,12,2011-12-06 15:43:00,1.25,17730.0,United Kingdom,15.0,Sale
568709,23157,SET OF 6 NATIVITY MAGNETS ,1,2011-09-28 15:42:00,2.08,15036.0,United Kingdom,2.08,Sale
538567,20675,BLUE POLKADOT BOWL,8,2010-12-13 11:23:00,1.25,13999.0,United Kingdom,10.0,Sale
568142,22364,GLASS JAR DIGESTIVE BISCUITS,1,2011-09-25 11:22:00,2.95,16744.0,United Kingdom,2.95,Sale
547712,22766,PHOTO FRAME CORNICE,2,2011-03-24 19:31:00,2.95,16905.0,United Kingdom,5.9,Sale
552023,84946,ANTIQUE SILVER T-LIGHT GLASS,12,2011-05-05 17:59:00,1.25,17624.0,United Kingdom,15.0,Sale
556280,21164,HOME SWEET HOME METAL SIGN ,4,2011-06-09 20:03:00,2.95,14584.0,United Kingdom,11.8,Sale
543826,84378,SET OF 3 HEART COOKIE CUTTERS,1,2011-02-14 09:41:00,2.46,,United Kingdom,2.46,Sale
538453,21327,SKULLS WRITING SET ,1,2010-12-12 12:26:00,1.65,16779.0,United Kingdom,1.65,Sale
539473,22423,REGENCY CAKESTAND 3 TIER,2,2010-12-19 14:24:00,12.75,14911.0,EIRE,25.5,Sale
574826,20828,GLITTER BUTTERFLY CLIPS,2,2011-11-07 10:58:00,2.55,15870.0,United Kingdom,5.1,Sale
549995,48194,DOORMAT HEARTS,10,2011-04-14 08:32:00,6.75,16131.0,United Kingdom,67.5,Sale
556467,22666,RECIPE BOX PANTRY YELLOW DESIGN,3,2011-06-12 11:17:00,2.95,13232.0,United Kingdom,8.850000000000001,Sale
571745,22960,JAM MAKING SET WITH JARS,6,2011-10-19 10:48:00,4.25,14911.0,EIRE,25.5,Sale
572746,82583,HOT BATHS METAL SIGN,2,2011-10-25 16:30:00,2.1,13263.0,United Kingdom,4.2,Sale
550522,20975,12 PENCILS SMALL TUBE RED RETROSPOT,24,2011-04-19 10:04:00,0.65,12947.0,United Kingdom,15.6,Sale
553162,37342,POLKADOT COFFEE CUP & SAUCER PINK,4,2011-05-13 15:53:00,2.46,,United Kingdom,9.84,Sale
579358,22979,PANTRY WASHING UP BRUSH,24,2011-11-29 11:50:00,1.45,16992.0,United Kingdom,34.8,Sale
540859,22904,CALENDAR PAPER CUT DESIGN,2,2011-01-12 10:58:00,2.95,17965.0,United Kingdom,5.9,Sale
573364,22585,PACK OF 6 BIRDY GIFT TAGS,4,2011-10-30 13:09:00,1.25,14710.0,United Kingdom,5.0,Sale
578846,22619,SET OF 6 SOLDIER SKITTLES,4,2011-11-25 17:27:00,3.75,17757.0,United Kingdom,15.0,Sale
580136,72351B,SET/6 PINK  BUTTERFLY T-LIGHTS,1,2011-12-01 19:42:00,2.1,17841.0,United Kingdom,2.1,Sale
546438,22722,SET OF 6 SPICE TINS PANTRY DESIGN,24,2011-03-14 09:59:00,3.45,15125.0,United Kingdom,82.80000000000001,Sale
568949,23307,SET OF 60 PANTRY DESIGN CAKE CASES ,1,2011-09-29 15:13:00,1.25,,United Kingdom,1.25,Sale
558260,20984,12 PENCILS TALL TUBE POSY,24,2011-06-28 08:38:00,0.29,16945.0,United Kingdom,6.959999999999999,Sale
568589,16169E,WRAP 50'S  CHRISTMAS,25,2011-09-28 10:27:00,0.42,17405.0,United Kingdom,10.5,Sale
581219,22456,NATURAL SLATE CHALKBOARD LARGE ,1,2011-12-08 09:28:00,9.96,,United Kingdom,9.96,Sale
581020,85123A,WHITE HANGING HEART T-LIGHT HOLDER,64,2011-12-07 10:12:00,2.55,17511.0,United Kingdom,163.2,Sale
544928,84796A,PINK HAWAIIAN PICNIC HAMPER FOR 2,1,2011-02-24 18:07:00,8.29,,United Kingdom,8.29,Sale
537666,20914,SET/5 RED RETROSPOT LID GLASS BOWLS,2,2010-12-07 18:36:00,5.91,,United Kingdom,11.82,Sale
559128,21179,NO JUNK MAIL METAL SIGN,1,2011-07-06 12:39:00,0.39,17238.0,United Kingdom,0.39,Sale
577297,21818,GLITTER HEART DECORATION,2,2011-11-18 12:48:00,0.39,14593.0,United Kingdom,0.78,Sale
574046,48194,DOORMAT HEARTS,1,2011-11-02 13:19:00,8.25,15743.0,United Kingdom,8.25,Sale
538198,21867,PINK UNION JACK  LUGGAGE TAG,3,2010-12-10 11:01:00,1.25,17827.0,United Kingdom,3.75,Sale
577128,22902,TOTE BAG I LOVE LONDON,2,2011-11-17 19:48:00,2.1,14508.0,United Kingdom,4.2,Sale
574298,21065,BOOM BOX SPEAKER GIRLS,1,2011-11-03 15:56:00,4.13,,United Kingdom,4.13,Sale
565088,23437, 50'S CHRISTMAS GIFT BAG LARGE,12,2011-09-01 10:11:00,1.25,16145.0,United Kingdom,15.0,Sale
570796,23507,MINI PLAYING CARDS BUFFALO BILL ,2,2011-10-12 12:19:00,0.42,16241.0,United Kingdom,0.84,Sale
549056,22982,PANTRY PASTRY BRUSH,1,2011-04-06 10:40:00,1.25,15917.0,United Kingdom,1.25,Sale
538832,84946,ANTIQUE SILVER TEA GLASS ETCHED,24,2010-12-14 13:03:00,1.25,17158.0,United Kingdom,30.0,Sale
574893,21619,4 VANILLA BOTANICAL CANDLES,2,2011-11-07 14:40:00,1.25,18036.0,United Kingdom,2.5,Sale
570674,21819,GLITTER CHRISTMAS STAR ,36,2011-10-11 14:59:00,0.39,14911.0,EIRE,14.04,Sale
581219,23508,MINI PLAYING CARDS DOLLY GIRL ,1,2011-12-08 09:28:00,0.83,,United Kingdom,0.83,Sale
576372,22350,ILLUSTRATED CAT BOWL ,6,2011-11-15 08:32:00,2.55,15144.0,United Kingdom,15.3,Sale
557133,22988,SOLDIERS EGG CUP ,288,2011-06-17 09:11:00,1.06,17306.0,United Kingdom,305.28000000000003,Sale
568703,22998,TRAVEL CARD WALLET KEEP CALM,10,2011-09-28 15:21:00,0.42,12748.0,United Kingdom,4.2,Sale
538093,POST,POSTAGE,5,2010-12-09 14:49:00,18.0,12682.0,France,90.0,Sale
557217,21975,PACK OF 60 DINOSAUR CAKE CASES,24,2011-06-17 12:30:00,0.55,17426.0,United Kingdom,13.2,Sale
563735,22551,PLASTERS IN TIN SPACEBOY,1,2011-08-18 18:15:00,1.65,16743.0,United Kingdom,1.65,Sale
537638,90169,DAISY HAIR COMB,1,2010-12-07 15:28:00,2.54,,United Kingdom,2.54,Sale
551385,22480,RED TEA TOWEL CLASSIC DESIGN,6,2011-04-28 11:38:00,1.25,16814.0,United Kingdom,7.5,Sale
574741,72817,SET OF 2 CHRISTMAS DECOUPAGE CANDLE,2,2011-11-06 16:13:00,0.79,15993.0,United Kingdom,1.58,Sale
558096,20617,FIRST CLASS PASSPORT COVER ,1,2011-06-26 13:24:00,2.1,15532.0,United Kingdom,2.1,Sale
576559,23151,ZINC SWEETHEART SOAP DISH,1,2011-11-15 13:19:00,2.49,14711.0,United Kingdom,2.49,Sale
547653,22138,BAKING SET 9 PIECE RETROSPOT ,24,2011-03-24 12:21:00,4.25,16745.0,United Kingdom,102.0,Sale
563213,22720,SET OF 3 CAKE TINS PANTRY DESIGN ,2,2011-08-14 12:55:00,4.95,16115.0,United Kingdom,9.9,Sale
557112,84580,MOUSE TOY WITH PINK T-SHIRT,2,2011-06-16 16:31:00,4.13,,United Kingdom,8.26,Sale
578951,22750,FELTCRAFT PRINCESS LOLA DOLL,1,2011-11-27 14:40:00,3.75,15514.0,United Kingdom,3.75,Sale
541870,21067,VINTAGE RED TEATIME MUG,1,2011-01-24 09:39:00,2.46,,United Kingdom,2.46,Sale
569684,23321,SMALL WHITE HEART OF WICKER,12,2011-10-05 14:42:00,1.65,13947.0,United Kingdom,19.8,Sale
556932,21422,PORCELAIN ROSE SMALL,1,2011-06-15 15:41:00,1.63,,United Kingdom,1.63,Sale
566060,22294,HEART FILIGREE DOVE  SMALL,1,2011-09-08 15:27:00,2.46,,United Kingdom,2.46,Sale
538659,21527,RED RETROSPOT TRADITIONAL TEAPOT ,2,2010-12-13 15:36:00,7.95,14625.0,United Kingdom,15.9,Sale
562450,22663,JUMBO BAG DOLLY GIRL DESIGN,20,2011-08-05 08:40:00,2.08,12562.0,France,41.6,Sale
550626,22487,WHITE WOOD GARDEN PLANT LADDER,1,2011-04-19 14:23:00,9.95,13184.0,United Kingdom,9.95,Sale
564841,21242,RED RETROSPOT PLATE ,2,2011-08-30 13:42:00,3.29,,United Kingdom,6.58,Sale
580160,22730,ALARM CLOCK BAKELIKE IVORY,8,2011-12-02 10:47:00,3.75,12700.0,France,30.0,Sale
574722,20837,FRENCH FLORAL CUSHION COVER ,6,2011-11-06 14:45:00,0.83,14502.0,United Kingdom,4.98,Sale
556206,21832,CHOCOLATE CALCULATOR,12,2011-06-09 13:46:00,1.65,14911.0,EIRE,19.8,Sale
566076,22712,CARD DOLLY GIRL ,12,2011-09-09 09:13:00,0.42,12449.0,Belgium,5.04,Sale
547863,POST,POSTAGE,2,2011-03-27 13:07:00,18.0,12728.0,France,36.0,Sale
575607,21908,CHOCOLATE THIS WAY METAL SIGN,5,2011-11-10 12:37:00,4.13,14096.0,United Kingdom,20.65,Sale
568191,21591,COSY HOUR CIGAR BOX MATCHES ,6,2011-09-25 14:37:00,1.25,16655.0,United Kingdom,7.5,Sale
544409,85206A,CREAM FELT EASTER EGG BASKET,6,2011-02-18 13:32:00,1.65,16265.0,United Kingdom,9.9,Sale
543040,85071A,BLUE CHARLIE+LOLA PERSONAL DOORSIGN,1,2011-02-02 17:06:00,2.95,17337.0,United Kingdom,2.95,Sale
576840,22897,OVEN MITT APPLES DESIGN,1,2011-11-16 15:23:00,3.29,,United Kingdom,3.29,Sale
569544,23268,SET OF 2 CERAMIC CHRISTMAS REINDEER,1,2011-10-04 16:33:00,2.92,,United Kingdom,2.92,Sale
579267,23199,JUMBO BAG APPLES,10,2011-11-29 09:42:00,2.08,14961.0,United Kingdom,20.8,Sale
581439,22422,TOOTHPASTE TUBE PEN,3,2011-12-08 16:30:00,1.25,,United Kingdom,3.75,Sale
550972,21559,STRAWBERRY LUNCH BOX WITH CUTLERY,1,2011-04-21 17:05:00,2.55,14031.0,United Kingdom,2.55,Sale
561222,22818,CARD CHRISTMAS VILLAGE,12,2011-07-26 09:27:00,0.42,13588.0,United Kingdom,5.04,Sale
564825,82484,WOOD BLACK BOARD ANT WHITE FINISH,1,2011-08-30 12:26:00,16.63,,United Kingdom,16.63,Sale
536544,20676,RED RETROSPOT BOWL,1,2010-12-01 14:32:00,2.51,,United Kingdom,2.51,Sale
542998,20711,JUMBO BAG TOYS ,2,2011-02-02 12:16:00,4.13,,United Kingdom,8.26,Sale
577980,23526,WALL ART DOG LICENCE ,1,2011-11-22 12:24:00,5.95,16330.0,United Kingdom,5.95,Sale
568712,23183,MOTHER'S KITCHEN SPOON REST ,2,2011-09-28 15:50:00,3.75,17841.0,United Kingdom,7.5,Sale
543370,21054,NURSE'S BAG SOFT TOY,1,2011-02-07 14:51:00,8.95,12359.0,Cyprus,8.95,Sale
570187,21064,BOOM BOX SPEAKER BOYS,1,2011-10-07 15:09:00,4.13,,United Kingdom,4.13,Sale
569234,22568,FELTCRAFT CUSHION OWL,1,2011-10-02 15:33:00,3.75,17841.0,United Kingdom,3.75,Sale
558877,21123,SET/10 IVORY POLKADOT PARTY CANDLES,2,2011-07-04 13:50:00,1.25,17841.0,United Kingdom,2.5,Sale
566914,21679,SKULLS  STICKERS,6,2011-09-15 14:08:00,0.85,15466.0,United Kingdom,5.1,Sale
540496,22191,IVORY DINER WALL CLOCK,4,2011-01-07 17:18:00,8.5,15485.0,United Kingdom,34.0,Sale
573245,22481,BLACK TEA TOWEL CLASSIC DESIGN,3,2011-10-28 12:08:00,1.25,17841.0,United Kingdom,3.75,Sale
537789,21877,HOME SWEET HOME MUG,12,2010-12-08 12:49:00,1.25,14051.0,United Kingdom,15.0,Sale
545667,21993,FLORAL FOLK STATIONERY SET,1,2011-03-04 16:07:00,2.46,,United Kingdom,2.46,Sale
564838,23089,GLASS BON BON JAR,1,2011-08-30 12:43:00,3.29,,United Kingdom,3.29,Sale
568059,22619,SET OF 6 SOLDIER SKITTLES,3,2011-09-23 12:58:00,3.75,13097.0,United Kingdom,11.25,Sale
570023,22748,POPPY'S PLAYHOUSE KITCHEN,6,2011-10-07 10:22:00,2.1,13876.0,United Kingdom,12.6,Sale
578939,22374,AIRLINE BAG VINTAGE JET SET RED,3,2011-11-27 13:14:00,4.25,17068.0,United Kingdom,12.75,Sale
553371,21915,RED  HARMONICA IN BOX ,36,2011-05-16 14:32:00,1.25,17288.0,United Kingdom,45.0,Sale
539631,22862,LOVE HEART NAPKIN BOX ,3,2010-12-20 15:03:00,4.25,,United Kingdom,12.75,Sale
554507,22083,PAPER CHAIN KIT RETROSPOT,12,2011-05-24 15:29:00,2.95,15513.0,United Kingdom,35.400000000000006,Sale
541220,22968,ROSE COTTAGE KEEPSAKE BOX ,64,2011-01-14 14:11:00,8.5,14156.0,EIRE,544.0,Sale
537144,22784,LANTERN CREAM GAZEBO ,1,2010-12-05 13:00:00,4.95,15880.0,United Kingdom,4.95,Sale
579187,23350,ROLL WRAP VINTAGE SPOT ,4,2011-11-28 15:31:00,2.46,,United Kingdom,9.84,Sale
544468,22666,RECIPE BOX PANTRY YELLOW DESIGN,6,2011-02-21 08:33:00,2.95,,EIRE,17.700000000000003,Sale
539738,84032B,CHARLIE + LOLA RED HOT WATER BOTTLE,6,2010-12-21 15:19:00,5.91,,United Kingdom,35.46,Sale
578400,23313,VINTAGE CHRISTMAS BUNTING,2,2011-11-24 11:52:00,4.95,12748.0,United Kingdom,9.9,Sale
544772,21843,RED RETROSPOT CAKE STAND,1,2011-02-23 11:12:00,20.79,,United Kingdom,20.79,Sale
551418,22499,WOODEN UNION JACK BUNTING,1,2011-04-28 13:50:00,5.95,17893.0,United Kingdom,5.95,Sale
544336,21533,RETROSPOT LARGE MILK JUG,1,2011-02-17 19:36:00,4.95,13230.0,United Kingdom,4.95,Sale
548711,47593B,SCOTTIE DOGS BABY BIB,2,2011-04-03 14:24:00,0.39,18116.0,United Kingdom,0.78,Sale
544573,22665,RECIPE BOX BLUE SKETCHBOOK DESIGN,6,2011-02-21 13:40:00,2.95,12621.0,Germany,17.700000000000003,Sale
559547,47566,PARTY BUNTING,2,2011-07-10 15:12:00,4.95,17758.0,United Kingdom,9.9,Sale
581233,21497,FANCY FONTS BIRTHDAY WRAP,25,2011-12-08 10:33:00,0.42,13436.0,United Kingdom,10.5,Sale
544484,22518,CHILDS GARDEN BRUSH BLUE,12,2011-02-21 11:10:00,2.1,15321.0,United Kingdom,25.200000000000003,Sale
543281,85078,SCANDINAVIAN 3 HEARTS NAPKIN RING,8,2011-02-06 15:34:00,0.65,14606.0,United Kingdom,5.2,Sale
553878,84978,HANGING HEART JAR T-LIGHT HOLDER,36,2011-05-19 14:56:00,1.06,14733.0,United Kingdom,38.16,Sale
555275,20978,36 PENCILS TUBE SKULLS,1,2011-06-01 17:18:00,2.46,,United Kingdom,2.46,Sale
536876,21411,GINGHAM HEART  DOORSTOP RED,1,2010-12-03 11:36:00,8.47,,United Kingdom,8.47,Sale
579098,85169C,EAU DE NIL LOVE BIRD CANDLE,1,2011-11-28 11:18:00,1.25,14606.0,United Kingdom,1.25,Sale
580520,22365,DOORMAT RESPECTABLE HOUSE,1,2011-12-04 14:55:00,8.25,13521.0,United Kingdom,8.25,Sale
540014,22480,RED TEA TOWEL CLASSIC DESIGN,4,2011-01-04 11:34:00,1.25,14606.0,United Kingdom,5.0,Sale
578998,22722,SET OF 6 SPICE TINS PANTRY DESIGN,1,2011-11-27 16:05:00,3.95,15436.0,United Kingdom,3.95,Sale
555733,22178,VICTORIAN GLASS HANGING T-LIGHT,96,2011-06-07 08:21:00,1.06,16839.0,United Kingdom,101.76,Sale
561867,22271,FELTCRAFT DOLL ROSIE,1,2011-07-31 10:59:00,2.95,16931.0,United Kingdom,2.95,Sale
548514,21928,JUMBO BAG SCANDINAVIAN BLUE PAISLEY,1,2011-03-31 16:03:00,4.13,,United Kingdom,4.13,Sale
571257,23434,3 RAFFIA RIBBONS 50'S CHRISTMAS ,2,2011-10-14 17:17:00,0.83,,United Kingdom,1.66,Sale
569998,85066,CREAM SWEETHEART MINI CHEST,2,2011-10-07 08:12:00,12.75,12540.0,Spain,25.5,Sale
543740,22774,RED DRAWER KNOB ACRYLIC EDWARDIAN,192,2011-02-11 13:36:00,1.06,15311.0,United Kingdom,203.52,Sale
567672,22866,HAND WARMER SCOTTY DOG DESIGN,3,2011-09-21 15:39:00,2.1,16085.0,United Kingdom,6.300000000000001,Sale
575339,23462,ROCOCO WALL MIRROR WHITE,1,2011-11-09 14:29:00,19.95,15555.0,United Kingdom,19.95,Sale
567288,22624,IVORY KITCHEN SCALES,1,2011-09-19 11:49:00,8.5,16906.0,United Kingdom,8.5,Sale
546419,22776,SWEETHEART CAKESTAND 3 TIER,1,2011-03-13 11:06:00,9.95,16693.0,United Kingdom,9.95,Sale
547799,21928,JUMBO BAG SCANDINAVIAN BLUE PAISLEY,10,2011-03-25 12:48:00,1.95,17139.0,United Kingdom,19.5,Sale
547841,22288,HANGING METAL RABBIT DECORATION,6,2011-03-27 11:02:00,1.25,16923.0,United Kingdom,7.5,Sale
544337,21495,SKULLS AND CROSSBONES WRAP,25,2011-02-18 08:34:00,0.42,13425.0,United Kingdom,10.5,Sale
581256,22111,SCOTTIE DOG HOT WATER BOTTLE,1,2011-12-08 11:21:00,16.67,,United Kingdom,16.67,Sale
557143,22622,BOX OF VINTAGE ALPHABET BLOCKS,24,2011-06-17 10:12:00,9.95,13090.0,United Kingdom,238.8,Sale
550987,21984,PACK OF 12 PINK PAISLEY TISSUES ,1,2011-04-21 18:10:00,0.83,,United Kingdom,0.83,Sale
555108,82600,NO SINGING METAL SIGN,4,2011-05-31 14:18:00,2.1,18231.0,United Kingdom,8.4,Sale
571847,72741,GRAND CHOCOLATECANDLE,9,2011-10-19 12:39:00,1.45,15220.0,United Kingdom,13.05,Sale
553195,21086,SET/6 RED SPOTTY PAPER CUPS,24,2011-05-15 13:45:00,0.65,12599.0,France,15.6,Sale
561355,22699,ROSES REGENCY TEACUP AND SAUCER ,6,2011-07-26 14:51:00,2.95,13090.0,United Kingdom,17.700000000000003,Sale
559357,23284,DOORMAT KEEP CALM AND COME IN,20,2011-07-07 18:56:00,6.75,17107.0,United Kingdom,135.0,Sale
545588,85123A,WHITE HANGING HEART T-LIGHT HOLDER,6,2011-03-04 10:03:00,2.95,13382.0,United Kingdom,17.700000000000003,Sale
550542,22437,SET OF 9 BLACK SKULL BALLOONS,1,2011-04-19 11:37:00,1.63,,United Kingdom,1.63,Sale
558535,23199,JUMBO BAG APPLES,2,2011-06-30 12:04:00,2.08,16904.0,United Kingdom,4.16,Sale
546789,85099F,JUMBO BAG STRAWBERRY,900,2011-03-17 10:17:00,1.65,15769.0,United Kingdom,1485.0,Sale
573347,22562,MONSTERS STENCIL CRAFT,3,2011-10-30 12:26:00,1.25,13137.0,United Kingdom,3.75,Sale
558996,22193,RED DINER WALL CLOCK,2,2011-07-05 12:11:00,8.5,13085.0,United Kingdom,17.0,Sale
537153,22865,HAND WARMER OWL DESIGN,8,2010-12-05 13:03:00,2.1,16718.0,United Kingdom,16.8,Sale
554271,22084,PAPER CHAIN KIT EMPIRE,6,2011-05-23 13:06:00,2.95,16422.0,United Kingdom,17.700000000000003,Sale
564322,20985,HEART CALCULATOR,100,2011-08-24 13:23:00,1.06,13694.0,United Kingdom,106.0,Sale
541219,22645,CERAMIC HEART FAIRY CAKE MONEY BANK,1,2011-01-14 14:06:00,3.29,,United Kingdom,3.29,Sale
564727,22562,MONSTERS STENCIL CRAFT,1,2011-08-28 12:31:00,1.25,16686.0,United Kingdom,1.25,Sale
562716,23209,LUNCH BAG DOILEY PATTERN ,20,2011-08-08 15:35:00,1.65,14257.0,United Kingdom,33.0,Sale
569726,85123A,WHITE HANGING HEART T-LIGHT HOLDER,12,2011-10-06 09:36:00,2.95,17419.0,United Kingdom,35.400000000000006,Sale
541133,21928,JUMBO BAG SCANDINAVIAN PAISLEY,1,2011-01-14 10:17:00,4.96,,United Kingdom,4.96,Sale
578844,22721,SET OF 3 CAKE TINS SKETCHBOOK,1,2011-11-25 16:14:00,10.79,,United Kingdom,10.79,Sale
575919,21164,HOME SWEET HOME METAL SIGN ,1,2011-11-11 17:00:00,2.95,15311.0,United Kingdom,2.95,Sale
550521,48184,DOORMAT ENGLISH ROSE ,2,2011-04-19 09:49:00,7.95,13647.0,United Kingdom,15.9,Sale
542284,22197,SMALL POPCORN HOLDER,48,2011-01-27 10:56:00,0.85,17311.0,United Kingdom,40.8,Sale
553074,22758,LARGE PURPLE BABUSHKA NOTEBOOK  ,2,2011-05-13 11:45:00,1.25,15529.0,United Kingdom,2.5,Sale
539490,22721,SET OF 3 CAKE TINS SKETCHBOOK,3,2010-12-20 10:00:00,4.95,17069.0,United Kingdom,14.85,Sale
547918,21084,SET/6 COLLAGE PAPER CUPS,12,2011-03-28 12:49:00,0.65,15249.0,United Kingdom,7.800000000000001,Sale
568060,23511,EMBROIDERED RIBBON REEL EMILY ,2,2011-09-23 13:11:00,2.08,14546.0,United Kingdom,4.16,Sale
561371,22470,HEART OF WICKER LARGE,3,2011-07-26 16:25:00,5.79,,United Kingdom,17.37,Sale
556512,21931,JUMBO STORAGE BAG SUKI,5,2011-06-13 10:44:00,2.08,14688.0,United Kingdom,10.4,Sale
580632,84031B,CHARLIE LOLA BLUE HOT WATER BOTTLE ,1,2011-12-05 12:16:00,1.25,16360.0,United Kingdom,1.25,Sale
549225,21622,VINTAGE UNION JACK CUSHION COVER,24,2011-04-07 10:54:00,4.25,13777.0,United Kingdom,102.0,Sale
536532,22956,36 FOIL HEART CAKE CASES,12,2010-12-01 13:24:00,2.1,12433.0,Norway,25.200000000000003,Sale
551142,21172,PARTY METAL SIGN ,3,2011-04-26 13:22:00,1.45,17613.0,United Kingdom,4.35,Sale
574048,23503,PLAYING CARDS KEEP CALM & CARRY ON,12,2011-11-02 13:37:00,1.25,13769.0,United Kingdom,15.0,Sale
572652,22112,CHOCOLATE HOT WATER BOTTLE,3,2011-10-25 12:11:00,4.95,15805.0,United Kingdom,14.85,Sale
569424,23196,VINTAGE LEAF MAGNETIC NOTEPAD,2,2011-10-04 10:49:00,1.45,15529.0,United Kingdom,2.9,Sale
549295,22896,PEG BAG APPLES DESIGN,1,2011-04-07 19:49:00,4.96,,United Kingdom,4.96,Sale
581219,21981,PACK OF 12 WOODLAND TISSUES ,1,2011-12-08 09:28:00,0.83,,United Kingdom,0.83,Sale
567179,22637,PIGGY BANK RETROSPOT ,2,2011-09-18 14:27:00,2.55,15547.0,United Kingdom,5.1,Sale
550006,85099B,JUMBO BAG RED RETROSPOT,3,2011-04-14 10:10:00,2.08,17841.0,United Kingdom,6.24,Sale
563532,21078,SET/20 STRAWBERRY PAPER NAPKINS ,96,2011-08-17 11:04:00,0.72,17511.0,United Kingdom,69.12,Sale
563350,21078,SET/20 STRAWBERRY PAPER NAPKINS ,3,2011-08-15 14:10:00,0.85,14498.0,United Kingdom,2.55,Sale
550278,22355,CHARLOTTE BAG SUKI DESIGN,41,2011-04-15 13:15:00,2.46,,United Kingdom,100.86,Sale
556108,84912B,GREEN ROSE WASHBAG,1,2011-06-08 17:59:00,3.29,,United Kingdom,3.29,Sale
547359,21931,JUMBO STORAGE BAG SUKI,5,2011-03-22 12:27:00,1.95,15719.0,United Kingdom,9.75,Sale
566849,23213,STAR WREATH DECORATION WITH BELL,12,2011-09-15 12:03:00,1.25,16341.0,United Kingdom,15.0,Sale
579692,21481,FAWN BLUE HOT WATER BOTTLE,12,2011-11-30 14:05:00,3.75,12433.0,Norway,45.0,Sale
569216,22563,HAPPY STENCIL CRAFT,4,2011-10-02 12:41:00,1.25,15555.0,United Kingdom,5.0,Sale
581217,22921,HERB MARKER CHIVES ,2,2011-12-08 09:20:00,1.63,,United Kingdom,3.26,Sale
554504,22725,ALARM CLOCK BAKELIKE CHOCOLATE,4,2011-05-24 15:13:00,3.75,17719.0,United Kingdom,15.0,Sale
573102,23167,SMALL CERAMIC TOP STORAGE JAR ,12,2011-10-27 14:52:00,0.83,13266.0,United Kingdom,9.96,Sale
538065,21080,SET/20 RED RETROSPOT PAPER NAPKINS ,12,2010-12-09 13:57:00,0.85,13982.0,United Kingdom,10.2,Sale
539750,21327,SKULLS WRITING SET ,1,2010-12-21 15:40:00,2.51,,United Kingdom,2.51,Sale
554694,21912,VINTAGE SNAKES & LADDERS,1,2011-05-25 17:06:00,7.46,,United Kingdom,7.46,Sale
559338,22703,PINK CAT BOWL,2,2011-07-07 16:30:00,1.63,,United Kingdom,3.26,Sale
540176,21238,RED RETROSPOT CUP,96,2011-01-05 12:40:00,0.72,17511.0,United Kingdom,69.12,Sale
546652,85099B,JUMBO BAG RED RETROSPOT,1,2011-03-15 14:18:00,4.13,,United Kingdom,4.13,Sale
575317,22619,SET OF 6 SOLDIER SKITTLES,80,2011-11-09 13:12:00,3.39,17402.0,United Kingdom,271.2,Sale
552039,22431,WATERING CAN BLUE ELEPHANT,96,2011-05-06 08:10:00,1.65,13081.0,United Kingdom,158.39999999999998,Sale
562846,85049g,CHOCOLATE BOX RIBBONS ,1,2011-08-10 09:29:00,2.46,,United Kingdom,2.46,Sale
575932,23093,SMALL PARISIENNE HEART PHOTO FRAME ,2,2011-11-13 10:35:00,2.49,16923.0,United Kingdom,4.98,Sale
571656,22382,LUNCH BAG SPACEBOY DESIGN ,2,2011-10-18 12:43:00,1.65,16393.0,United Kingdom,3.3,Sale
555003,POST,POSTAGE,1,2011-05-31 09:36:00,15.0,12787.0,Netherlands,15.0,Sale
557324,23211,RED ROCKING HORSE HAND PAINTED,1,2011-06-20 09:41:00,2.5,,United Kingdom,2.5,Sale
545571,85123A,WHITE HANGING HEART T-LIGHT HOLDER,32,2011-03-03 16:34:00,2.55,17700.0,United Kingdom,81.6,Sale
556516,21218,RED SPOTTY BISCUIT TIN,1,2011-06-13 10:46:00,8.29,,United Kingdom,8.29,Sale
572969,21400,RED PUDDING SPOON,24,2011-10-27 10:46:00,0.12,13363.0,United Kingdom,2.88,Sale
561712,22795,SWEETHEART RECIPE BOOK STAND,1,2011-07-29 11:49:00,6.75,14499.0,United Kingdom,6.75,Sale
577782,22668,PINK BABY BUNTING,1,2011-11-21 16:17:00,2.95,16549.0,United Kingdom,2.95,Sale
556441,84970S,HANGING HEART ZINC T-LIGHT HOLDER,12,2011-06-10 15:07:00,0.85,14415.0,United Kingdom,10.2,Sale
546028,20685,DOORMAT RED RETROSPOT,2,2011-03-09 08:33:00,7.95,17049.0,United Kingdom,15.9,Sale
571931,21808,"CHRISTMAS GARLAND STARS,TREES",1,2011-10-19 16:59:00,3.29,,United Kingdom,3.29,Sale
557502,22371,AIRLINE BAG VINTAGE TOKYO 78,1,2011-06-20 15:32:00,8.29,,United Kingdom,8.29,Sale
578244,84077,WORLD WAR 2 GLIDERS ASSTD DESIGNS,48,2011-11-23 12:36:00,0.29,15727.0,United Kingdom,13.919999999999998,Sale
575706,22898,CHILDRENS APRON APPLES DESIGN,2,2011-11-10 17:13:00,1.95,14713.0,United Kingdom,3.9,Sale
563711,22771,CLEAR DRAWER KNOB ACRYLIC EDWARDIAN,12,2011-08-18 15:41:00,1.25,16928.0,United Kingdom,15.0,Sale
569768,21745,GAOLERS KEYS DECORATIVE GARDEN ,24,2011-10-06 11:27:00,3.39,13078.0,United Kingdom,81.36,Sale
543179,22268,EASTER DECORATION SITTING BUNNY,1,2011-02-04 10:31:00,0.85,12754.0,Japan,0.85,Sale
538849,22070,SMALL RED RETROSPOT MUG IN BOX ,3,2010-12-14 13:31:00,3.75,14415.0,United Kingdom,11.25,Sale
580301,23147,SINGLE ANTIQUE ROSE HOOK IVORY,12,2011-12-02 14:11:00,1.45,15271.0,United Kingdom,17.4,Sale
569528,22096,PINK PAISLEY SQUARE TISSUE BOX ,1,2011-10-04 14:53:00,0.39,16242.0,United Kingdom,0.39,Sale
547964,23077,DOUGHNUT LIP GLOSS ,1,2011-03-28 15:45:00,2.46,,United Kingdom,2.46,Sale
575485,21231,SWEETHEART CERAMIC TRINKET BOX,12,2011-11-09 17:03:00,1.25,18274.0,United Kingdom,15.0,Sale
577298,23043,PAPER LANTERN 9 POINT HOLLY STAR L,12,2011-11-18 12:49:00,6.25,14299.0,United Kingdom,75.0,Sale
568650,20749,ASSORTED COLOUR MINI CASES,2,2011-09-28 11:56:00,7.95,13505.0,Switzerland,15.9,Sale
568531,37468,HARDMAN MUG 3 ASSORTED,5,2011-09-27 13:49:00,0.39,16713.0,United Kingdom,1.95,Sale
538566,85124B,BLUE JUICY FRUIT PHOTO FRAME,1,2010-12-13 11:21:00,5.06,,United Kingdom,5.06,Sale
578822,23234,BISCUIT TIN VINTAGE CHRISTMAS,6,2011-11-25 14:00:00,2.89,13437.0,United Kingdom,17.34,Sale
579037,23552,BICYCLE PUNCTURE REPAIR KIT ,72,2011-11-28 10:23:00,1.79,13418.0,United Kingdom,128.88,Sale
541596,22264,FELT FARM ANIMAL WHITE BUNNY ,96,2011-01-19 16:19:00,0.19,17602.0,United Kingdom,18.24,Sale
567062,23302,KNEELING MAT HOUSEWORK  DESIGN,12,2011-09-16 11:48:00,1.65,16108.0,United Kingdom,19.8,Sale
541139,84991,60 TEATIME FAIRY CAKE CASES,24,2011-01-14 11:05:00,0.55,15213.0,United Kingdom,13.2,Sale
545602,22386,JUMBO BAG PINK POLKADOT,1,2011-03-04 11:49:00,1.95,17315.0,United Kingdom,1.95,Sale
537240,22781,GUMBALL MAGAZINE RACK,1,2010-12-06 10:08:00,15.28,,United Kingdom,15.28,Sale
548405,82581,TOILET METAL SIGN,12,2011-03-31 09:48:00,0.55,17088.0,United Kingdom,6.6000000000000005,Sale
557497,84510a,SET OF 4 ENGLISH ROSE COASTERS,2,2011-06-20 15:20:00,2.46,,United Kingdom,4.92,Sale
550159,22727,ALARM CLOCK BAKELIKE RED ,16,2011-04-14 15:46:00,3.75,14062.0,United Kingdom,60.0,Sale
573245,21232,STRAWBERRY CERAMIC TRINKET POT,1,2011-10-28 12:08:00,1.25,17841.0,United Kingdom,1.25,Sale
572330,22597,MUSICAL ZINC HEART DECORATION ,20,2011-10-24 10:17:00,0.29,16426.0,United Kingdom,5.8,Sale
539451,21313,GLASS HEART T-LIGHT HOLDER ,2,2010-12-17 16:59:00,1.66,,United Kingdom,3.32,Sale
564743,23002,TRAVEL CARD WALLET SKULLS,1,2011-08-28 15:17:00,0.42,14606.0,United Kingdom,0.42,Sale
569897,84509A,SET OF 4 ENGLISH ROSE PLACEMATS,1,2011-10-06 16:01:00,3.75,17813.0,United Kingdom,3.75,Sale
537262,22669,RED BABY BUNTING ,2,2010-12-06 11:26:00,2.95,15039.0,United Kingdom,5.9,Sale
565801,22423,REGENCY CAKESTAND 3 TIER,2,2011-09-07 10:28:00,12.75,12685.0,France,25.5,Sale
551731,21915,RED  HARMONICA IN BOX ,12,2011-05-04 09:57:00,1.25,14307.0,United Kingdom,15.0,Sale
540647,22766,PHOTO FRAME CORNICE,4,2011-01-10 14:57:00,2.95,17406.0,United Kingdom,11.8,Sale
572279,22694,WICKER STAR ,5,2011-10-23 10:56:00,2.1,16066.0,United Kingdom,10.5,Sale
574827,22651,GENTLEMAN SHIRT REPAIR KIT ,12,2011-11-07 11:09:00,0.85,14080.0,United Kingdom,10.2,Sale
568919,22557,PLASTERS IN TIN VINTAGE PAISLEY ,2,2011-09-29 14:38:00,1.65,12937.0,United Kingdom,3.3,Sale
580612,21981,PACK OF 12 WOODLAND TISSUES ,1,2011-12-05 11:58:00,0.79,,United Kingdom,0.79,Sale
575875,21744,SNOWFLAKE PORTABLE TABLE LIGHT ,5,2011-11-11 13:06:00,2.46,,United Kingdom,12.3,Sale
551147,21535,RED RETROSPOT SMALL MILK JUG,6,2011-04-26 14:07:00,2.55,14210.0,United Kingdom,15.3,Sale
541265,22243,5 HOOK HANGER RED MAGIC TOADSTOOL,1,2011-01-16 16:23:00,1.65,17609.0,United Kingdom,1.65,Sale
557886,22439,6 ROCKET BALLOONS ,5,2011-06-23 13:39:00,0.65,17799.0,United Kingdom,3.25,Sale
578757,84378,SET OF 3 HEART COOKIE CUTTERS,1,2011-11-25 11:41:00,1.45,12748.0,United Kingdom,1.45,Sale
547098,22853,CAT BOWL VINTAGE CREAM,6,2011-03-21 10:13:00,3.25,16384.0,United Kingdom,19.5,Sale
542649,84596F,SMALL MARSHMALLOWS PINK BOWL,8,2011-01-31 11:46:00,1.25,17373.0,United Kingdom,10.0,Sale
544596,22139,RETROSPOT TEA SET CERAMIC 11 PC ,2,2011-02-21 17:35:00,4.95,16441.0,United Kingdom,9.9,Sale
540350,21870,I CAN ONLY PLEASE ONE PERSON MUG,1,2011-01-06 14:14:00,1.25,18283.0,United Kingdom,1.25,Sale
553224,23209,LUNCH BAG DOILEY PATTERN ,4,2011-05-16 10:40:00,1.65,17228.0,United Kingdom,6.6,Sale
579173,22585,PACK OF 6 BIRDY GIFT TAGS,1,2011-11-28 14:37:00,1.25,17359.0,United Kingdom,1.25,Sale
548916,22917,HERB MARKER ROSEMARY,12,2011-04-05 10:07:00,0.65,14849.0,United Kingdom,7.800000000000001,Sale
544115,22437,SET OF 9 BLACK SKULL BALLOONS,20,2011-02-16 11:45:00,0.85,12727.0,France,17.0,Sale
552285,21121,SET/10 RED POLKADOT PARTY CANDLES,1,2011-05-08 12:58:00,1.25,14684.0,United Kingdom,1.25,Sale
580669,23287,RED VINTAGE SPOT BEAKER,8,2011-12-05 14:25:00,0.85,15159.0,United Kingdom,6.8,Sale
575138,22077,6 RIBBONS RUSTIC CHARM,1,2011-11-08 15:24:00,4.13,,United Kingdom,4.13,Sale
571931,22750,FELTCRAFT PRINCESS LOLA DOLL,1,2011-10-19 16:59:00,7.46,,United Kingdom,7.46,Sale
567656,22961,JAM MAKING SET PRINTED,5,2011-09-21 14:40:00,3.29,14096.0,United Kingdom,16.45,Sale
545217,22487,WHITE WOOD GARDEN PLANT LADDER,1,2011-02-28 16:59:00,19.96,,United Kingdom,19.96,Sale
560773,21197,MULTICOLOUR  CONFETTI IN TUBE,1,2011-07-20 16:17:00,0.83,,United Kingdom,0.83,Sale
578702,20723,STRAWBERRY CHARLOTTE BAG,10,2011-11-25 10:58:00,0.85,15382.0,United Kingdom,8.5,Sale
562427,84984A,GREEN PEONY CUSHION COVER,2,2011-08-04 17:19:00,4.65,17267.0,United Kingdom,9.3,Sale
546883,22520,CHILDS GARDEN TROWEL BLUE ,12,2011-03-17 18:03:00,0.85,13707.0,United Kingdom,10.2,Sale
564820,22300,COFFEE MUG DOG + BALL DESIGN,2,2011-08-30 12:16:00,4.96,,United Kingdom,9.92,Sale
568510,22150,3 STRIPEY MICE FELTCRAFT,20,2011-09-27 12:26:00,1.95,13555.0,United Kingdom,39.0,Sale
575627,20832,RED FLOCK LOVE HEART PHOTO FRAME,24,2011-11-10 13:28:00,0.39,17977.0,United Kingdom,9.36,Sale
577231,23394,POSTE FRANCE CUSHION COVER,2,2011-11-18 12:08:00,3.75,,United Kingdom,7.5,Sale
544089,22165,"DIAMANTE HEART SHAPED WALL MIRROR, ",1,2011-02-15 17:51:00,10.79,,United Kingdom,10.79,Sale
557747,21900,"KEY FOB , SHED",24,2011-06-22 12:25:00,0.65,13611.0,United Kingdom,15.6,Sale
537638,21850,BLUE  DIAMANTE PEN IN GIFT BOX,3,2010-12-07 15:28:00,4.21,,United Kingdom,12.63,Sale
551137,22645,CERAMIC HEART FAIRY CAKE MONEY BANK,1,2011-04-26 13:05:00,1.45,15581.0,United Kingdom,1.45,Sale
577613,21983,PACK OF 12 BLUE PAISLEY TISSUES ,24,2011-11-21 10:02:00,0.39,14911.0,EIRE,9.36,Sale
540238,82613D,METAL SIGN CUPCAKE SINGLE HOOK,1,2011-01-05 14:44:00,0.85,,United Kingdom,0.85,Sale
568953,84086C,PINK/PURPLE RETRO RADIO,6,2011-09-29 15:31:00,2.95,12728.0,France,17.700000000000003,Sale
552560,21749,LARGE RED RETROSPOT WINDMILL,6,2011-05-10 11:48:00,2.1,17581.0,United Kingdom,12.6,Sale
572703,21818,GLITTER HEART DECORATION,13,2011-10-25 14:35:00,0.39,16110.0,United Kingdom,5.07,Sale
567673,23112,PARISIENNE CURIO CABINET,1,2011-09-21 15:43:00,14.96,,United Kingdom,14.96,Sale
547964,84596J,MIXED NUTS LIGHT GREEN BOWL,1,2011-03-28 15:45:00,0.83,,United Kingdom,0.83,Sale
543275,47590A,BLUE HAPPY BIRTHDAY BUNTING,5,2011-02-06 12:49:00,5.45,13584.0,United Kingdom,27.25,Sale
563558,23343,JUMBO BAG VINTAGE CHRISTMAS ,10,2011-08-17 13:40:00,2.08,14156.0,EIRE,20.8,Sale
546317,22030,SWALLOWS GREETING CARD,12,2011-03-11 09:07:00,0.42,14913.0,United Kingdom,5.04,Sale
568181,22508,DOORSTOP RETROSPOT HEART,4,2011-09-25 13:42:00,3.75,17154.0,United Kingdom,15.0,Sale
569239,23173,REGENCY TEAPOT ROSES ,4,2011-10-03 08:30:00,9.95,14644.0,United Kingdom,39.8,Sale
562371,21497,FANCY FONTS BIRTHDAY WRAP,25,2011-08-04 14:30:00,0.42,13709.0,United Kingdom,10.5,Sale
580754,23206,LUNCH BAG APPLE DESIGN,9,2011-12-06 10:05:00,4.96,,United Kingdom,44.64,Sale
540098,20974,12 PENCILS SMALL TUBE SKULL,1,2011-01-04 15:50:00,0.65,16241.0,United Kingdom,0.65,Sale
578844,23284,DOORMAT KEEP CALM AND COME IN,1,2011-11-25 16:14:00,15.79,,United Kingdom,15.79,Sale
553542,84755,COLOUR GLASS T-LIGHT HOLDER HANGING,4,2011-05-17 15:34:00,1.24,,United Kingdom,4.96,Sale
560041,22624,IVORY KITCHEN SCALES,2,2011-07-14 14:46:00,8.5,14156.0,EIRE,17.0,Sale
564754,20903,VINTAGE KEEPSAKE BOX TRAVELOGUE,1,2011-08-30 10:29:00,4.13,,United Kingdom,4.13,Sale
542026,22192,BLUE DINER WALL CLOCK,2,2011-01-25 11:41:00,8.5,15110.0,United Kingdom,17.0,Sale
572277,22633,HAND WARMER UNION JACK,2,2011-10-23 10:38:00,2.1,16768.0,United Kingdom,4.2,Sale
543541,22645,CERAMIC HEART FAIRY CAKE MONEY BANK,12,2011-02-09 14:44:00,1.45,12462.0,Spain,17.4,Sale
575903,21175,GIN + TONIC DIET METAL SIGN,12,2011-11-11 15:24:00,2.55,13557.0,United Kingdom,30.6,Sale
569672,22421,LIPSTICK PEN FUSCHIA,2,2011-10-05 13:58:00,0.42,17841.0,United Kingdom,0.84,Sale
568198,51014A,"FEATHER PEN,HOT PINK",10,2011-09-25 14:52:00,0.39,16771.0,United Kingdom,3.9,Sale
563748,23289,DOLLY GIRL CHILDRENS BOWL,8,2011-08-19 10:06:00,1.25,16170.0,United Kingdom,10.0,Sale
565150,84375,SET OF 20 KIDS COOKIE CUTTERS,12,2011-09-01 14:26:00,1.85,14298.0,United Kingdom,22.200000000000003,Sale
577768,23167,SMALL CERAMIC TOP STORAGE JAR ,3,2011-11-21 15:18:00,1.63,,United Kingdom,4.89,Sale
545999,15044C,PURPLE PAPER PARASOL,6,2011-03-08 14:44:00,2.95,13089.0,United Kingdom,17.700000000000003,Sale
573585,22384,LUNCH BAG PINK POLKADOT,3,2011-10-31 14:41:00,4.13,,United Kingdom,12.39,Sale
548358,70006,LOVE HEART POCKET WARMER,12,2011-03-30 15:29:00,1.65,15832.0,United Kingdom,19.8,Sale
546855,22628,PICNIC BOXES SET OF 3 RETROSPOT ,1,2011-03-17 13:58:00,4.95,18168.0,United Kingdom,4.95,Sale
581237,23503,PLAYING CARDS KEEP CALM & CARRY ON,4,2011-12-08 10:40:00,1.25,15443.0,United Kingdom,5.0,Sale
573155,85014B,RED RETROSPOT UMBRELLA,3,2011-10-28 08:34:00,5.95,13632.0,United Kingdom,17.85,Sale
579943,23165,LARGE CERAMIC TOP STORAGE JAR,12,2011-12-01 10:38:00,1.65,13040.0,United Kingdom,19.8,Sale
572567,84997D,CHILDRENS CUTLERY POLKADOT PINK,4,2011-10-25 10:27:00,4.15,12398.0,Switzerland,16.6,Sale
567901,21207,SKULL AND CROSSBONES  GARLAND ,1,2011-09-22 16:28:00,1.63,,United Kingdom,1.63,Sale
545333,22659,LUNCH BOX I LOVE LONDON,1,2011-03-01 16:22:00,4.13,,United Kingdom,4.13,Sale
567459,23074,EMBOSSED HEART TRINKET BOX,6,2011-09-20 12:21:00,2.08,14221.0,United Kingdom,12.48,Sale
541830,21851,LILAC DIAMANTE PEN IN GIFT BOX,1,2011-01-21 17:09:00,1.63,,United Kingdom,1.63,Sale
571190,21807,WHITE CHRISTMAS STAR DECORATION,1,2011-10-14 11:43:00,0.42,17771.0,United Kingdom,0.42,Sale
567795,22631,CIRCUS PARADE LUNCH BOX ,12,2011-09-22 11:44:00,1.95,14646.0,Netherlands,23.4,Sale
561808,20711,JUMBO BAG TOYS ,10,2011-07-29 15:11:00,2.08,13534.0,United Kingdom,20.8,Sale
547510,20914,SET/5 RED RETROSPOT LID GLASS BOWLS,6,2011-03-23 13:42:00,2.95,15245.0,United Kingdom,17.700000000000003,Sale
551173,21407,BROWN CHECK CAT DOORSTOP ,1,2011-04-26 16:54:00,8.29,,United Kingdom,8.29,Sale
539298,35809A,ENAMEL PINK TEA CONTAINER,6,2010-12-16 17:29:00,2.1,14180.0,United Kingdom,12.6,Sale
560590,23288,GREEN VINTAGE SPOT BEAKER,8,2011-07-19 15:55:00,0.85,12560.0,Germany,6.8,Sale
550496,22819,"BIRTHDAY CARD, RETRO SPOT",1,2011-04-18 15:05:00,0.83,,United Kingdom,0.83,Sale
541854,85099F,JUMBO BAG STRAWBERRY,1,2011-01-23 14:58:00,1.95,18283.0,United Kingdom,1.95,Sale
577751,82494L,WOODEN FRAME ANTIQUE WHITE ,2,2011-11-21 14:34:00,2.95,12904.0,United Kingdom,5.9,Sale
571270,21616,4 PEAR BOTANICAL DINNER CANDLES,2,2011-10-16 12:09:00,1.25,12940.0,United Kingdom,2.5,Sale
579196,20996,JAZZ HEARTS ADDRESS BOOK,1,2011-11-28 15:54:00,0.83,14096.0,United Kingdom,0.83,Sale
567667,23407,SET OF 2 TRAYS HOME SWEET HOME,1,2011-09-21 15:24:00,16.63,,United Kingdom,16.63,Sale
540480,21577,SAVE THE PLANET COTTON TOTE BAG,12,2011-01-07 15:27:00,2.25,12480.0,Germany,27.0,Sale
544663,22148,EASTER CRAFT 4 CHICKS ,12,2011-02-22 14:43:00,1.95,18188.0,United Kingdom,23.4,Sale
562604,22748,POPPY'S PLAYHOUSE KITCHEN,6,2011-08-08 10:51:00,2.1,17611.0,United Kingdom,12.6,Sale
571265,22489,PACK OF 12 TRADITIONAL CRAYONS,3,2011-10-16 11:31:00,0.42,16674.0,United Kingdom,1.26,Sale
565465,84879,ASSORTED COLOUR BIRD ORNAMENT,24,2011-09-05 09:46:00,1.69,15364.0,United Kingdom,40.56,Sale
544684,22794,SWEETHEART WIRE MAGAZINE RACK,1,2011-02-22 16:32:00,15.79,,United Kingdom,15.79,Sale
555198,22430,ENAMEL WATERING CAN CREAM,2,2011-06-01 11:52:00,4.95,15916.0,United Kingdom,9.9,Sale
539745,37340,MULTICOLOUR SPRING FLOWER MUG,2,2010-12-21 15:21:00,8.47,,United Kingdom,16.94,Sale
538637,22731,3D CHRISTMAS STAMPS STICKERS ,3,2010-12-13 13:52:00,1.25,17611.0,United Kingdom,3.75,Sale
559807,84849D,HOT BATHS SOAP HOLDER,4,2011-07-12 14:48:00,1.69,17841.0,United Kingdom,6.76,Sale
560772,22698,PINK REGENCY TEACUP AND SAUCER,2,2011-07-20 16:12:00,5.79,,United Kingdom,11.58,Sale
543653,22423,REGENCY CAKESTAND 3 TIER,1,2011-02-11 10:26:00,12.75,14796.0,United Kingdom,12.75,Sale
539451,22898,CHILDRENS APRON APPLES DESIGN,1,2010-12-17 16:59:00,4.21,,United Kingdom,4.21,Sale
550000,22682,FRENCH BLUE METAL DOOR SIGN 7,10,2011-04-14 09:18:00,1.25,17058.0,United Kingdom,12.5,Sale
579940,22086,PAPER CHAIN KIT 50'S CHRISTMAS ,6,2011-12-01 10:20:00,2.95,16938.0,United Kingdom,17.700000000000003,Sale
560444,22960,JAM MAKING SET WITH JARS,1,2011-07-18 17:15:00,4.25,13764.0,United Kingdom,4.25,Sale
559052,20992,JAZZ HEARTS PURSE NOTEBOOK,6,2011-07-05 16:53:00,0.83,,United Kingdom,4.98,Sale
560590,22303,COFFEE MUG APPLES DESIGN,6,2011-07-19 15:55:00,2.55,12560.0,Germany,15.3,Sale
570488,90166,PINK & WHITE ROSEBUD RING,1,2011-10-10 17:12:00,4.15,14096.0,United Kingdom,4.15,Sale
556905,23201,JUMBO BAG ALPHABET,1,2011-06-15 13:05:00,2.08,16904.0,United Kingdom,2.08,Sale
576181,23320,GIANT 50'S CHRISTMAS CRACKER,5,2011-11-14 11:19:00,2.89,15572.0,United Kingdom,14.45,Sale
569544,82578,KITCHEN METAL SIGN,1,2011-10-04 16:33:00,1.25,,United Kingdom,1.25,Sale
563076,20972,PINK CREAM FELT CRAFT TRINKET BOX ,144,2011-08-11 16:12:00,1.06,14646.0,Netherlands,152.64,Sale
539416,22360,GLASS JAR ENGLISH CONFECTIONERY,3,2010-12-17 13:56:00,2.95,17888.0,United Kingdom,8.850000000000001,Sale
569216,22187,GREEN CHRISTMAS TREE CARD HOLDER,2,2011-10-02 12:41:00,1.95,15555.0,United Kingdom,3.9,Sale
571904,22325,MOBILE VINTAGE HEARTS ,3,2011-10-19 14:41:00,4.95,12522.0,Germany,14.85,Sale
571409,23408,PHOTO FRAME LINEN AND LACE SMALL,6,2011-10-17 12:25:00,2.08,14911.0,EIRE,12.48,Sale
572552,22701,PINK DOG BOWL,1,2011-10-24 17:07:00,2.46,14096.0,United Kingdom,2.46,Sale
551392,22138,BAKING SET 9 PIECE RETROSPOT ,3,2011-04-28 12:07:00,4.95,13229.0,United Kingdom,14.85,Sale
579506,22138,BAKING SET 9 PIECE RETROSPOT ,3,2011-11-29 16:31:00,4.95,15089.0,United Kingdom,14.85,Sale
571082,21992,VINTAGE PAISLEY STATIONERY SET,1,2011-10-13 15:25:00,2.46,,United Kingdom,2.46,Sale
565971,85099C,JUMBO  BAG BAROQUE BLACK WHITE,2,2011-09-08 11:27:00,2.08,13571.0,United Kingdom,4.16,Sale
541859,21042,RED RETROSPOT APRON ,1,2011-01-23 15:34:00,5.95,14606.0,United Kingdom,5.95,Sale
569127,84029E,RED WOOLLY HOTTIE WHITE HEART.,24,2011-09-30 13:31:00,3.75,15903.0,United Kingdom,90.0,Sale
540267,20675,BLUE POLKADOT BOWL,72,2011-01-06 11:12:00,1.06,12415.0,Australia,76.32000000000001,Sale
572540,21928,JUMBO BAG SCANDINAVIAN BLUE PAISLEY,6,2011-10-24 16:17:00,4.13,,United Kingdom,24.78,Sale
577051,23318,BOX OF 6 MINI VINTAGE CRACKERS,3,2011-11-17 14:02:00,2.49,14034.0,United Kingdom,7.470000000000001,Sale
581104,23077,DOUGHNUT LIP GLOSS ,20,2011-12-07 12:11:00,1.25,13668.0,United Kingdom,25.0,Sale
540704,82483,WOOD 2 DRAWER CABINET WHITE FINISH,4,2011-01-11 10:04:00,5.95,17742.0,United Kingdom,23.8,Sale
552053,20727,LUNCH BAG  BLACK SKULL.,20,2011-05-06 10:16:00,1.65,16153.0,United Kingdom,33.0,Sale
578231,84997D,CHILDRENS CUTLERY POLKADOT PINK,2,2011-11-23 12:05:00,4.15,14527.0,United Kingdom,8.3,Sale
548214,22285,HANGING HEN ON NEST DECORATION,12,2011-03-30 09:17:00,1.65,13720.0,United Kingdom,19.8,Sale
561795,21240,BLUE POLKADOT CUP,8,2011-07-29 13:28:00,0.85,12716.0,France,6.8,Sale
538149,DOT,DOTCOM POSTAGE,1,2010-12-09 16:27:00,620.68,,United Kingdom,620.68,Sale
557217,22961,JAM MAKING SET PRINTED,12,2011-06-17 12:30:00,1.45,17426.0,United Kingdom,17.4,Sale
545148,22294,HEART FILIGREE DOVE  SMALL,24,2011-02-28 12:14:00,1.25,13675.0,United Kingdom,30.0,Sale
554075,21789,KIDS RAIN MAC PINK,24,2011-05-22 11:29:00,0.85,16038.0,United Kingdom,20.4,Sale
576933,20975,12 PENCILS SMALL TUBE RED RETROSPOT,2,2011-11-17 11:29:00,0.65,15529.0,United Kingdom,1.3,Sale
566901,22561,WOODEN SCHOOL COLOURING SET,12,2011-09-15 13:54:00,1.65,17434.0,United Kingdom,19.8,Sale
569653,22556,PLASTERS IN TIN CIRCUS PARADE ,24,2011-10-05 12:52:00,1.65,12451.0,Switzerland,39.6,Sale
569372,82482,WOODEN PICTURE FRAME WHITE FINISH,4,2011-10-03 16:04:00,5.79,,United Kingdom,23.16,Sale
542836,21558,SKULL LUNCH BOX WITH CUTLERY ,3,2011-02-01 11:31:00,2.55,16745.0,United Kingdom,7.649999999999999,Sale
567625,23412,HEART MIRROR ANTIQUE WHITE,2,2011-09-21 12:55:00,7.5,13627.0,United Kingdom,15.0,Sale
576300,23202,JUMBO BAG VINTAGE LEAF,2,2011-11-14 14:39:00,2.08,15058.0,United Kingdom,4.16,Sale
561113,22384,LUNCH BAG PINK POLKADOT,15,2011-07-25 12:09:00,1.65,17841.0,United Kingdom,24.75,Sale
579754,22895,SET OF 2 TEA TOWELS APPLE AND PEARS,2,2011-11-30 14:52:00,3.25,17911.0,United Kingdom,6.5,Sale
544186,21457,2 PICTURE BOOK EGGS EASTER DUCKS,1,2011-02-16 15:56:00,2.46,,United Kingdom,2.46,Sale
541423,22616,PACK OF 12 LONDON TISSUES ,5,2011-01-17 17:54:00,0.83,,United Kingdom,4.15,Sale
573274,22835,HOT WATER BOTTLE I AM SO POORLY,1,2011-10-28 13:10:00,12.46,,United Kingdom,12.46,Sale
560928,21936,RED RETROSPOT PICNIC BAG,5,2011-07-22 10:00:00,2.95,14852.0,United Kingdom,14.75,Sale
575932,23357,HOT WATER BOTTLE SEX BOMB,2,2011-11-13 10:35:00,4.95,16923.0,United Kingdom,9.9,Sale
547248,20754,RETROSPOT RED WASHING UP GLOVES,1,2011-03-22 09:23:00,4.13,,United Kingdom,4.13,Sale
563432,23147,SINGLE ANTIQUE ROSE HOOK IVORY,4,2011-08-16 12:12:00,1.45,16713.0,United Kingdom,5.8,Sale
547374,22554,PLASTERS IN TIN WOODLAND ANIMALS,1,2011-03-22 13:54:00,1.65,16110.0,United Kingdom,1.65,Sale
566985,84997a,CHILDRENS CUTLERY POLKADOT GREEN ,2,2011-09-16 10:42:00,8.29,,United Kingdom,16.58,Sale
566057,21213,PACK OF 72 SKULL CAKE CASES,3,2011-09-08 15:16:00,0.55,17997.0,United Kingdom,1.65,Sale
558389,23285,PINK VINTAGE SPOT BEAKER,8,2011-06-29 10:18:00,0.85,14383.0,United Kingdom,6.8,Sale
543921,85173,SET/6 FROG PRINCE T-LIGHT CANDLES,6,2011-02-14 14:13:00,2.55,13911.0,United Kingdom,15.3,Sale
576329,21158,MOODY GIRL DOOR HANGER ,1,2011-11-14 15:22:00,3.29,,United Kingdom,3.29,Sale
570797,20712,JUMBO BAG WOODLAND ANIMALS,100,2011-10-12 12:24:00,1.79,15311.0,United Kingdom,179.0,Sale
538207,21499,BLUE POLKADOT WRAP,25,2010-12-10 11:33:00,0.42,12748.0,United Kingdom,10.5,Sale
562553,21986,PACK OF 12 PINK POLKADOT TISSUES,30,2011-08-05 16:34:00,0.83,,United Kingdom,24.9,Sale
564837,22807,SET OF 6 T-LIGHTS TOADSTOOLS,1,2011-08-30 12:40:00,5.79,,United Kingdom,5.79,Sale
576365,23188,VINTAGE  2 METRE FOLDING RULER,120,2011-11-14 17:55:00,3.95,,United Kingdom,474.0,Sale
576329,22420,LIPSTICK PEN BABY PINK,1,2011-11-14 15:22:00,0.83,,United Kingdom,0.83,Sale
571931,21744,SNOWFLAKE PORTABLE TABLE LIGHT ,5,2011-10-19 16:59:00,2.46,,United Kingdom,12.3,Sale
574839,21471,STRAWBERRY RAFFIA FOOD COVER,1,2011-11-07 11:40:00,3.75,15493.0,United Kingdom,3.75,Sale
572333,23313,VINTAGE CHRISTMAS BUNTING,5,2011-10-24 10:23:00,4.95,13704.0,United Kingdom,24.75,Sale
567426,22730,ALARM CLOCK BAKELIKE IVORY,4,2011-09-20 11:33:00,3.75,13767.0,United Kingdom,15.0,Sale
569943,23506,MINI PLAYING CARDS SPACEBOY ,1,2011-10-06 18:08:00,0.42,14592.0,United Kingdom,0.42,Sale
550459,22930,BAKING MOULD HEART MILK CHOCOLATE,1,2011-04-18 13:17:00,2.55,18116.0,United Kingdom,2.55,Sale
554106,22334,DINOSAUR PARTY BAG + STICKER SET,8,2011-05-22 14:05:00,1.65,12710.0,Germany,13.2,Sale
567901,21507,ELEPHANT BIRTHDAY CARD ,1,2011-09-22 16:28:00,0.83,,United Kingdom,0.83,Sale
566849,22189,CREAM HEART CARD HOLDER,4,2011-09-15 12:03:00,3.95,16341.0,United Kingdom,15.8,Sale
563060,37340,MULTICOLOUR SPRING FLOWER MUG,144,2011-08-11 15:24:00,0.39,17653.0,United Kingdom,56.16,Sale
556365,20728,LUNCH BAG CARS BLUE,10,2011-06-10 11:44:00,1.65,16370.0,United Kingdom,16.5,Sale
550955,21878,PACK OF 6 SANDCASTLE FLAGS ASSORTED,12,2011-04-21 16:26:00,0.85,14189.0,United Kingdom,10.2,Sale
555855,84997B,CHILDRENS CUTLERY RETROSPOT RED ,2,2011-06-07 13:56:00,4.15,15311.0,United Kingdom,8.3,Sale
580695,22755,SMALL PURPLE BABUSHKA NOTEBOOK ,2,2011-12-05 16:03:00,0.21,13230.0,United Kingdom,0.42,Sale
555829,23192,BUNDLE OF 3 ALPHABET EXERCISE BOOKS,12,2011-06-07 12:18:00,1.65,13330.0,United Kingdom,19.8,Sale
568895,20724,RED RETROSPOT CHARLOTTE BAG,5,2011-09-29 13:11:00,0.85,15356.0,United Kingdom,4.25,Sale
571745,23152,IVORY SWEETHEART WIRE LETTER RACK ,12,2011-10-19 10:48:00,3.75,14911.0,EIRE,45.0,Sale
561507,22646,CERAMIC STRAWBERRY CAKE MONEY BANK,12,2011-07-27 14:21:00,1.45,12397.0,Belgium,17.4,Sale
554157,23207,LUNCH BAG ALPHABET DESIGN,1,2011-05-23 11:33:00,1.65,18283.0,United Kingdom,1.65,Sale
560926,84912A,PINK ROSE WASHBAG,1,2011-07-22 09:20:00,3.29,,United Kingdom,3.29,Sale
575886,21212,PACK OF 72 RETROSPOT CAKE CASES,12,2011-11-11 13:57:00,0.55,12517.0,Germany,6.6000000000000005,Sale
557213,23268,SET OF 2 CERAMIC CHRISTMAS REINDEER,2,2011-06-17 12:16:00,1.45,15021.0,United Kingdom,2.9,Sale
579297,22669,RED BABY BUNTING ,1,2011-11-29 11:23:00,5.79,,United Kingdom,5.79,Sale
554823,22548,HEADS AND TAILS SPORTING FUN,24,2011-05-26 14:20:00,1.25,16624.0,United Kingdom,30.0,Sale
566262,23082,SET 6 PAPER TABLE LANTERN HEARTS ,12,2011-09-11 12:56:00,3.75,15527.0,United Kingdom,45.0,Sale
551440,21931,JUMBO STORAGE BAG SUKI,3,2011-04-28 15:29:00,2.08,15311.0,United Kingdom,6.24,Sale
544062,35637A,IVORY STRING CURTAIN WITH POLE ,2,2011-02-15 13:19:00,5.95,15311.0,United Kingdom,11.9,Sale
560434,21789,KIDS RAIN MAC PINK,3,2011-07-18 15:56:00,0.79,,United Kingdom,2.37,Sale
562417,15044C,PURPLE PAPER PARASOL,2,2011-08-04 16:32:00,5.79,,United Kingdom,11.58,Sale
577228,23513,EMBROIDERED RIBBON REEL SUSIE ,1,2011-11-18 12:07:00,2.08,12391.0,Cyprus,2.08,Sale
568229,23512,EMBROIDERED RIBBON REEL ROSIE,6,2011-09-26 11:04:00,2.08,15358.0,United Kingdom,12.48,Sale
554371,21025,SPACE FROG,10,2011-05-24 10:42:00,1.25,17659.0,United Kingdom,12.5,Sale
575337,47503A,ASS FLORAL PRINT MULTI SCREWDRIVER,12,2011-11-09 14:11:00,0.42,17867.0,United Kingdom,5.04,Sale
546774,21191,LARGE WHITE HONEYCOMB PAPER BELL  ,1,2011-03-16 15:45:00,2.1,14505.0,United Kingdom,2.1,Sale
549425,21069,VINTAGE BILLBOARD TEA MUG,6,2011-04-08 11:54:00,1.25,14030.0,United Kingdom,7.5,Sale
539094,21484,CHICK GREY HOT WATER BOTTLE,4,2010-12-16 10:12:00,3.45,13021.0,United Kingdom,13.8,Sale
569414,21239,PINK  POLKADOT CUP,8,2011-10-04 10:11:00,1.63,,United Kingdom,13.04,Sale
557257,22077,6 RIBBONS RUSTIC CHARM,12,2011-06-19 10:34:00,1.65,14051.0,United Kingdom,19.8,Sale
550131,22171,3 HOOK PHOTO SHELF ANTIQUE WHITE,2,2011-04-14 13:27:00,8.5,15935.0,United Kingdom,17.0,Sale
545054,71270,PHOTO CLIP LINE,2,2011-02-27 12:41:00,1.25,14472.0,United Kingdom,2.5,Sale
575923,23583,LUNCH BAG PAISLEY PARK  ,10,2011-11-11 17:11:00,1.65,17069.0,United Kingdom,16.5,Sale
539654,22728,ALARM CLOCK BAKELIKE PINK,8,2010-12-20 17:05:00,3.75,17340.0,United Kingdom,30.0,Sale
580727,22139,RETROSPOT TEA SET CERAMIC 11 PC ,6,2011-12-05 17:17:00,10.79,14096.0,United Kingdom,64.74,Sale
558265,85099F,JUMBO BAG STRAWBERRY,10,2011-06-28 10:06:00,2.08,12747.0,United Kingdom,20.8,Sale
567578,POST,POSTAGE,2,2011-09-21 10:47:00,18.0,12701.0,Germany,36.0,Sale
545719,22918,HERB MARKER PARSLEY,12,2011-03-07 10:28:00,0.65,13344.0,United Kingdom,7.800000000000001,Sale
541423,22735,RIBBON REEL SOCKS AND MITTENS,2,2011-01-17 17:54:00,3.29,,United Kingdom,6.58,Sale
560292,21061,PARTY INVITES FOOTBALL,2,2011-07-18 10:19:00,1.63,,United Kingdom,3.26,Sale
546742,22084,PAPER CHAIN KIT EMPIRE,4,2011-03-16 12:26:00,2.95,12849.0,United Kingdom,11.8,Sale
538903,21115,ROSE CARAVAN DOORSTOP,2,2010-12-15 10:17:00,6.75,13496.0,United Kingdom,13.5,Sale
548522,22366,DOORMAT AIRMAIL ,1,2011-03-31 16:43:00,15.79,,United Kingdom,15.79,Sale
560996,22507,MEMO BOARD RETROSPOT  DESIGN,1,2011-07-22 13:53:00,4.95,17625.0,United Kingdom,4.95,Sale
538708,21619,4 VANILLA BOTANICAL CANDLES,12,2010-12-14 10:43:00,1.25,16202.0,United Kingdom,15.0,Sale
537794,22962,JAM JAR WITH PINK LID,2,2010-12-08 13:01:00,0.85,16713.0,United Kingdom,1.7,Sale
577545,22726,ALARM CLOCK BAKELIKE GREEN,2,2011-11-20 14:43:00,3.75,16931.0,United Kingdom,7.5,Sale
569026,23202,JUMBO BAG VINTAGE LEAF,10,2011-09-30 10:18:00,2.08,16101.0,United Kingdom,20.8,Sale
574056,21249,WOODLAND  HEIGHT CHART STICKERS ,30,2011-11-02 14:09:00,2.55,14646.0,Netherlands,76.5,Sale
574950,84375,SET OF 20 KIDS COOKIE CUTTERS,1,2011-11-08 09:29:00,4.13,,United Kingdom,4.13,Sale
560500,23014,GLASS APOTHECARY BOTTLE ELIXIR,2,2011-07-19 11:08:00,3.95,17975.0,United Kingdom,7.9,Sale
544795,22048,BIRTHDAY BANQUET GIFT WRAP,25,2011-02-23 13:21:00,0.42,15858.0,United Kingdom,10.5,Sale
557492,85213,MINI  ZINC GARDEN DECORATIONS ,24,2011-06-20 15:08:00,0.29,13717.0,United Kingdom,6.959999999999999,Sale
570754,23513,EMBROIDERED RIBBON REEL SUSIE ,6,2011-10-12 11:40:00,2.08,12633.0,Germany,12.48,Sale
566282,23131,MISTLETOE HEART WREATH CREAM,24,2011-09-11 14:29:00,4.15,15782.0,United Kingdom,99.6,Sale
562950,71459,HANGING JAM JAR T-LIGHT HOLDER,12,2011-08-11 09:56:00,0.85,15608.0,United Kingdom,10.2,Sale
558758,21394,RED POLKADOT BEAKER ,1,2011-07-03 12:27:00,0.39,17939.0,United Kingdom,0.39,Sale
561098,23298,SPOTTY BUNTING,4,2011-07-25 10:56:00,4.95,14194.0,United Kingdom,19.8,Sale
549713,22989,SET 2 PANTRY DESIGN TEA TOWELS,3,2011-04-11 14:11:00,3.25,17611.0,United Kingdom,9.75,Sale
570252,22865,HAND WARMER OWL DESIGN,12,2011-10-10 09:14:00,2.1,14665.0,United Kingdom,25.200000000000003,Sale
554512,85123A,WHITE HANGING HEART T-LIGHT HOLDER,1,2011-05-24 15:54:00,5.79,,United Kingdom,5.79,Sale
576629,20712,JUMBO BAG WOODLAND ANIMALS,10,2011-11-16 08:37:00,2.08,12621.0,Germany,20.8,Sale
574550,21126,SET OF 6 GIRLS CELEBRATION CANDLES,4,2011-11-04 15:18:00,1.25,12484.0,Spain,5.0,Sale
540848,22250,DECORATION  BUTTERFLY  MAGIC GARDEN,7,2011-01-12 09:26:00,0.81,,United Kingdom,5.67,Sale
565324,23234,BISCUIT TIN VINTAGE CHRISTMAS,2,2011-09-02 13:18:00,2.89,13232.0,United Kingdom,5.78,Sale
564837,21933,PINK VINTAGE PAISLEY PICNIC BAG,1,2011-08-30 12:40:00,2.46,,United Kingdom,2.46,Sale
544444,20719,WOODLAND CHARLOTTE BAG,100,2011-02-20 10:51:00,0.72,13246.0,United Kingdom,72.0,Sale
545589,21051,RIBBONS PURSE ,6,2011-03-04 10:21:00,2.1,17001.0,United Kingdom,12.6,Sale
556085,22630,DOLLY GIRL LUNCH BOX,1,2011-06-08 15:23:00,2.46,,United Kingdom,2.46,Sale
569046,35970,ZINC FOLKART SLEIGH BELLS,12,2011-09-30 10:48:00,1.69,14422.0,United Kingdom,20.28,Sale
579069,23025,DRAWER KNOB VINTAGE GLASS BALL,6,2011-11-28 10:31:00,2.08,14911.0,EIRE,12.48,Sale
571498,21908,CHOCOLATE THIS WAY METAL SIGN,1,2011-10-17 15:06:00,2.1,17841.0,United Kingdom,2.1,Sale
540698,22349,DOG BOWL CHASING BALL DESIGN,30,2011-01-11 09:24:00,2.69,17450.0,United Kingdom,80.7,Sale
554101,22855,FINE WICKER HEART ,12,2011-05-22 13:29:00,1.25,13549.0,United Kingdom,15.0,Sale
579301,21035,SET/2 RED RETROSPOT TEA TOWELS ,1,2011-11-29 11:32:00,3.25,18118.0,United Kingdom,3.25,Sale
562275,23346,SPACEBOY BEAKER,12,2011-08-04 10:04:00,1.25,12689.0,France,15.0,Sale
575888,POST,POSTAGE,3,2011-11-11 14:04:00,18.0,12517.0,Germany,54.0,Sale
577845,21975,PACK OF 60 DINOSAUR CAKE CASES,24,2011-11-22 10:44:00,0.55,18139.0,United Kingdom,13.2,Sale
573168,21936,RED RETROSPOT PICNIC BAG,50,2011-10-28 09:39:00,2.55,13798.0,United Kingdom,127.5,Sale
578521,84945,MULTI COLOUR SILVER T-LIGHT HOLDER,12,2011-11-24 14:06:00,0.85,17812.0,United Kingdom,10.2,Sale
552229,22871,NUMBER TILE COTTAGE GARDEN 3 ,1,2011-05-06 15:40:00,4.13,,United Kingdom,4.13,Sale
540821,20998,ROSE DU SUD OVEN GLOVE,1,2011-01-11 13:16:00,3.36,,United Kingdom,3.36,Sale
574476,21592,RETROSPOT CIGAR BOX MATCHES ,1,2011-11-04 12:20:00,1.25,17203.0,United Kingdom,1.25,Sale
550185,22087,PAPER BUNTING WHITE LACE,6,2011-04-14 18:22:00,2.95,17142.0,United Kingdom,17.700000000000003,Sale
576840,22158,3 HEARTS HANGING DECORATION RUSTIC,1,2011-11-16 15:23:00,5.79,,United Kingdom,5.79,Sale
545043,82486,WOOD S/3 CABINET ANT WHITE FINISH,1,2011-02-27 11:05:00,8.95,16407.0,United Kingdom,8.95,Sale
576778,22489,PACK OF 12 TRADITIONAL CRAYONS,3,2011-11-16 13:24:00,0.42,16085.0,United Kingdom,1.26,Sale
572295,22572,ROCKING HORSE GREEN CHRISTMAS ,6,2011-10-23 13:49:00,0.85,16686.0,United Kingdom,5.1,Sale
567099,22899,CHILDREN'S APRON DOLLY GIRL ,2,2011-09-16 13:31:00,2.1,15311.0,United Kingdom,4.2,Sale
545697,22495,SET OF 2 ROUND TINS CAMEMBERT ,1,2011-03-06 14:38:00,2.95,14504.0,United Kingdom,2.95,Sale
554371,20757,RED DAISY POCKET BOOK ,12,2011-05-24 10:42:00,0.85,17659.0,United Kingdom,10.2,Sale
539039,22631,CIRCUS PARADE LUNCH BOX ,2,2010-12-15 15:00:00,1.95,13124.0,United Kingdom,3.9,Sale
576645,23266,SET OF 3 WOODEN STOCKING DECORATION,12,2011-11-16 10:14:00,1.25,16245.0,United Kingdom,15.0,Sale
568951,85014B,RED RETROSPOT UMBRELLA,6,2011-09-29 15:26:00,5.95,17724.0,United Kingdom,35.7,Sale
548514,21116,OWL DOORSTOP,1,2011-03-31 16:03:00,8.29,,United Kingdom,8.29,Sale
546218,21623,VINTAGE UNION JACK MEMOBOARD,1,2011-03-10 12:11:00,9.95,14667.0,United Kingdom,9.95,Sale
574249,23424,GINGHAM RECIPE BOOK BOX,2,2011-11-03 13:01:00,4.95,16347.0,United Kingdom,9.9,Sale
571425,22989,SET 2 PANTRY DESIGN TEA TOWELS,6,2011-10-17 12:41:00,3.25,14911.0,EIRE,19.5,Sale
562444,22411,JUMBO SHOPPER VINTAGE RED PAISLEY,2,2011-08-04 18:44:00,2.08,14713.0,United Kingdom,4.16,Sale
575680,84609,TALL ROCOCO CANDLE HOLDER,4,2011-11-10 15:23:00,8.5,13148.0,United Kingdom,34.0,Sale
571435,23320,GIANT 50'S CHRISTMAS CRACKER,12,2011-10-17 13:23:00,2.89,14211.0,United Kingdom,34.68,Sale
542227,22800,ANTIQUE TALL SWIRLGLASS TRINKET POT,4,2011-01-26 13:33:00,3.75,14243.0,United Kingdom,15.0,Sale
581492,22074,6 RIBBONS SHIMMERING PINKS ,1,2011-12-09 10:03:00,1.25,,United Kingdom,1.25,Sale
546658,22966,GINGERBREAD MAN COOKIE CUTTER,12,2011-03-15 14:21:00,1.25,15150.0,United Kingdom,15.0,Sale
564835,22699,ROSES REGENCY TEACUP AND SAUCER ,3,2011-08-30 12:31:00,5.79,,United Kingdom,17.37,Sale
561054,22382,LUNCH BAG SPACEBOY DESIGN ,20,2011-07-24 13:13:00,1.65,18229.0,United Kingdom,33.0,Sale
560539,85099F,JUMBO BAG STRAWBERRY,10,2011-07-19 12:19:00,2.08,16745.0,United Kingdom,20.8,Sale
580729,23578,SNACK TRAY RED GINGHAM,2,2011-12-05 17:24:00,4.13,,United Kingdom,8.26,Sale
563353,22636,CHILDS BREAKFAST SET CIRCUS PARADE,4,2011-08-15 14:32:00,8.5,15480.0,Malta,34.0,Sale
575891,22469,HEART OF WICKER SMALL,12,2011-11-11 14:12:00,1.65,15692.0,United Kingdom,19.8,Sale
557319,71459,HANGING JAM JAR T-LIGHT HOLDER,12,2011-06-20 08:23:00,0.85,15076.0,United Kingdom,10.2,Sale
547651,21386,IVORY HANGING DECORATION  EGG,1,2011-03-24 12:11:00,0.85,16904.0,United Kingdom,0.85,Sale
575481,23368,SET 12 COLOUR PENCILS DOLLY GIRL ,4,2011-11-09 16:28:00,0.65,15679.0,United Kingdom,2.6,Sale
539439,22470,HEART OF WICKER LARGE,6,2010-12-17 15:14:00,2.95,13869.0,United Kingdom,17.700000000000003,Sale
569250,22945,CHRISTMAS METAL TAGS ASSORTED ,12,2011-10-03 10:18:00,0.85,16747.0,United Kingdom,10.2,Sale
557604,21930,JUMBO STORAGE BAG SKULLS,10,2011-06-21 12:03:00,2.08,15039.0,United Kingdom,20.8,Sale
567288,21034,REX CASH+CARRY JUMBO SHOPPER,1,2011-09-19 11:49:00,0.95,16906.0,United Kingdom,0.95,Sale
537237,22924,FRIDGE MAGNETS LA VIE EN ROSE,1,2010-12-06 09:58:00,11.02,,United Kingdom,11.02,Sale
550513,21561,DINOSAUR LUNCH BOX WITH CUTLERY,4,2011-04-18 16:37:00,2.55,16928.0,United Kingdom,10.2,Sale
573130,22941,CHRISTMAS LIGHTS 10 REINDEER,2,2011-10-27 16:41:00,8.5,13969.0,United Kingdom,17.0,Sale
557758,22233,JIGSAW RABBIT AND BIRDHOUSE,1,2011-06-22 13:28:00,0.59,17585.0,United Kingdom,0.59,Sale
581414,23316,RED REFECTORY CLOCK ,1,2011-12-08 14:39:00,9.95,14730.0,United Kingdom,9.95,Sale
565919,47578A,ENGLISH ROSE SMALL SCENTED FLOWER,1,2011-09-07 16:48:00,1.63,,United Kingdom,1.63,Sale
571653,23432,PRETTY HANGING QUILTED HEARTS,48,2011-10-18 12:17:00,0.72,14298.0,United Kingdom,34.56,Sale
581439,23212,HEART WREATH DECORATION WITH BELL,3,2011-12-08 16:30:00,2.46,,United Kingdom,7.38,Sale
576391,20725,LUNCH BAG RED RETROSPOT,14,2011-11-15 10:13:00,4.96,,United Kingdom,69.44,Sale
539034,22748,POPPY'S PLAYHOUSE KITCHEN,4,2010-12-15 14:29:00,2.1,16161.0,United Kingdom,8.4,Sale
576300,23198,PANTRY MAGNETIC  SHOPPING LIST,1,2011-11-14 14:39:00,1.45,15058.0,United Kingdom,1.45,Sale
575972,23439,HAND WARMER RED LOVE HEART,2,2011-11-13 13:01:00,2.1,14499.0,United Kingdom,4.2,Sale
547498,85123A,WHITE HANGING HEART T-LIGHT HOLDER,1,2011-03-23 12:24:00,2.95,15021.0,United Kingdom,2.95,Sale
552816,22488,NATURAL SLATE RECTANGLE CHALKBOARD,1,2011-05-11 12:47:00,1.65,15521.0,United Kingdom,1.65,Sale
540348,22325,MOBILE VINTAGE HEARTS ,1,2011-01-06 13:56:00,4.95,12841.0,United Kingdom,4.95,Sale
539739,DOT,DOTCOM POSTAGE,1,2010-12-21 15:19:00,324.43,,United Kingdom,324.43,Sale
555735,23199,JUMBO BAG APPLES,20,2011-06-07 08:54:00,2.08,13327.0,United Kingdom,41.6,Sale
539374,84755,COLOUR GLASS T-LIGHT HOLDER HANGING,16,2010-12-17 11:40:00,0.65,14769.0,United Kingdom,10.4,Sale
556491,21899,"KEY FOB , GARAGE DESIGN",2,2011-06-12 14:15:00,0.65,16794.0,United Kingdom,1.3,Sale
567890,22731,3D CHRISTMAS STAMPS STICKERS ,18,2011-09-22 15:40:00,1.25,14125.0,United Kingdom,22.5,Sale
579430,23298,SPOTTY BUNTING,1,2011-11-29 13:06:00,4.95,12748.0,United Kingdom,4.95,Sale
581147,23206,LUNCH BAG APPLE DESIGN,5,2011-12-07 14:01:00,1.65,16426.0,United Kingdom,8.25,Sale
575689,23340,VINTAGE CHRISTMAS CAKE FRILL,12,2011-11-10 16:16:00,1.65,14829.0,United Kingdom,19.8,Sale
574076,22517,CHILDS GARDEN RAKE PINK,1,2011-11-02 15:38:00,4.13,,United Kingdom,4.13,Sale
560937,22209,WOOD STAMP SET HAPPY BIRTHDAY,1,2011-07-22 10:52:00,0.83,17920.0,United Kingdom,0.83,Sale
562929,23203,JUMBO BAG VINTAGE DOILY ,10,2011-08-10 15:37:00,2.08,17562.0,United Kingdom,20.8,Sale
578233,23311,VINTAGE CHRISTMAS STOCKING ,6,2011-11-23 12:20:00,2.55,14049.0,United Kingdom,15.3,Sale
569210,22283,6 EGG HOUSE PAINTED WOOD,2,2011-10-02 11:41:00,7.95,13681.0,United Kingdom,15.9,Sale
546977,22383,LUNCH BAG SUKI DESIGN ,3,2011-03-18 12:08:00,4.96,,United Kingdom,14.88,Sale
580729,23207,LUNCH BAG ALPHABET DESIGN,1,2011-12-05 17:24:00,4.13,,United Kingdom,4.13,Sale
543466,22429,ENAMEL MEASURING JUG CREAM,4,2011-02-08 14:34:00,4.25,16713.0,United Kingdom,17.0,Sale
548992,21463,MIRRORED DISCO BALL ,4,2011-04-05 13:52:00,5.95,13089.0,United Kingdom,23.8,Sale
539750,21524,DOORMAT SPOTTY HOME SWEET HOME,6,2010-12-21 15:40:00,16.98,,United Kingdom,101.88,Sale
556778,23049,RECYCLED ACAPULCO MAT RED,3,2011-06-14 12:41:00,8.25,16712.0,United Kingdom,24.75,Sale
548728,21989,PACK OF 20 SKULL PAPER NAPKINS,12,2011-04-04 09:55:00,0.85,13198.0,United Kingdom,10.2,Sale
579161,21928,JUMBO BAG SCANDINAVIAN BLUE PAISLEY,1,2011-11-28 13:56:00,2.08,17379.0,United Kingdom,2.08,Sale
580502,16258A,SWIRLY CIRCULAR RUBBERS IN BAG,12,2011-12-04 13:15:00,0.19,16931.0,United Kingdom,2.28,Sale
556459,21385,IVORY HANGING DECORATION  HEART,1,2011-06-10 17:25:00,1.63,,United Kingdom,1.63,Sale
572853,23373,VINTAGE CHRISTMAS PAPER GIFT BAG,10,2011-10-26 12:28:00,0.82,17712.0,United Kingdom,8.2,Sale
552671,21866,UNION JACK FLAG LUGGAGE TAG,4,2011-05-10 15:06:00,3.29,,United Kingdom,13.16,Sale
562420,84755,COLOUR GLASS T-LIGHT HOLDER HANGING,4,2011-08-04 16:38:00,1.24,,United Kingdom,4.96,Sale
565841,51014A,"FEATHER PEN,HOT PINK",1,2011-09-07 12:04:00,0.83,,United Kingdom,0.83,Sale
537446,46000M,POLYESTER FILLER PAD 45x45cm,2,2010-12-07 09:13:00,1.55,18055.0,United Kingdom,3.1,Sale
559051,21313,GLASS HEART T-LIGHT HOLDER ,36,2011-07-05 16:47:00,1.63,,United Kingdom,58.67999999999999,Sale
576661,21929,JUMBO BAG PINK VINTAGE PAISLEY,5,2011-11-16 11:17:00,2.08,17377.0,United Kingdom,10.4,Sale
571475,84836,ZINC METAL HEART DECORATION,2,2011-10-17 14:42:00,1.25,15033.0,United Kingdom,2.5,Sale
562607,23306,SET OF 36 DOILIES PANTRY DESIGN,12,2011-08-08 11:45:00,1.45,12885.0,United Kingdom,17.4,Sale
547360,22842,BISCUIT TIN VINTAGE RED,2,2011-03-22 12:30:00,6.75,16135.0,United Kingdom,13.5,Sale
548666,22634,CHILDS BREAKFAST SET SPACEBOY ,2,2011-04-01 14:58:00,9.95,13124.0,United Kingdom,19.9,Sale
550541,23052,RECYCLED ACAPULCO MAT TURQUOISE,1,2011-04-19 11:33:00,16.63,,United Kingdom,16.63,Sale
555149,23201,JUMBO BAG ALPHABET,1,2011-05-31 15:49:00,4.13,,United Kingdom,4.13,Sale
568676,23173,REGENCY TEAPOT ROSES ,12,2011-09-28 13:43:00,8.15,18242.0,United Kingdom,97.8,Sale
553151,20725,LUNCH BAG RED RETROSPOT,10,2011-05-13 14:53:00,1.65,13089.0,United Kingdom,16.5,Sale
558705,23245,SET OF 3 REGENCY CAKE TINS,1,2011-07-01 12:52:00,4.95,12748.0,United Kingdom,4.95,Sale
555110,21977,PACK OF 60 PINK PAISLEY CAKE CASES,2,2011-05-31 14:34:00,0.55,17841.0,United Kingdom,1.1,Sale
559796,22646,CERAMIC STRAWBERRY CAKE MONEY BANK,1,2011-07-12 13:30:00,4.13,,United Kingdom,4.13,Sale
548867,22360,GLASS JAR ENGLISH CONFECTIONERY,3,2011-04-04 14:17:00,2.95,14719.0,United Kingdom,8.850000000000001,Sale
544098,21071,VINTAGE BILLBOARD DRINK ME MUG,12,2011-02-16 10:04:00,1.25,16019.0,United Kingdom,15.0,Sale
573387,22867,HAND WARMER BIRD DESIGN,1,2011-10-30 14:33:00,2.1,15054.0,United Kingdom,2.1,Sale
564841,22739,RIBBON REEL CHRISTMAS SOCK BAUBLE,2,2011-08-30 13:42:00,4.13,,United Kingdom,8.26,Sale
576840,21494,ROTATING LEAVES T-LIGHT HOLDER,3,2011-11-16 15:23:00,2.46,,United Kingdom,7.38,Sale
557888,22586,FELTCRAFT HAIRBAND PINK AND BLUE,1,2011-06-23 13:51:00,0.85,14656.0,United Kingdom,0.85,Sale
557485,22379,RECYCLING BAG RETROSPOT ,200,2011-06-20 14:38:00,1.85,15769.0,United Kingdom,370.0,Sale
576339,84952B,BLACK LOVE BIRD T-LIGHT HOLDER,1,2011-11-14 15:27:00,7.46,14096.0,United Kingdom,7.46,Sale
563848,22561,WOODEN SCHOOL COLOURING SET,12,2011-08-19 14:57:00,1.65,14911.0,EIRE,19.8,Sale
542777,85123A,WHITE HANGING HEART T-LIGHT HOLDER,6,2011-02-01 08:31:00,2.95,14911.0,EIRE,17.700000000000003,Sale
555847,22781,GUMBALL MAGAZINE RACK,2,2011-06-07 13:27:00,7.65,14880.0,United Kingdom,15.3,Sale
545157,84991,60 TEATIME FAIRY CAKE CASES,24,2011-02-28 13:27:00,0.55,14239.0,United Kingdom,13.2,Sale
570187,23344,JUMBO BAG 50'S CHRISTMAS ,1,2011-10-07 15:09:00,4.13,,United Kingdom,4.13,Sale
564315,23289,DOLLY GIRL CHILDRENS BOWL,4,2011-08-24 13:07:00,1.25,14730.0,United Kingdom,5.0,Sale
540351,21917,SET 12 KIDS  WHITE CHALK STICKS,24,2011-01-06 14:26:00,0.42,12735.0,France,10.08,Sale
551412,21755,LOVE BUILDING BLOCK WORD,2,2011-04-28 13:31:00,5.95,15508.0,United Kingdom,11.9,Sale
547555,23126,FELTCRAFT GIRL AMELIE KIT,4,2011-03-23 16:35:00,4.95,14075.0,United Kingdom,19.8,Sale
553919,22066,LOVE HEART TRINKET POT,48,2011-05-20 08:41:00,0.39,17416.0,United Kingdom,18.72,Sale
570871,22075,6 RIBBONS ELEGANT CHRISTMAS ,4,2011-10-12 16:36:00,1.63,,United Kingdom,6.52,Sale
541592,21947,SET OF 6 HEART CHOPSTICKS,5,2011-01-19 15:08:00,1.25,,United Kingdom,6.25,Sale
561773,82580,BATHROOM METAL SIGN,6,2011-07-29 12:41:00,0.55,17841.0,United Kingdom,3.3000000000000003,Sale
581439,22619,SET OF 6 SOLDIER SKITTLES,2,2011-12-08 16:30:00,7.46,,United Kingdom,14.92,Sale
572553,22470,HEART OF WICKER LARGE,1,2011-10-24 17:09:00,5.79,,United Kingdom,5.79,Sale
538170,22943,CHRISTMAS LIGHTS 10 VINTAGE BAUBLES,1,2010-12-09 19:32:00,4.95,13969.0,United Kingdom,4.95,Sale
550458,23002,TRAVEL CARD WALLET SKULLS,1,2011-04-18 13:13:00,0.83,,United Kingdom,0.83,Sale
578995,23505,PLAYING CARDS I LOVE LONDON ,4,2011-11-27 15:59:00,1.25,15861.0,United Kingdom,5.0,Sale
575729,72741,GRAND CHOCOLATECANDLE,9,2011-11-10 19:49:00,1.45,17932.0,United Kingdom,13.05,Sale
564896,21986,PACK OF 12 PINK POLKADOT TISSUES,24,2011-08-31 11:06:00,0.29,13726.0,United Kingdom,6.959999999999999,Sale
578942,21901,"KEY FOB , BACK DOOR ",1,2011-11-27 13:29:00,0.65,17288.0,United Kingdom,0.65,Sale
567308,22333,RETROSPOT PARTY BAG + STICKER SET,48,2011-09-19 13:35:00,1.45,16422.0,United Kingdom,69.6,Sale
581256,22898,CHILDRENS APRON APPLES DESIGN,5,2011-12-08 11:21:00,4.96,,United Kingdom,24.8,Sale
549835,85123A,WHITE HANGING HEART T-LIGHT HOLDER,32,2011-04-12 13:24:00,2.55,17511.0,United Kingdom,81.6,Sale
569545,15058A,BLUE POLKADOT GARDEN PARASOL,1,2011-10-04 16:37:00,10.79,,United Kingdom,10.79,Sale
540821,22819,"BIRTHDAY CARD, RETRO SPOT",13,2011-01-11 13:16:00,0.43,,United Kingdom,5.59,Sale
558571,22971,QUEENS GUARD COFFEE MUG,12,2011-06-30 14:46:00,2.55,17017.0,United Kingdom,30.6,Sale
550007,23206,LUNCH BAG APPLE DESIGN,100,2011-04-14 10:13:00,1.45,15125.0,United Kingdom,145.0,Sale
538507,22337,ANGEL DECORATION PAINTED ZINC ,20,2010-12-12 13:26:00,0.65,15547.0,United Kingdom,13.0,Sale
570442,22896,PEG BAG APPLES DESIGN,1,2011-10-10 14:37:00,2.55,16549.0,United Kingdom,2.55,Sale
554070,22666,RECIPE BOX PANTRY YELLOW DESIGN,6,2011-05-22 11:06:00,2.95,13555.0,United Kingdom,17.700000000000003,Sale
537434,84598,BOYS ALPHABET IRON ON PATCHES,18,2010-12-06 16:57:00,0.43,,United Kingdom,7.74,Sale
558904,51014A,"FEATHER PEN,HOT PINK",8,2011-07-04 16:18:00,0.83,,United Kingdom,6.64,Sale
548991,20830,SILVER PHOTO FRAME,2,2011-04-05 13:48:00,2.1,16915.0,United Kingdom,4.2,Sale
555572,79191C,RETRO PLASTIC ELEPHANT TRAY,12,2011-06-05 15:37:00,0.85,12449.0,Belgium,10.2,Sale
555277,21108,FAIRY CAKE FLANNEL ASSORTED COLOUR,1,2011-06-01 17:30:00,4.96,,United Kingdom,4.96,Sale
577473,22114,HOT WATER BOTTLE TEA AND SYMPATHY,2,2011-11-20 11:28:00,4.25,15919.0,United Kingdom,8.5,Sale
575874,22220,CAKE STAND LOVEBIRD 2 TIER WHITE,2,2011-11-11 12:56:00,9.95,17054.0,United Kingdom,19.9,Sale
543631,22196,SMALL HEART MEASURING SPOONS,7,2011-02-10 16:17:00,0.85,14081.0,United Kingdom,5.95,Sale
541516,21518,BANK ACCOUNT  GREETING  CARD ,1,2011-01-18 17:34:00,0.42,,United Kingdom,0.42,Sale
551188,21314,SMALL GLASS HEART TRINKET POT,8,2011-04-27 10:03:00,2.1,15898.0,United Kingdom,16.8,Sale
567024,84692,BOX OF 24 COCKTAIL PARASOLS,16,2011-09-16 11:23:00,1.63,,United Kingdom,26.08,Sale
574481,84992,72 SWEETHEART FAIRY CAKE CASES,1,2011-11-04 12:45:00,0.55,18022.0,United Kingdom,0.55,Sale
571034,23423,PANTRY 3 HOOK ROLLING PIN HANGER,6,2011-10-13 12:47:00,3.75,12359.0,Cyprus,22.5,Sale
572763,22989,SET 2 PANTRY DESIGN TEA TOWELS,6,2011-10-26 09:54:00,3.25,12812.0,Japan,19.5,Sale
560926,20652,BLUE POLKADOT LUGGAGE TAG ,1,2011-07-22 09:20:00,2.46,,United Kingdom,2.46,Sale
547828,22197,SMALL POPCORN HOLDER,36,2011-03-25 15:18:00,0.85,16618.0,United Kingdom,30.6,Sale
561322,22355,CHARLOTTE BAG SUKI DESIGN,10,2011-07-26 13:03:00,0.85,15203.0,United Kingdom,8.5,Sale
570701,23535,WALL ART BICYCLE SAFETY,4,2011-10-12 09:35:00,5.95,16652.0,United Kingdom,23.8,Sale
566602,22652,TRAVEL SEWING KIT,1,2011-09-13 16:05:00,3.29,,United Kingdom,3.29,Sale
575137,23206,LUNCH BAG APPLE DESIGN,10,2011-11-08 15:13:00,1.65,13090.0,United Kingdom,16.5,Sale
536587,21982,PACK OF 12 SUKI TISSUES ,24,2010-12-01 16:33:00,0.29,14142.0,United Kingdom,6.959999999999999,Sale
540073,22191,IVORY DINER WALL CLOCK,2,2011-01-04 14:47:00,8.5,16814.0,United Kingdom,17.0,Sale
569870,22999,TRAVEL CARD WALLET VINTAGE LEAF,2,2011-10-06 14:59:00,0.42,12757.0,Portugal,0.84,Sale
538071,21164,HOME SWEET HOME METAL SIGN ,1,2010-12-09 14:09:00,5.91,,United Kingdom,5.91,Sale
576062,23368,SET 12 COLOUR PENCILS DOLLY GIRL ,4,2011-11-13 15:30:00,0.65,12867.0,United Kingdom,2.6,Sale
578065,22163,HEART STRING MEMO HOLDER HANGING,5,2011-11-22 15:41:00,1.63,,United Kingdom,8.149999999999999,Sale
563195,22139,RETROSPOT TEA SET CERAMIC 11 PC ,1,2011-08-12 16:36:00,10.79,,United Kingdom,10.79,Sale
570872,85199S,SMALL HANGING IVORY/RED WOOD BIRD,3,2011-10-12 16:40:00,0.83,,United Kingdom,2.49,Sale
557500,84992,72 SWEETHEART FAIRY CAKE CASES,1,2011-06-20 15:27:00,1.25,,United Kingdom,1.25,Sale
579522,23238,SET OF 4 KNICK KNACK TINS LONDON ,6,2011-11-30 08:04:00,4.15,14432.0,United Kingdom,24.9,Sale
552702,21452,TOADSTOOL MONEY BOX,1,2011-05-10 16:00:00,5.79,,United Kingdom,5.79,Sale
560296,20712,JUMBO BAG WOODLAND ANIMALS,8,2011-07-18 10:21:00,4.13,,United Kingdom,33.04,Sale
576391,23207,LUNCH BAG ALPHABET DESIGN,2,2011-11-15 10:13:00,4.96,,United Kingdom,9.92,Sale
545667,22026,BANQUET BIRTHDAY  CARD  ,1,2011-03-04 16:07:00,0.83,,United Kingdom,0.83,Sale
571217,23270,SET OF 2 CERAMIC PAINTED HEARTS ,12,2011-10-14 13:24:00,1.45,17451.0,United Kingdom,17.4,Sale
560366,22791,T-LIGHT GLASS FLUTED ANTIQUE,12,2011-07-18 12:19:00,1.25,16859.0,United Kingdom,15.0,Sale
554489,22622,BOX OF VINTAGE ALPHABET BLOCKS,4,2011-05-24 13:46:00,11.95,17272.0,United Kingdom,47.8,Sale
536538,84944,SET OF 6 KASHMIR FOLKART BAUBLES,2,2010-12-01 13:54:00,4.25,14594.0,United Kingdom,8.5,Sale
567821,21329,DINOSAURS  WRITING SET ,5,2011-09-22 12:45:00,1.65,14659.0,United Kingdom,8.25,Sale
568212,23307,SET OF 60 PANTRY DESIGN CAKE CASES ,1,2011-09-25 16:05:00,0.55,15154.0,United Kingdom,0.55,Sale
545011,47590A,BLUE HAPPY BIRTHDAY BUNTING,2,2011-02-25 13:05:00,5.45,13666.0,United Kingdom,10.9,Sale
565919,84637,KITCHEN FLOWER POTS WALL PLAQUE,1,2011-09-07 16:48:00,4.96,,United Kingdom,4.96,Sale
558475,23306,SET OF 36 DOILIES PANTRY DESIGN,2,2011-06-29 15:58:00,2.92,,United Kingdom,5.84,Sale
579187,21616,4 PEAR BOTANICAL DINNER CANDLES,2,2011-11-28 15:31:00,3.29,,United Kingdom,6.58,Sale
570818,23203,JUMBO BAG VINTAGE DOILY ,3,2011-10-12 12:47:00,2.08,17841.0,United Kingdom,6.24,Sale
575075,23355,HOT WATER BOTTLE KEEP CALM,3,2011-11-08 13:19:00,4.95,13975.0,United Kingdom,14.85,Sale
560888,23181,BULL DOG BOTTLE TOP WALL CLOCK,2,2011-07-21 16:33:00,8.25,15380.0,United Kingdom,16.5,Sale
560079,23206,LUNCH BAG APPLE DESIGN,10,2011-07-14 16:12:00,1.65,15521.0,United Kingdom,16.5,Sale
545217,22602,RETROSPOT WOODEN HEART DECORATION,1,2011-02-28 16:59:00,1.63,,United Kingdom,1.63,Sale
564367,22492,MINI PAINT SET VINTAGE ,36,2011-08-25 09:18:00,0.65,12712.0,Germany,23.4,Sale
570246,20914,SET/5 RED RETROSPOT LID GLASS BOWLS,2,2011-10-09 16:22:00,2.95,16921.0,United Kingdom,5.9,Sale
576971,22970,LONDON BUS COFFEE MUG,6,2011-11-17 11:51:00,2.55,14032.0,United Kingdom,15.3,Sale
580272,23148,MINIATURE ANTIQUE ROSE HOOK IVORY,2,2011-12-02 12:52:00,0.83,15547.0,United Kingdom,1.66,Sale
569202,23204,CHARLOTTE BAG APPLES DESIGN,1,2011-09-30 17:22:00,1.63,,United Kingdom,1.63,Sale
543358,22794,SWEETHEART WIRE MAGAZINE RACK,1,2011-02-07 14:04:00,15.79,,United Kingdom,15.79,Sale
559923,23199,JUMBO BAG APPLES,1,2011-07-13 16:07:00,4.13,,United Kingdom,4.13,Sale
577086,85099B,JUMBO BAG RED RETROSPOT,10,2011-11-17 15:50:00,2.08,16070.0,United Kingdom,20.8,Sale
547042,22423,REGENCY CAKESTAND 3 TIER,1,2011-03-20 11:00:00,24.96,,United Kingdom,24.96,Sale
567472,23199,JUMBO BAG APPLES,10,2011-09-20 12:47:00,2.08,15039.0,United Kingdom,20.8,Sale
556539,22785,SQUARECUSHION COVER PINK UNION JACK,2,2011-06-13 12:44:00,6.75,13589.0,United Kingdom,13.5,Sale
552669,84828,JUNGLE POPSICLES ICE LOLLY MOULDS,3,2011-05-10 15:05:00,1.25,16710.0,United Kingdom,3.75,Sale
575846,23311,VINTAGE CHRISTMAS STOCKING ,19,2011-11-11 12:07:00,2.55,17364.0,United Kingdom,48.45,Sale
567425,22865,HAND WARMER OWL DESIGN,96,2011-09-20 11:32:00,1.85,13767.0,United Kingdom,177.60000000000002,Sale
554938,21975,PACK OF 60 DINOSAUR CAKE CASES,24,2011-05-27 13:34:00,0.55,12876.0,Belgium,13.2,Sale
538866,20723,STRAWBERRY CHARLOTTE BAG,1,2010-12-14 14:40:00,0.85,17841.0,United Kingdom,0.85,Sale
543272,22555,PLASTERS IN TIN STRONGMAN,1,2011-02-06 11:11:00,1.65,14810.0,United Kingdom,1.65,Sale
569849,71459,HANGING JAM JAR T-LIGHT HOLDERS,12,2011-10-06 13:49:00,0.85,15264.0,United Kingdom,10.2,Sale
558767,47566,PARTY BUNTING,4,2011-07-03 13:27:00,4.95,13833.0,United Kingdom,19.8,Sale
539737,22947,WOODEN ADVENT CALENDAR RED,1,2010-12-21 15:19:00,34.0,,United Kingdom,34.0,Sale
541422,90214N,"LETTER ""N"" BLING KEY RING",2,2011-01-17 17:48:00,0.83,,United Kingdom,1.66,Sale
559316,22386,JUMBO BAG PINK POLKADOT,10,2011-07-07 13:54:00,2.08,12647.0,Germany,20.8,Sale
536754,20755,BLUE PAISLEY POCKET BOOK,1,2010-12-02 14:09:00,0.85,14449.0,United Kingdom,0.85,Sale
546062,47504K,ENGLISH ROSE GARDEN SECATEURS,2,2011-03-09 10:51:00,1.95,16221.0,United Kingdom,3.9,Sale
561214,22829,SWEETHEART WIRE WALL TIDY,1,2011-07-25 17:00:00,20.79,,United Kingdom,20.79,Sale
574476,20986,BLUE CALCULATOR RULER,2,2011-11-04 12:20:00,1.25,17203.0,United Kingdom,2.5,Sale
568672,22569,FELTCRAFT CUSHION BUTTERFLY,8,2011-09-28 13:17:00,3.75,15348.0,United Kingdom,30.0,Sale
557289,10133,COLOURING PENCILS BROWN TUBE,12,2011-06-19 12:58:00,0.42,16880.0,United Kingdom,5.04,Sale
579458,21755,LOVE BUILDING BLOCK WORD,1,2011-11-29 14:38:00,6.25,16549.0,United Kingdom,6.25,Sale
545054,72807A,SET/3 ROSE CANDLE IN JEWELLED BOX,1,2011-02-27 12:41:00,4.25,14472.0,United Kingdom,4.25,Sale
548699,21733,RED HANGING HEART T-LIGHT HOLDER,1,2011-04-03 11:08:00,2.95,,United Kingdom,2.95,Sale
555520,22478,BIRDHOUSE GARDEN MARKER ,1,2011-06-05 11:14:00,1.25,15038.0,United Kingdom,1.25,Sale
564489,21928,JUMBO BAG SCANDINAVIAN BLUE PAISLEY,10,2011-08-25 14:13:00,2.08,15950.0,United Kingdom,20.8,Sale
542236,22457,NATURAL SLATE HEART CHALKBOARD ,1,2011-01-26 14:19:00,2.95,17027.0,United Kingdom,2.95,Sale
575176,22367,CHILDRENS APRON SPACEBOY DESIGN,1,2011-11-08 18:29:00,4.13,,United Kingdom,4.13,Sale
576222,23506,MINI PLAYING CARDS SPACEBOY ,20,2011-11-14 13:02:00,0.42,12490.0,France,8.4,Sale
541971,35598D,PINK/WHITE CHRISTMAS TREE 60CM,1,2011-01-24 13:48:00,2.46,,United Kingdom,2.46,Sale
537042,22699,ROSES REGENCY TEACUP AND SAUCER ,1,2010-12-05 10:45:00,2.95,13838.0,United Kingdom,2.95,Sale
546774,20728,LUNCH BAG CARS BLUE,2,2011-03-16 15:45:00,1.65,14505.0,United Kingdom,3.3,Sale
565207,22384,LUNCH BAG PINK POLKADOT,3,2011-09-01 16:46:00,1.65,16764.0,United Kingdom,4.949999999999999,Sale
552508,22297,HEART IVORY TRELLIS SMALL,1,2011-05-09 16:27:00,2.46,,United Kingdom,2.46,Sale
547887,85194L,HANGING SPRING FLOWER EGG LARGE,12,2011-03-28 09:30:00,0.85,16245.0,United Kingdom,10.2,Sale
572933,22595,GINGHAM HEART DECORATION,24,2011-10-27 10:15:00,0.85,13458.0,United Kingdom,20.4,Sale
544664,21877,HOME SWEET HOME MUG,12,2011-02-22 14:55:00,1.25,16045.0,United Kingdom,15.0,Sale
545188,22530,MAGIC DRAWING SLATE DOLLY GIRL ,2,2011-02-28 15:19:00,0.42,14056.0,United Kingdom,0.84,Sale
553013,85039B,S/4 IVORY MINI ROSE CANDLE IN BOWL,1,2011-05-12 18:19:00,1.63,,United Kingdom,1.63,Sale
568831,22595,GINGHAM HEART DECORATION,10,2011-09-29 11:35:00,0.85,16059.0,United Kingdom,8.5,Sale
565920,22779,WOODEN OWLS LIGHT GARLAND ,4,2011-09-08 08:56:00,4.25,15298.0,United Kingdom,17.0,Sale
552726,22457,NATURAL SLATE HEART CHALKBOARD ,6,2011-05-11 10:31:00,2.95,14920.0,United Kingdom,17.700000000000003,Sale
557560,22197,POPCORN HOLDER,12,2011-06-21 10:37:00,0.85,15329.0,United Kingdom,10.2,Sale
546306,35911B,PINK/FLOWER RABBIT EGG WARMER ,2,2011-03-10 16:16:00,0.83,,United Kingdom,1.66,Sale
553499,23118,PARISIENNE JEWELLERY DRAWER ,4,2011-05-17 12:57:00,7.5,17504.0,United Kingdom,30.0,Sale
580633,22910,PAPER CHAIN KIT VINTAGE CHRISTMAS,1,2011-12-05 12:28:00,2.95,17579.0,United Kingdom,2.95,Sale
579669,22791,T-LIGHT GLASS FLUTED ANTIQUE,12,2011-11-30 12:36:00,1.25,14673.0,United Kingdom,15.0,Sale
564627,23310,BUBBLEGUM RING ASSORTED,36,2011-08-26 11:47:00,0.42,15132.0,United Kingdom,15.12,Sale
574670,22219,LOVEBIRD HANGING DECORATION WHITE ,4,2011-11-06 12:20:00,0.85,12838.0,United Kingdom,3.4,Sale
564313,48138,DOORMAT UNION FLAG,2,2011-08-24 12:54:00,7.95,13728.0,United Kingdom,15.9,Sale
552520,22335,HEART DECORATION PAINTED ZINC ,9,2011-05-09 16:34:00,1.25,,United Kingdom,11.25,Sale
559979,21577,SAVE THE PLANET COTTON TOTE BAG,6,2011-07-14 11:20:00,2.25,14862.0,United Kingdom,13.5,Sale
550470,22951,60 CAKE CASES DOLLY GIRL DESIGN,1,2011-04-18 13:49:00,1.25,,United Kingdom,1.25,Sale
540176,21428,SET3 BOOK BOX GREEN GINGHAM FLOWER ,16,2011-01-05 12:40:00,3.75,17511.0,United Kingdom,60.0,Sale
578196,85048,15CM CHRISTMAS GLASS BALL 20 LIGHTS,12,2011-11-23 11:43:00,6.95,16168.0,United Kingdom,83.4,Sale
545687,22149,FELTCRAFT 6 FLOWER FRIENDS,3,2011-03-06 12:20:00,2.1,17769.0,United Kingdom,6.300000000000001,Sale
559536,85124B,BLUE JUICY FRUIT PHOTO FRAME,3,2011-07-10 12:17:00,2.55,16283.0,United Kingdom,7.649999999999999,Sale
568992,85049E,SCANDINAVIAN REDS RIBBONS,6,2011-09-29 16:48:00,1.25,17218.0,United Kingdom,7.5,Sale
579196,21210,SET OF 72 RETROSPOT PAPER  DOILIES,4,2011-11-28 15:54:00,2.92,14096.0,United Kingdom,11.68,Sale
581219,84946,ANTIQUE SILVER T-LIGHT GLASS,15,2011-12-08 09:28:00,2.46,,United Kingdom,36.9,Sale
558233,84949,SILVER HANGING T-LIGHT HOLDER,6,2011-06-27 14:36:00,1.65,18073.0,United Kingdom,9.9,Sale
572553,22722,SET OF 6 SPICE TINS PANTRY DESIGN,3,2011-10-24 17:09:00,8.29,,United Kingdom,24.87,Sale
580753,21770,OPEN CLOSED METAL SIGN,2,2011-12-06 10:00:00,4.95,12682.0,France,9.9,Sale
575392,23367,SET 12 COLOUR PENCILS SPACEBOY ,16,2011-11-09 15:42:00,0.65,14234.0,United Kingdom,10.4,Sale
564430,23200,JUMBO BAG PEARS,10,2011-08-25 11:36:00,2.08,15955.0,United Kingdom,20.8,Sale
550996,21544,SKULLS  WATER TRANSFER TATTOOS ,24,2011-04-26 08:57:00,0.85,16681.0,United Kingdom,20.4,Sale
569866,23201,JUMBO BAG ALPHABET,10,2011-10-06 14:50:00,2.08,12757.0,Portugal,20.8,Sale
555115,20677,PINK POLKADOT BOWL,1,2011-05-31 14:58:00,2.46,,United Kingdom,2.46,Sale
571184,22112,CHOCOLATE HOT WATER BOTTLE,6,2011-10-14 11:09:00,4.95,15478.0,United Kingdom,29.700000000000003,Sale
573374,22558,CLOTHES PEGS RETROSPOT PACK 24 ,24,2011-10-30 13:39:00,1.65,14755.0,United Kingdom,39.6,Sale
552710,23174,REGENCY SUGAR BOWL GREEN,6,2011-05-11 07:35:00,4.15,13098.0,United Kingdom,24.9,Sale
551269,22382,LUNCH BAG SPACEBOY DESIGN ,10,2011-04-27 12:21:00,1.65,12840.0,United Kingdom,16.5,Sale
563776,20719,WOODLAND CHARLOTTE BAG,10,2011-08-19 11:23:00,0.85,12600.0,Germany,8.5,Sale
580394,22178,VICTORIAN GLASS HANGING T-LIGHT,48,2011-12-04 10:53:00,1.95,14397.0,United Kingdom,93.6,Sale
573166,22077,6 RIBBONS RUSTIC CHARM,12,2011-10-28 09:15:00,1.95,13089.0,United Kingdom,23.4,Sale
555399,22383,LUNCH BAG SUKI DESIGN ,3,2011-06-02 17:41:00,1.65,15555.0,United Kingdom,4.949999999999999,Sale
539631,22600,CHRISTMAS RETROSPOT STAR WOOD,2,2010-12-20 15:03:00,1.66,,United Kingdom,3.32,Sale
572063,22320,BIRDS MOBILE VINTAGE DESIGN,1,2011-10-20 12:57:00,5.95,14606.0,United Kingdom,5.95,Sale
556483,22666,RECIPE BOX PANTRY YELLOW DESIGN,1,2011-06-12 13:12:00,2.95,14823.0,United Kingdom,2.95,Sale
565415,21463,MIRRORED DISCO BALL ,2,2011-09-04 12:00:00,5.95,14067.0,United Kingdom,11.9,Sale
571288,23534,WALL ART STOP FOR TEA ,2,2011-10-16 15:13:00,5.95,16052.0,United Kingdom,11.9,Sale
554658,21931,JUMBO STORAGE BAG SUKI,10,2011-05-25 14:18:00,2.08,12839.0,United Kingdom,20.8,Sale
566783,22384,LUNCH BAG PINK POLKADOT,10,2011-09-15 10:18:00,1.65,13539.0,United Kingdom,16.5,Sale
556304,21932,SCANDINAVIAN PAISLEY PICNIC BAG,20,2011-06-10 10:29:00,1.65,12840.0,United Kingdom,33.0,Sale
539492,22603,CHRISTMAS RETROSPOT TREE WOOD,2,2010-12-20 10:14:00,1.66,,United Kingdom,3.32,Sale
567183,22046,TEA PARTY  WRAPPING PAPER ,25,2011-09-18 15:32:00,0.42,14769.0,United Kingdom,10.5,Sale
564372,21932,SCANDINAVIAN PAISLEY PICNIC BAG,10,2011-08-25 09:55:00,1.65,12714.0,France,16.5,Sale
541122,84968F,SET OF 16 VINTAGE SKY BLUE CUTLERY,1,2011-01-14 09:23:00,12.75,12708.0,Germany,12.75,Sale
566258,23129,HEART SHAPED HOLLY WREATH,6,2011-09-11 12:45:00,4.15,13124.0,United Kingdom,24.9,Sale
578997,23695,DOILY THANK YOU CARD,24,2011-11-27 16:02:00,0.42,18001.0,United Kingdom,10.08,Sale
542252,20725,LUNCH BAG RED RETROSPOT,6,2011-01-26 16:01:00,4.96,,United Kingdom,29.76,Sale
549278,22197,SMALL POPCORN HOLDER,13,2011-04-07 13:16:00,0.85,16255.0,United Kingdom,11.05,Sale
569461,23242,TREASURE TIN BUFFALO BILL ,6,2011-10-04 11:36:00,2.08,16556.0,United Kingdom,12.48,Sale
578817,23145,ZINC T-LIGHT HOLDER STAR LARGE,2,2011-11-25 13:45:00,0.95,16764.0,United Kingdom,1.9,Sale
550636,22133,PINK LOVE HEART SHAPE CUP,1,2011-04-19 15:37:00,1.63,,United Kingdom,1.63,Sale
555397,22920,HERB MARKER BASIL,1,2011-06-02 17:26:00,1.63,,United Kingdom,1.63,Sale
563014,85123A,WHITE HANGING HEART T-LIGHT HOLDER,32,2011-08-11 12:17:00,2.55,13408.0,United Kingdom,81.6,Sale
576696,20735,BLACK MINI TAPE MEASURE ,1,2011-11-16 12:26:00,0.85,16669.0,United Kingdom,0.85,Sale
542741,22985,"WRAP, BILLBOARD FONTS DESIGN",25,2011-01-31 16:02:00,0.42,17375.0,United Kingdom,10.5,Sale
563723,23326,HANGING MINI COLOURED BOTTLES,48,2011-08-18 16:43:00,0.63,13319.0,United Kingdom,30.24,Sale
569333,23203,JUMBO BAG VINTAGE DOILY ,10,2011-10-03 13:49:00,2.08,13431.0,United Kingdom,20.8,Sale
536544,85129D,BEADED CRYSTAL HEART PINK SMALL,1,2010-12-01 14:32:00,2.51,,United Kingdom,2.51,Sale
551440,22356,CHARLOTTE BAG PINK POLKADOT,1,2011-04-28 15:29:00,0.85,15311.0,United Kingdom,0.85,Sale
544803,85169C,EAU DE NIL LOVE BIRD CANDLE,7,2011-02-23 14:29:00,1.25,14606.0,United Kingdom,8.75,Sale
560368,20679,EDWARDIAN PARASOL RED,1,2011-07-18 12:25:00,5.95,17841.0,United Kingdom,5.95,Sale
546534,23182,TOILET SIGN OCCUPIED OR VACANT,24,2011-03-14 13:56:00,0.83,16150.0,United Kingdom,19.92,Sale
576617,23415,HOME SWEET HOME HOOK,1,2011-11-15 16:57:00,3.29,,United Kingdom,3.29,Sale
571797,21912,VINTAGE SNAKES & LADDERS,1,2011-10-19 11:41:00,7.46,,United Kingdom,7.46,Sale
545399,22077,6 RIBBONS RUSTIC CHARM,12,2011-03-02 11:48:00,1.65,14934.0,Channel Islands,19.8,Sale
558904,84569D,PACK 6 HEART/ICE-CREAM PATCHES,21,2011-07-04 16:18:00,0.83,,United Kingdom,17.43,Sale
558232,23167,SMALL CERAMIC TOP STORAGE JAR ,2,2011-06-27 14:30:00,0.83,17841.0,United Kingdom,1.66,Sale
575634,22720,SET OF 3 CAKE TINS PANTRY DESIGN ,3,2011-11-10 13:44:00,4.95,13266.0,United Kingdom,14.85,Sale
575683,22311,OFFICE MUG WARMER BLACK+SILVER ,144,2011-11-10 15:51:00,2.55,17389.0,United Kingdom,367.2,Sale
564724,21213,PACK OF 72 SKULL CAKE CASES,1,2011-08-28 12:16:00,0.55,15555.0,United Kingdom,0.55,Sale
553352,22427,ENAMEL FLOWER JUG CREAM,6,2011-05-16 13:41:00,5.95,13089.0,United Kingdom,35.7,Sale
566057,21989,PACK OF 20 SKULL PAPER NAPKINS,4,2011-09-08 15:16:00,0.85,17997.0,United Kingdom,3.4,Sale
558540,22072,RED RETROSPOT TEA CUP AND SAUCER ,12,2011-06-30 12:15:00,3.75,17706.0,United Kingdom,45.0,Sale
559338,22663,JUMBO BAG DOLLY GIRL DESIGN,5,2011-07-07 16:30:00,2.46,,United Kingdom,12.3,Sale
539039,82551,LAUNDRY 15C METAL SIGN,12,2010-12-15 15:00:00,1.45,13124.0,United Kingdom,17.4,Sale
557409,22918,HERB MARKER PARSLEY,12,2011-06-20 11:34:00,0.65,15410.0,United Kingdom,7.800000000000001,Sale
540551,84968F,SET OF 16 VINTAGE SKY BLUE CUTLERY,3,2011-01-10 09:43:00,8.47,,United Kingdom,25.410000000000004,Sale
549964,22090,PAPER BUNTING RETROSPOT,6,2011-04-13 14:12:00,2.95,13122.0,United Kingdom,17.700000000000003,Sale
571909,20669,RED HEART LUGGAGE TAG,1,2011-10-19 15:08:00,1.25,15006.0,United Kingdom,1.25,Sale
553477,48194,DOORMAT HEARTS,2,2011-05-17 11:46:00,7.95,14239.0,United Kingdom,15.9,Sale
581427,23356,LOVE HOT WATER BOTTLE,3,2011-12-08 15:36:00,5.95,13890.0,United Kingdom,17.85,Sale
579689,90214N,"LETTER ""N"" BLING KEY RING",2,2011-11-30 14:00:00,1.25,14606.0,United Kingdom,2.5,Sale
581217,22104,MIRROR MOSAIC CANDLE PLATE,4,2011-12-08 09:20:00,1.63,,United Kingdom,6.52,Sale
577791,22867,HAND WARMER BIRD DESIGN,12,2011-11-21 16:36:00,2.1,17100.0,United Kingdom,25.200000000000003,Sale
542777,22624,IVORY KITCHEN SCALES,2,2011-02-01 08:31:00,8.5,14911.0,EIRE,17.0,Sale
571714,23424,GINGHAM RECIPE BOOK BOX,1,2011-10-18 17:00:00,10.79,,United Kingdom,10.79,Sale
563613,23292,SPACEBOY CHILDRENS CUP,8,2011-08-18 08:49:00,1.25,12688.0,Israel,10.0,Sale
540026,84849B,FAIRY SOAP SOAP HOLDER,1,2011-01-04 13:25:00,3.36,,United Kingdom,3.36,Sale
546133,22027,TEA PARTY BIRTHDAY CARD,12,2011-03-09 15:20:00,0.42,14291.0,United Kingdom,5.04,Sale
578993,90014C,SILVER AND BLACK ORBIT NECKLACE,1,2011-11-27 15:38:00,2.95,15987.0,United Kingdom,2.95,Sale
550823,21977,PACK OF 60 PINK PAISLEY CAKE CASES,120,2011-04-21 09:36:00,0.42,16133.0,United Kingdom,50.4,Sale
574088,21485,RETROSPOT HEART HOT WATER BOTTLE,3,2011-11-03 08:56:00,4.95,18044.0,United Kingdom,14.85,Sale
572900,23084,RABBIT NIGHT LIGHT,60,2011-10-26 14:52:00,1.79,13107.0,United Kingdom,107.4,Sale
547072,20679,EDWARDIAN PARASOL RED,3,2011-03-20 14:01:00,5.95,13592.0,United Kingdom,17.85,Sale
550541,85123A,WHITE HANGING HEART T-LIGHT HOLDER,1,2011-04-19 11:33:00,5.79,,United Kingdom,5.79,Sale
560893,47590B,PINK HAPPY BIRTHDAY BUNTING,3,2011-07-21 17:08:00,5.45,13804.0,United Kingdom,16.35,Sale
573397,23320,GIANT 50'S CHRISTMAS CRACKER,1,2011-10-30 15:19:00,2.89,15547.0,United Kingdom,2.89,Sale
578687,23512,EMBROIDERED RIBBON REEL ROSIE,6,2011-11-25 09:23:00,2.08,14703.0,United Kingdom,12.48,Sale
565233,47310M,SMALL POP BOX FUNKY MONKEY,1,2011-09-02 09:34:00,1.63,,United Kingdom,1.63,Sale
544661,21908,CHOCOLATE THIS WAY METAL SIGN,12,2011-02-22 13:59:00,2.1,15303.0,United Kingdom,25.200000000000003,Sale
566195,82600,NO SINGING METAL SIGN,12,2011-09-09 13:44:00,2.1,12433.0,Norway,25.200000000000003,Sale
557937,37450,CERAMIC CAKE BOWL + HANGING CAKES,1,2011-06-23 15:30:00,5.79,,United Kingdom,5.79,Sale
546640,22720,SET OF 3 CAKE TINS PANTRY DESIGN ,3,2011-03-15 12:56:00,4.95,14092.0,United Kingdom,14.85,Sale
541424,21385,IVORY HANGING DECORATION  HEART,1,2011-01-17 17:57:00,1.63,,United Kingdom,1.63,Sale
539738,21033,JUMBO BAG CHARLIE AND LOLA TOYS,1,2010-12-21 15:19:00,5.49,,United Kingdom,5.49,Sale
571032,22649,STRAWBERRY FAIRY CAKE TEAPOT,1,2011-10-13 12:38:00,4.95,13827.0,United Kingdom,4.95,Sale
550205,22698,PINK REGENCY TEACUP AND SAUCER,2,2011-04-15 10:37:00,5.79,,United Kingdom,11.58,Sale
573137,21890,S/6 WOODEN SKITTLES IN COTTON BAG,1,2011-10-27 17:15:00,5.79,,United Kingdom,5.79,Sale
569247,23100,SILVER BELLS TABLE DECORATION,48,2011-10-03 10:08:00,1.25,17924.0,United Kingdom,60.0,Sale
551558,21930,JUMBO STORAGE BAG SKULLS,2,2011-05-03 10:41:00,2.08,17841.0,United Kingdom,4.16,Sale
580639,82482,WOODEN PICTURE FRAME WHITE FINISH,1,2011-12-05 12:46:00,2.95,17254.0,United Kingdom,2.95,Sale
571853,23370,SET 36 COLOURING PENCILS DOILY,128,2011-10-19 13:23:00,1.06,14306.0,United Kingdom,135.68,Sale
548309,84596B,SMALL DOLLY MIX DESIGN ORANGE BOWL,2,2011-03-30 12:02:00,0.42,16657.0,United Kingdom,0.84,Sale
554498,22439,6 ROCKET BALLOONS ,24,2011-05-24 14:39:00,0.65,15314.0,United Kingdom,15.6,Sale
558123,23205,CHARLOTTE BAG VINTAGE ALPHABET ,10,2011-06-27 10:16:00,0.85,15834.0,United Kingdom,8.5,Sale
568895,23203,JUMBO BAG VINTAGE DOILY ,4,2011-09-29 13:11:00,2.08,15356.0,United Kingdom,8.32,Sale
562553,23345, DOLLY GIRL BEAKER,1,2011-08-05 16:34:00,2.46,,United Kingdom,2.46,Sale
572303,22667,RECIPE BOX RETROSPOT ,1,2011-10-23 14:56:00,2.95,18109.0,United Kingdom,2.95,Sale
543815,22443,GROW YOUR OWN HERBS SET OF 3,1,2011-02-13 15:18:00,7.95,17255.0,United Kingdom,7.95,Sale
553752,22935,BAKING MOULD ROSE MILK CHOCOLATE,12,2011-05-19 10:20:00,3.25,14896.0,United Kingdom,39.0,Sale
573330,21809,CHRISTMAS HANGING TREE WITH BELL,48,2011-10-30 11:22:00,0.39,16923.0,United Kingdom,18.72,Sale
557960,22565,FELTCRAFT HAIRBANDS PINK AND WHITE ,1,2011-06-23 19:46:00,0.85,15453.0,United Kingdom,0.85,Sale
566060,21974,SET OF 36 PAISLEY FLOWER DOILIES,1,2011-09-08 15:27:00,2.92,,United Kingdom,2.92,Sale
571716,23307,SET OF 60 PANTRY DESIGN CAKE CASES ,1,2011-10-18 17:05:00,1.25,,United Kingdom,1.25,Sale
566193,21843,RED RETROSPOT CAKE STAND,1,2011-09-09 13:37:00,10.95,14961.0,United Kingdom,10.95,Sale
537237,90086,CRYSTAL FROG PHONE CHARM,1,2010-12-06 09:58:00,1.66,,United Kingdom,1.66,Sale
579283,21535,RED RETROSPOT SMALL MILK JUG,6,2011-11-29 10:45:00,2.55,13883.0,United Kingdom,15.3,Sale
580727,22697,GREEN REGENCY TEACUP AND SAUCER,2,2011-12-05 17:17:00,5.79,14096.0,United Kingdom,11.58,Sale
559751,85099B,JUMBO BAG RED RETROSPOT,4,2011-07-12 11:28:00,2.08,14688.0,United Kingdom,8.32,Sale
580696,21470,FLOWER VINE RAFFIA FOOD COVER,1,2011-12-05 16:04:00,3.75,17757.0,United Kingdom,3.75,Sale
563764,22156,HEART DECORATION WITH PEARLS ,1,2011-08-19 11:15:00,0.85,14606.0,United Kingdom,0.85,Sale
543021,21928,JUMBO BAG SCANDINAVIAN PAISLEY,10,2011-02-02 14:36:00,1.95,15421.0,United Kingdom,19.5,Sale
580305,23318,BOX OF 6 MINI VINTAGE CRACKERS,1,2011-12-02 14:26:00,2.49,12970.0,United Kingdom,2.49,Sale
575739,21905,MORE BUTTER METAL SIGN ,1,2011-11-11 09:05:00,1.63,,United Kingdom,1.63,Sale
576686,22294,HEART FILIGREE DOVE  SMALL,8,2011-11-16 12:08:00,1.25,16916.0,United Kingdom,10.0,Sale
542058,21199,PINK  HEART CONFETTI IN TUBE,48,2011-01-25 11:59:00,0.42,15601.0,United Kingdom,20.16,Sale
548172,84997B,CHILDRENS CUTLERY RETROSPOT RED ,4,2011-03-29 14:13:00,4.15,15738.0,United Kingdom,16.6,Sale
556247,22150,3 STRIPEY MICE FELTCRAFT,20,2011-06-09 16:16:00,1.95,15058.0,United Kingdom,39.0,Sale
556416,22699,ROSES REGENCY TEACUP AND SAUCER ,2,2011-06-10 12:19:00,2.95,15527.0,United Kingdom,5.9,Sale
545340,21380,WOODEN HAPPY BIRTHDAY GARLAND,6,2011-03-02 08:41:00,2.95,15416.0,United Kingdom,17.700000000000003,Sale
538566,22945,CHRISTMAS METAL TAGS ASSORTED ,5,2010-12-13 11:21:00,11.02,,United Kingdom,55.1,Sale
580520,85061W,WHITE JEWELLED HEART DECORATION,2,2011-12-04 14:55:00,0.85,13521.0,United Kingdom,1.7,Sale
566872,23005,TRAVEL CARD WALLET I LOVE LONDON,24,2011-09-15 13:28:00,0.42,16729.0,United Kingdom,10.08,Sale
542633,22423,REGENCY CAKESTAND 3 TIER,2,2011-01-31 10:31:00,24.96,,United Kingdom,49.92,Sale
576836,23341,PINK DINER WALL CLOCK,2,2011-11-16 15:14:00,8.5,16191.0,United Kingdom,17.0,Sale
572283,23398,HANGING HEART BONHEUR,2,2011-10-23 11:42:00,0.85,15000.0,United Kingdom,1.7,Sale
568938,23328,SET 6 SCHOOL MILK BOTTLES IN CRATE,3,2011-09-29 14:46:00,3.75,17220.0,United Kingdom,11.25,Sale
573511,22252,BIRDCAGE DECORATION TEALIGHT HOLDER,12,2011-10-31 12:25:00,1.25,12347.0,Iceland,15.0,Sale
571433,22191,IVORY DINER WALL CLOCK,2,2011-10-17 13:19:00,8.5,13015.0,United Kingdom,17.0,Sale
567625,23410,CURIO CABINET LINEN AND LACE ,2,2011-09-21 12:55:00,8.15,13627.0,United Kingdom,16.3,Sale
578793,21137,BLACK RECORD COVER FRAME,480,2011-11-25 12:21:00,3.39,16210.0,United Kingdom,1627.2,Sale
577314,85059,FRENCH ENAMEL WATER BASIN,8,2011-11-18 13:23:00,3.75,12444.0,Norway,30.0,Sale
546972,22112,CHOCOLATE HOT WATER BOTTLE,1,2011-03-18 12:04:00,12.46,,United Kingdom,12.46,Sale
558877,23290,SPACEBOY CHILDRENS BOWL,1,2011-07-04 13:50:00,1.25,17841.0,United Kingdom,1.25,Sale
544467,85130C,BEADED CRYSTAL HEART BLUE  LARGE,1,2011-02-20 15:51:00,1.65,14502.0,United Kingdom,1.65,Sale
580729,22553,PLASTERS IN TIN SKULLS,1,2011-12-05 17:24:00,3.29,,United Kingdom,3.29,Sale
565236,20979,36 PENCILS TUBE RED RETROSPOT,16,2011-09-02 09:45:00,1.25,14276.0,United Kingdom,20.0,Sale
544040,22722,SET OF 6 SPICE TINS PANTRY DESIGN,3,2011-02-15 11:40:00,3.95,14701.0,United Kingdom,11.85,Sale
551656,22607,WOODEN ROUNDERS GARDEN SET ,2,2011-05-03 12:10:00,9.95,14911.0,EIRE,19.9,Sale
569575,23271,CHRISTMAS TABLE SILVER CANDLE SPIKE,16,2011-10-05 10:37:00,0.83,16106.0,United Kingdom,13.28,Sale
570187,22619,SET OF 6 SOLDIER SKITTLES,1,2011-10-07 15:09:00,7.46,,United Kingdom,7.46,Sale
551173,20978,36 PENCILS TUBE SKULLS,2,2011-04-26 16:54:00,2.46,,United Kingdom,4.92,Sale
572092,21617,4 LILY  BOTANICAL DINNER CANDLES,12,2011-10-20 14:41:00,1.25,17125.0,United Kingdom,15.0,Sale
544684,79321,CHILLI LIGHTS,1,2011-02-22 16:32:00,10.79,,United Kingdom,10.79,Sale
576051,22627,MINT KITCHEN SCALES,6,2011-11-13 14:45:00,8.5,14911.0,EIRE,51.0,Sale
539044,21212,PACK OF 72 RETROSPOT CAKE CASES,24,2010-12-15 15:47:00,0.55,15727.0,United Kingdom,13.2,Sale
556512,23182,TOILET SIGN OCCUPIED OR VACANT,4,2011-06-13 10:44:00,0.83,14688.0,United Kingdom,3.32,Sale
577768,90003D,CRYSTAL PAIR HEART HAIR SLIDES,1,2011-11-21 15:18:00,3.73,,United Kingdom,3.73,Sale
560248,22961,JAM MAKING SET PRINTED,3,2011-07-17 12:24:00,1.45,16255.0,United Kingdom,4.35,Sale
574074,21446,12 RED ROSE PEG PLACE SETTINGS,1,2011-11-02 15:33:00,2.46,,United Kingdom,2.46,Sale
566952,21207,SKULL AND CROSSBONES  GARLAND ,2,2011-09-15 16:37:00,1.63,,United Kingdom,3.26,Sale
578225,23103,JINGLE BELL HEART DECORATION,24,2011-11-23 11:51:00,1.65,17700.0,United Kingdom,39.6,Sale
541975,21843,RED RETROSPOT CAKE STAND,4,2011-01-24 14:24:00,10.95,,Hong Kong,43.8,Sale
579472,21329,DINOSAURS  WRITING SET ,1,2011-11-29 15:09:00,1.65,13521.0,United Kingdom,1.65,Sale
548505,84380,SET OF 3 BUTTERFLY COOKIE CUTTERS,1,2011-03-31 14:34:00,3.29,,United Kingdom,3.29,Sale
578472,22730,ALARM CLOCK BAKELIKE IVORY,8,2011-11-24 12:40:00,3.75,12476.0,Germany,30.0,Sale
551462,85213,MINI  ZINC GARDEN DECORATIONS ,12,2011-04-28 16:11:00,0.85,15210.0,United Kingdom,10.2,Sale
573426,20719,WOODLAND CHARLOTTE BAG,21,2011-10-31 10:17:00,2.46,,United Kingdom,51.66,Sale
536609,22752,SET 7 BABUSHKA NESTING BOXES,2,2010-12-02 09:41:00,7.65,17850.0,United Kingdom,15.3,Sale
581439,22816,CARD MOTORBIKE SANTA,21,2011-12-08 16:30:00,0.42,,United Kingdom,8.82,Sale
545327,22680,FRENCH BLUE METAL DOOR SIGN 5,2,2011-03-01 15:16:00,1.25,13166.0,United Kingdom,2.5,Sale
580519,22356,CHARLOTTE BAG PINK POLKADOT,28,2011-12-04 14:51:00,2.46,,United Kingdom,68.88,Sale
578522,16235,RECYCLED PENCIL WITH RABBIT ERASER,6,2011-11-24 14:09:00,0.21,17254.0,United Kingdom,1.26,Sale
563351,21927,BLUE/CREAM STRIPE CUSHION COVER ,4,2011-08-15 14:17:00,1.25,16902.0,United Kingdom,5.0,Sale
558475,21519,GIN & TONIC DIET GREETING CARD ,2,2011-06-29 15:58:00,0.83,,United Kingdom,1.66,Sale
569846,22961,JAM MAKING SET PRINTED,36,2011-10-06 13:42:00,1.45,13422.0,United Kingdom,52.2,Sale
543985,17012C,ORIGAMI LAVENDER INCENSE/CANDL SET ,1,2011-02-15 09:44:00,2.46,,United Kingdom,2.46,Sale
568069,22077,6 RIBBONS RUSTIC CHARM,12,2011-09-23 14:05:00,1.65,13336.0,United Kingdom,19.8,Sale
558475,21530,DAIRY MAID TOASTRACK,1,2011-06-29 15:58:00,3.29,,United Kingdom,3.29,Sale
552726,21257,VICTORIAN SEWING BOX MEDIUM,2,2011-05-11 10:31:00,7.95,14920.0,United Kingdom,15.9,Sale
575129,48194,DOORMAT HEARTS,1,2011-11-08 14:30:00,8.25,13110.0,United Kingdom,8.25,Sale
556937,21672,WHITE SPOT RED CERAMIC DRAWER KNOB,12,2011-06-15 16:05:00,1.25,17716.0,United Kingdom,15.0,Sale
573038,23581,JUMBO BAG PAISLEY PARK,1,2011-10-27 13:48:00,2.08,17545.0,United Kingdom,2.08,Sale
536592,84946,ANTIQUE SILVER TEA GLASS ETCHED,28,2010-12-01 17:06:00,2.51,,United Kingdom,70.28,Sale
575972,22632,HAND WARMER RED RETROSPOT,2,2011-11-13 13:01:00,2.1,14499.0,United Kingdom,4.2,Sale
577690,22467,GUMBALL COAT RACK,2,2011-11-21 11:34:00,2.55,12856.0,United Kingdom,5.1,Sale
567968,22579,WOODEN TREE CHRISTMAS SCANDINAVIAN,12,2011-09-23 09:44:00,0.85,12546.0,Spain,10.2,Sale
562113,22109,FULL ENGLISH BREAKFAST PLATE,2,2011-08-02 16:11:00,7.46,,United Kingdom,14.92,Sale
568680,85066,CREAM SWEETHEART MINI CHEST,2,2011-09-28 14:10:00,12.75,18265.0,United Kingdom,25.5,Sale
538008,21154,RED RETROSPOT OVEN GLOVE ,10,2010-12-09 12:17:00,1.25,12683.0,France,12.5,Sale
542662,22417,PACK OF 60 SPACEBOY CAKE CASES,24,2011-01-31 12:10:00,0.55,18145.0,United Kingdom,13.2,Sale
567794,23120,PACK OF 6 SMALL FRUIT STRAWS,12,2011-09-22 11:41:00,0.42,17581.0,United Kingdom,5.04,Sale
540353,22191,IVORY DINER WALL CLOCK,1,2011-01-06 14:53:00,8.5,13764.0,United Kingdom,8.5,Sale
577258,22470,HEART OF WICKER LARGE,1,2011-11-18 12:27:00,2.95,16764.0,United Kingdom,2.95,Sale
542272,22860,EASTER TIN CHICKS PINK DAISY,6,2011-01-27 09:42:00,1.65,16496.0,United Kingdom,9.9,Sale
576355,22773,GREEN DRAWER KNOB ACRYLIC EDWARDIAN,24,2011-11-14 16:28:00,1.25,13089.0,United Kingdom,30.0,Sale
537434,21918,SET 12 KIDS COLOUR  CHALK STICKS,3,2010-12-06 16:57:00,0.85,,United Kingdom,2.55,Sale
557494,21989,PACK OF 20 SKULL PAPER NAPKINS,7,2011-06-20 15:19:00,1.63,,United Kingdom,11.41,Sale
559055,22718,CARD CAT AND TREE ,1,2011-07-05 17:09:00,0.83,,United Kingdom,0.83,Sale
557217,20971,PINK BLUE FELT CRAFT TRINKET BOX,12,2011-06-17 12:30:00,1.25,17426.0,United Kingdom,15.0,Sale
556198,23078,ICE CREAM PEN LIP GLOSS ,24,2011-06-09 12:30:00,1.25,14963.0,United Kingdom,30.0,Sale
559032,16161U,WRAP SUKI AND FRIENDS,25,2011-07-05 14:53:00,0.42,17511.0,United Kingdom,10.5,Sale
578089,23480,MINI LIGHTS WOODLAND MUSHROOMS,8,2011-11-22 17:02:00,3.75,12483.0,Sweden,30.0,Sale
562042,23344,JUMBO BAG 50'S CHRISTMAS ,30,2011-08-02 10:19:00,2.08,13075.0,United Kingdom,62.400000000000006,Sale
558196,23284,DOORMAT KEEP CALM AND COME IN,2,2011-06-27 12:38:00,7.95,16033.0,United Kingdom,15.9,Sale
548212,84988,SET OF 72 PINK HEART PAPER DOILIES,12,2011-03-30 09:12:00,1.45,12456.0,Switzerland,17.4,Sale
577157,23346,SPACEBOY BEAKER,12,2011-11-18 09:58:00,1.25,12451.0,Switzerland,15.0,Sale
572035,22714,CARD BIRTHDAY COWBOY,72,2011-10-20 12:03:00,0.36,14646.0,Netherlands,25.92,Sale
549023,22084,PAPER CHAIN KIT EMPIRE,4,2011-04-05 16:27:00,5.79,,United Kingdom,23.16,Sale
538178,22059,CERAMIC STRAWBERRY DESIGN MUG,12,2010-12-10 09:51:00,1.49,17696.0,United Kingdom,17.88,Sale
558232,47310M,SMALL POP BOX FUNKY MONKEY,2,2011-06-27 14:30:00,1.25,17841.0,United Kingdom,2.5,Sale
537442,21506,"FANCY FONT BIRTHDAY CARD, ",1,2010-12-06 17:29:00,0.42,,United Kingdom,0.42,Sale
554514,21291,SMALL POLKADOT CHOCOLATE GIFT BAG ,1,2011-05-24 15:58:00,1.63,,United Kingdom,1.63,Sale
538349,85135B,BLUE DRAGONFLY HELICOPTER,4,2010-12-10 14:59:00,8.47,,United Kingdom,33.88,Sale
569026,23294,SET OF 6 SNACK LOAF BAKING CASES,8,2011-09-30 10:18:00,0.83,16101.0,United Kingdom,6.64,Sale
541507,22664,TOY TIDY DOLLY GIRL DESIGN,1,2011-01-18 16:05:00,4.13,,United Kingdom,4.13,Sale
567341,22795,SWEETHEART RECIPE BOOK STAND,16,2011-09-19 15:04:00,5.95,14961.0,United Kingdom,95.2,Sale
560942,20723,STRAWBERRY CHARLOTTE BAG,6,2011-07-22 11:31:00,0.85,15005.0,United Kingdom,5.1,Sale
564750,22624,IVORY KITCHEN SCALES,2,2011-08-30 09:36:00,8.5,17690.0,United Kingdom,17.0,Sale
552457,21933,PINK VINTAGE PAISLEY PICNIC BAG,5,2011-05-09 14:40:00,1.65,16477.0,United Kingdom,8.25,Sale
568208,23211,RED ROCKING HORSE HAND PAINTED,24,2011-09-25 15:35:00,1.25,12783.0,Portugal,30.0,Sale
565919,85087,CANDY SPOT CUSHION COVER,1,2011-09-07 16:48:00,3.29,,United Kingdom,3.29,Sale
550311,82578,KITCHEN METAL SIGN,1,2011-04-17 11:04:00,0.55,16728.0,United Kingdom,0.55,Sale
565471,23318,BOX OF 6 MINI VINTAGE CRACKERS,6,2011-09-05 10:12:00,2.49,13931.0,United Kingdom,14.94,Sale
537666,22184,CAKE STAND VICTORIAN FILIGREE LARGE,1,2010-12-07 18:36:00,8.47,,United Kingdom,8.47,Sale
558710,22955,36 FOIL STAR CAKE CASES ,1,2011-07-01 13:04:00,2.1,15483.0,United Kingdom,2.1,Sale
537650,22312,OFFICE MUG WARMER POLKADOT,6,2010-12-07 15:48:00,2.95,16125.0,United Kingdom,17.700000000000003,Sale
580685,23445,ICE CREAM BUBBLES,40,2011-12-05 15:16:00,0.83,17676.0,United Kingdom,33.2,Sale
552285,21868,POTTING SHED TEA MUG,1,2011-05-08 12:58:00,1.25,14684.0,United Kingdom,1.25,Sale
561111,21380,WOODEN HAPPY BIRTHDAY GARLAND,6,2011-07-25 11:49:00,2.95,16422.0,United Kingdom,17.700000000000003,Sale
578233,20726,LUNCH BAG WOODLAND,10,2011-11-23 12:20:00,1.65,14049.0,United Kingdom,16.5,Sale
572298,21770,OPEN CLOSED METAL SIGN,1,2011-10-23 14:33:00,4.95,14071.0,United Kingdom,4.95,Sale
564172,21706,FOLDING UMBRELLA RED/WHITE POLKADOT,3,2011-08-23 14:19:00,4.95,16033.0,United Kingdom,14.85,Sale
549250,35911A,MULTICOLOUR RABBIT EGG WARMER,3,2011-04-07 12:10:00,0.85,14446.0,United Kingdom,2.55,Sale
559289,22355,CHARLOTTE BAG SUKI DESIGN,4,2011-07-07 12:22:00,0.85,15719.0,United Kingdom,3.4,Sale
540026,21556,CERAMIC STRAWBERRY MONEY BOX,9,2011-01-04 13:25:00,2.51,,United Kingdom,22.59,Sale
556214,10133,COLOURING PENCILS BROWN TUBE,20,2011-06-09 14:14:00,0.42,14913.0,United Kingdom,8.4,Sale
546891,21977,PACK OF 60 PINK PAISLEY CAKE CASES,2,2011-03-17 18:18:00,1.25,,United Kingdom,2.5,Sale
568921,21034,REX CASH+CARRY JUMBO SHOPPER,2,2011-09-29 14:40:00,0.95,17373.0,United Kingdom,1.9,Sale
550778,22728,ALARM CLOCK BAKELIKE PINK,4,2011-04-20 13:36:00,3.75,14868.0,United Kingdom,15.0,Sale
566053,22203,MILK PAN RED RETROSPOT,1,2011-09-08 14:57:00,3.75,14410.0,United Kingdom,3.75,Sale
542103,22487,WHITE WOOD GARDEN PLANT LADDER,1,2011-01-25 13:26:00,9.95,13198.0,United Kingdom,9.95,Sale
573291,22784,LANTERN CREAM GAZEBO ,3,2011-10-28 14:51:00,4.95,16554.0,United Kingdom,14.85,Sale
579196,22965,3 TRADITIONAl BISCUIT CUTTERS  SET,1,2011-11-28 15:54:00,4.13,14096.0,United Kingdom,4.13,Sale
559138,21090,SET/6 COLLAGE PAPER PLATES,8,2011-07-06 13:35:00,0.39,16919.0,United Kingdom,3.12,Sale
578074,22703,PINK CAT BOWL,1,2011-11-22 16:06:00,2.1,17590.0,United Kingdom,2.1,Sale
540153,22679,FRENCH BLUE METAL DOOR SIGN 4,10,2011-01-05 11:25:00,1.25,15841.0,United Kingdom,12.5,Sale
542107,21902,"KEY FOB , FRONT  DOOR ",4,2011-01-25 13:38:00,0.65,16222.0,United Kingdom,2.6,Sale
568650,23236,STORAGE TIN VINTAGE DOILY ,6,2011-09-28 11:56:00,2.89,13505.0,Switzerland,17.34,Sale
544569,22611,VINTAGE UNION JACK SHOPPING BAG,2,2011-02-21 12:58:00,4.95,16980.0,United Kingdom,9.9,Sale
546426,22650,CERAMIC PIRATE CHEST MONEY BANK,4,2011-03-13 13:46:00,1.45,13708.0,United Kingdom,5.8,Sale
547053,84946,ANTIQUE SILVER T-LIGHT GLASS,72,2011-03-20 12:08:00,1.06,13001.0,United Kingdom,76.32000000000001,Sale
561610,23301,GARDENERS KNEELING PAD KEEP CALM ,12,2011-07-28 12:28:00,1.65,16076.0,United Kingdom,19.8,Sale
537219,22969,HOMEMADE JAM SCENTED CANDLES,12,2010-12-05 15:47:00,1.45,14081.0,United Kingdom,17.4,Sale
577785,20978,36 PENCILS TUBE SKULLS,8,2011-11-21 16:25:00,1.25,16369.0,United Kingdom,10.0,Sale
564308,21845,DAIRY MAID STRIPE MUG,36,2011-08-24 12:36:00,0.79,13901.0,United Kingdom,28.44,Sale
546367,22501,PICNIC BASKET WICKER LARGE,16,2011-03-11 11:38:00,8.5,15513.0,United Kingdom,136.0,Sale
543274,47566,PARTY BUNTING,6,2011-02-06 12:48:00,4.95,17392.0,United Kingdom,29.700000000000003,Sale
540986,21755,LOVE BUILDING BLOCK WORD,3,2011-01-12 16:14:00,5.95,15291.0,United Kingdom,17.85,Sale
570491,23332,IVORY WICKER HEART LARGE,5,2011-10-10 17:26:00,1.65,14395.0,United Kingdom,8.25,Sale
540681,20719,WOODLAND CHARLOTTE BAG,2,2011-01-10 16:25:00,1.66,,United Kingdom,3.32,Sale
545748,22980,PANTRY SCRUBBING BRUSH,48,2011-03-07 11:52:00,1.45,17381.0,United Kingdom,69.6,Sale
568469,22112,CHOCOLATE HOT WATER BOTTLE,3,2011-09-27 11:38:00,4.95,14141.0,United Kingdom,14.85,Sale
569374,22818,CARD CHRISTMAS VILLAGE,9,2011-10-03 16:14:00,0.42,,United Kingdom,3.78,Sale
567859,22751,FELTCRAFT PRINCESS OLIVIA DOLL,4,2011-09-22 13:51:00,3.75,12936.0,United Kingdom,15.0,Sale
560359,21535,RED RETROSPOT SMALL MILK JUG,1,2011-07-18 11:47:00,2.55,14159.0,United Kingdom,2.55,Sale
551718,21873,IF YOU CAN'T STAND THE HEAT MUG,1,2011-05-03 16:06:00,3.29,,United Kingdom,3.29,Sale
544766,22195,LARGE HEART MEASURING SPOONS,1,2011-02-23 11:09:00,3.29,,United Kingdom,3.29,Sale
547881,22499,WOODEN UNION JACK BUNTING,3,2011-03-27 16:08:00,5.95,13110.0,United Kingdom,17.85,Sale
557938,20866,BLUE ROSE FABRIC MIRROR,1,2011-06-23 15:35:00,2.46,,United Kingdom,2.46,Sale
559052,22268,DECORATION SITTING BUNNY,11,2011-07-05 16:53:00,0.63,,United Kingdom,6.93,Sale
572758,23338,EGG FRYING PAN RED ,1,2011-10-25 18:39:00,4.13,,United Kingdom,4.13,Sale
556636,23000,TRAVEL CARD WALLET TRANSPORT,2,2011-06-13 15:30:00,0.83,,United Kingdom,1.66,Sale
562649,21539,RED RETROSPOT BUTTER DISH,1,2011-08-08 13:11:00,4.95,14606.0,United Kingdom,4.95,Sale
570411,22326,ROUND SNACK BOXES SET OF4 WOODLAND ,6,2011-10-10 13:11:00,2.95,16954.0,United Kingdom,17.700000000000003,Sale
548861,22089,PAPER BUNTING VINTAGE PAISLEY,6,2011-04-04 13:42:00,2.95,18185.0,United Kingdom,17.700000000000003,Sale
573178,21218,RED SPOTTY BISCUIT TIN,6,2011-10-28 10:45:00,3.75,14412.0,United Kingdom,22.5,Sale
569667,23298,SPOTTY BUNTING,3,2011-10-05 13:42:00,4.95,17521.0,United Kingdom,14.85,Sale
558641,82582,AREA PATROLLED METAL SIGN,12,2011-07-01 09:19:00,2.1,17865.0,United Kingdom,25.200000000000003,Sale
540646,70006,LOVE HEART POCKET WARMER,2,2011-01-10 14:32:00,1.66,,United Kingdom,3.32,Sale
580115,23212,HEART WREATH DECORATION WITH BELL,1,2011-12-01 16:22:00,2.46,,United Kingdom,2.46,Sale
580272,21265,PINK GOOSE FEATHER TREE 60CM,4,2011-12-02 12:52:00,1.95,15547.0,United Kingdom,7.8,Sale
544789,22960,JAM MAKING SET WITH JARS,6,2011-02-23 12:25:00,4.25,13993.0,United Kingdom,25.5,Sale
576617,84380,SET OF 3 BUTTERFLY COOKIE CUTTERS,2,2011-11-15 16:57:00,2.46,,United Kingdom,4.92,Sale
560566,21578,WOODLAND DESIGN  COTTON TOTE BAG,6,2011-07-19 13:45:00,2.25,12662.0,Germany,13.5,Sale
566451,23040,PAPER LANTERN 9 POINT SNOW STAR ,3,2011-09-12 16:14:00,5.75,18069.0,United Kingdom,17.25,Sale
569469,23301,GARDENERS KNEELING PAD KEEP CALM ,8,2011-10-04 12:22:00,1.65,16360.0,United Kingdom,13.2,Sale
572882,23354,6 GIFT TAGS 50'S CHRISTMAS ,12,2011-10-26 13:36:00,0.83,18226.0,United Kingdom,9.96,Sale
562046,21243,PINK  POLKADOT PLATE ,16,2011-08-02 10:34:00,1.69,12378.0,Switzerland,27.04,Sale
561870,10133,COLOURING PENCILS BROWN TUBE,20,2011-07-31 11:45:00,0.42,14911.0,EIRE,8.4,Sale
575130,23084,RABBIT NIGHT LIGHT,1,2011-11-08 14:38:00,2.08,,United Kingdom,2.08,Sale
539252,10135,COLOURING PENCILS BROWN TUBE,40,2010-12-16 14:17:00,0.42,17744.0,United Kingdom,16.8,Sale
566495,20728,LUNCH BAG CARS BLUE,6,2011-09-13 11:14:00,1.65,15529.0,United Kingdom,9.9,Sale
577403,23029,DRAWER KNOB CRACKLE GLAZE GREEN,6,2011-11-20 10:15:00,1.65,13988.0,United Kingdom,9.9,Sale
541971,15056BL,EDWARDIAN PARASOL BLACK,1,2011-01-24 13:48:00,12.46,,United Kingdom,12.46,Sale
544069,22628,PICNIC BOXES SET OF 3 RETROSPOT ,4,2011-02-15 14:17:00,4.95,12616.0,France,19.8,Sale
558613,21975,PACK OF 60 DINOSAUR CAKE CASES,24,2011-06-30 15:46:00,0.55,14911.0,EIRE,13.2,Sale
577318,82583,HOT BATHS METAL SIGN,24,2011-11-18 13:42:00,2.1,17675.0,United Kingdom,50.400000000000006,Sale
571654,85034A,3 GARDENIA MORRIS BOXED CANDLES,1,2011-10-18 12:17:00,1.25,18118.0,United Kingdom,1.25,Sale
543253,22655,VINTAGE RED KITCHEN CABINET,1,2011-02-04 15:32:00,295.0,14842.0,United Kingdom,295.0,Sale
564974,22614,PACK OF 12 SPACEBOY TISSUES,1,2011-08-31 15:32:00,0.83,,United Kingdom,0.83,Sale
546883,22519,CHILDS GARDEN BRUSH PINK,6,2011-03-17 18:03:00,2.1,13707.0,United Kingdom,12.6,Sale
550272,22425,ENAMEL COLANDER CREAM,1,2011-04-15 12:14:00,4.95,18079.0,United Kingdom,4.95,Sale
547381,22367,CHILDRENS APRON SPACEBOY DESIGN,4,2011-03-22 15:25:00,1.95,18041.0,United Kingdom,7.8,Sale
574673,22577,WOODEN HEART CHRISTMAS SCANDINAVIAN,20,2011-11-06 12:26:00,0.29,15555.0,United Kingdom,5.8,Sale
539437,22042,CHRISTMAS CARD SINGING ANGEL,1,2010-12-17 14:54:00,0.43,,United Kingdom,0.43,Sale
550953,22294,HEART FILIGREE DOVE  SMALL,1,2011-04-21 16:17:00,2.46,,United Kingdom,2.46,Sale
575873,23209,LUNCH BAG VINTAGE DOILY ,100,2011-11-11 12:53:00,1.45,17677.0,United Kingdom,145.0,Sale
539631,22190,LOCAL CAFE MUG,1,2010-12-20 15:03:00,2.51,,United Kingdom,2.51,Sale
566195,21485,RETROSPOT HEART HOT WATER BOTTLE,6,2011-09-09 13:44:00,4.95,12433.0,Norway,29.700000000000003,Sale
572703,22867,HAND WARMER BIRD DESIGN,1,2011-10-25 14:35:00,2.1,16110.0,United Kingdom,2.1,Sale
567472,23208,LUNCH BAG VINTAGE LEAF DESIGN,1,2011-09-20 12:47:00,1.65,15039.0,United Kingdom,1.65,Sale
580612,22795,SWEETHEART RECIPE BOOK STAND,2,2011-12-05 11:58:00,13.29,,United Kingdom,26.58,Sale
566213,84077,WORLD WAR 2 GLIDERS ASSTD DESIGNS,48,2011-09-09 15:09:00,0.29,14895.0,United Kingdom,13.919999999999998,Sale
576840,23534,WALL ART STOP FOR TEA ,2,2011-11-16 15:23:00,12.46,,United Kingdom,24.92,Sale
539262,21891,TRADITIONAL WOODEN SKIPPING ROPE,12,2010-12-16 14:35:00,1.25,15789.0,United Kingdom,15.0,Sale
556365,22759,SET OF 3 NOTEBOOKS IN PARCEL,2,2011-06-10 11:44:00,1.65,16370.0,United Kingdom,3.3,Sale
544406,22548,HEADS AND TAILS SPORTING FUN,3,2011-02-18 13:26:00,1.25,16726.0,United Kingdom,3.75,Sale
566405,23005,TRAVEL CARD WALLET I LOVE LONDON,48,2011-09-12 13:41:00,0.42,17919.0,United Kingdom,20.16,Sale
565967,20677,PINK POLKADOT BOWL,24,2011-09-08 11:27:00,1.25,14646.0,Netherlands,30.0,Sale
559521,21212,PACK OF 72 RETROSPOT CAKE CASES,13,2011-07-08 16:26:00,0.55,,Unspecified,7.15,Sale
540464,84792,ENCHANTED BIRD COATHANGER 5 HOOK,8,2011-01-07 13:17:00,3.81,14298.0,United Kingdom,30.48,Sale
559120,21931,JUMBO STORAGE BAG SUKI,5,2011-07-06 12:18:00,2.08,16393.0,United Kingdom,10.4,Sale
543737,20794,BLUE  TILE HOOK,8,2011-02-11 12:45:00,2.55,12477.0,Germany,20.4,Sale
566408,82552,WASHROOM METAL SIGN,2,2011-09-12 13:43:00,1.45,16984.0,United Kingdom,2.9,Sale
574356,84347,ROTATING SILVER ANGELS T-LIGHT HLDR,13,2011-11-04 10:48:00,5.79,,United Kingdom,75.27,Sale
560251,23191,BUNDLE OF 3 RETRO NOTE BOOKS,2,2011-07-17 12:32:00,1.65,17774.0,United Kingdom,3.3,Sale
572066,22730,ALARM CLOCK BAKELIKE IVORY,8,2011-10-20 13:07:00,3.75,15159.0,United Kingdom,30.0,Sale
543900,22729,ALARM CLOCK BAKELIKE ORANGE,8,2011-02-14 12:11:00,3.75,12621.0,Germany,30.0,Sale
566781,23356,LOVE HOT WATER BOTTLE,6,2011-09-15 10:11:00,5.95,17333.0,United Kingdom,35.7,Sale
542806,22770,MIRROR CORNICE,2,2011-02-01 11:20:00,14.95,12836.0,United Kingdom,29.9,Sale
569224,22153,ANGEL DECORATION STARS ON DRESS,5,2011-10-02 14:00:00,0.42,15701.0,United Kingdom,2.1,Sale
543111,22077,6 RIBBONS RUSTIC CHARM,2,2011-02-03 12:44:00,1.65,15719.0,United Kingdom,3.3,Sale
581237,21889,WOODEN BOX OF DOMINOES,4,2011-12-08 10:40:00,1.25,15443.0,United Kingdom,5.0,Sale
575507,22622,BOX OF VINTAGE ALPHABET BLOCKS,12,2011-11-10 10:32:00,9.95,17197.0,United Kingdom,119.4,Sale
567470,21810,CHRISTMAS HANGING STAR WITH BELL,5,2011-09-20 12:39:00,0.39,16624.0,United Kingdom,1.95,Sale
544455,22651,GENTLEMAN SHIRT REPAIR KIT ,10,2011-02-20 13:18:00,0.85,13097.0,United Kingdom,8.5,Sale
538917,18097C,WHITE TALL PORCELAIN T-LIGHT HOLDER,2,2010-12-15 10:57:00,2.55,17449.0,United Kingdom,5.1,Sale
566262,22561,WOODEN SCHOOL COLOURING SET,12,2011-09-11 12:56:00,1.65,15527.0,United Kingdom,19.8,Sale
580729,22116,METAL SIGN HIS DINNER IS SERVED,1,2011-12-05 17:24:00,1.63,,United Kingdom,1.63,Sale
559536,22374,AIRLINE BAG VINTAGE JET SET RED,1,2011-07-10 12:17:00,4.25,16283.0,United Kingdom,4.25,Sale
543166,22625,RED KITCHEN SCALES,2,2011-02-04 08:27:00,8.5,13488.0,United Kingdom,17.0,Sale
567967,23287,RED VINTAGE SPOT BEAKER,1,2011-09-23 09:39:00,0.85,15858.0,United Kingdom,0.85,Sale
576899,20679,EDWARDIAN PARASOL RED,3,2011-11-17 08:49:00,5.95,14911.0,EIRE,17.85,Sale
539958,22123,PING MICROWAVE APRON,1,2010-12-23 13:26:00,5.06,,United Kingdom,5.06,Sale
536856,21591,COSY HOUR CIGAR BOX MATCHES ,24,2010-12-03 10:26:00,1.25,13370.0,United Kingdom,30.0,Sale
579250,22867,HAND WARMER BIRD DESIGN,12,2011-11-28 16:35:00,2.1,14480.0,United Kingdom,25.200000000000003,Sale
546087,17003,BROCADE RING PURSE ,72,2011-03-09 11:35:00,0.29,13026.0,United Kingdom,20.88,Sale
541696,21884,CAKES AND BOWS GIFT  TAPE,4,2011-01-20 18:08:00,0.42,,United Kingdom,1.68,Sale
538991,21873,IF YOU CAN'T STAND THE HEAT MUG,36,2010-12-15 11:53:00,0.42,17511.0,United Kingdom,15.12,Sale
566221,47310M,SMALL POP BOX FUNKY MONKEY,1,2011-09-09 16:13:00,1.63,,United Kingdom,1.63,Sale
540168,21034,REX CASH+CARRY JUMBO SHOPPER,3,2011-01-05 12:15:00,0.95,13715.0,United Kingdom,2.85,Sale
546190,22979,PANTRY WASHING UP BRUSH,12,2011-03-10 10:57:00,1.45,13102.0,United Kingdom,17.4,Sale
577768,22549,PICTURE DOMINOES,3,2011-11-21 15:18:00,3.29,,United Kingdom,9.87,Sale
553162,22969,HOMEMADE JAM SCENTED CANDLES,1,2011-05-13 15:53:00,3.29,,United Kingdom,3.29,Sale
557674,21121,SET/10 RED POLKADOT PARTY CANDLES,288,2011-06-22 10:19:00,1.06,16422.0,United Kingdom,305.28000000000003,Sale
571189,22338,STAR DECORATION PAINTED ZINC ,96,2011-10-14 11:42:00,0.19,13213.0,United Kingdom,18.24,Sale
554708,21749,LARGE RED RETROSPOT WINDMILL,6,2011-05-26 10:25:00,2.1,16449.0,United Kingdom,12.6,Sale
568212,23493,VINTAGE DOILY TRAVEL SEWING KIT,2,2011-09-25 16:05:00,1.95,15154.0,United Kingdom,3.9,Sale
572513,84818,DANISH ROSE PHOTO FRAME,1,2011-10-24 14:36:00,0.79,16728.0,United Kingdom,0.79,Sale
558558,22661,CHARLOTTE BAG DOLLY GIRL DESIGN,2,2011-06-30 13:17:00,0.85,17841.0,United Kingdom,1.7,Sale
561922,20748,KENSINGTON COFFEE SET,2,2011-08-01 12:12:00,12.75,13167.0,United Kingdom,25.5,Sale
540839,22960,JAM MAKING SET WITH JARS,1,2011-01-11 15:42:00,4.25,16791.0,United Kingdom,4.25,Sale
580557,84970L,SINGLE HEART ZINC T-LIGHT HOLDER,12,2011-12-05 10:19:00,1.25,14911.0,EIRE,15.0,Sale
563739,21179,NO JUNK MAIL METAL SIGN,7,2011-08-18 20:05:00,0.39,17750.0,United Kingdom,2.73,Sale
572758,84078A,SET/4 WHITE RETRO STORAGE CUBES ,1,2011-10-25 18:39:00,58.29,,United Kingdom,58.29,Sale
571214,22791,T-LIGHT GLASS FLUTED ANTIQUE,12,2011-10-14 12:56:00,1.25,14390.0,United Kingdom,15.0,Sale
555566,20973,12 PENCIL SMALL TUBE WOODLAND,3,2011-06-05 15:19:00,0.65,14659.0,United Kingdom,1.95,Sale
551315,22427,ENAMEL FLOWER JUG CREAM,3,2011-04-27 15:08:00,5.95,17725.0,United Kingdom,17.85,Sale
546000,23126,DOLLCRAFT GIRL AMELIE,4,2011-03-08 14:47:00,4.95,13089.0,United Kingdom,19.8,Sale
551258,23078,ICE CREAM PEN LIP GLOSS ,24,2011-04-27 12:02:00,1.25,12621.0,Germany,30.0,Sale
562918,22776,SWEETHEART CAKESTAND 3 TIER,3,2011-08-10 13:51:00,9.95,15615.0,United Kingdom,29.85,Sale
578022,23197,SKETCHBOOK MAGNETIC SHOPPING LIST,1,2011-11-22 13:25:00,1.45,17371.0,United Kingdom,1.45,Sale
567671,22378,WALL TIDY RETROSPOT ,2,2011-09-21 15:34:00,4.13,,United Kingdom,8.26,Sale
562553,20974,12 PENCILS SMALL TUBE SKULL,1,2011-08-05 16:34:00,1.25,,United Kingdom,1.25,Sale
574501,22207,FRYING PAN UNION FLAG,3,2011-11-04 13:15:00,4.25,12577.0,France,12.75,Sale
549188,21775,DECORATIVE FLORE BATHROOM BOTTLE,12,2011-04-07 10:10:00,1.25,13731.0,United Kingdom,15.0,Sale
567211,21993,FLORAL FOLK STATIONERY SET,1,2011-09-19 11:02:00,1.25,14159.0,United Kingdom,1.25,Sale
568576,21731,RED TOADSTOOL LED NIGHT LIGHT,24,2011-09-28 09:40:00,1.65,17017.0,United Kingdom,39.6,Sale
560283,22090,PAPER BUNTING RETROSPOT,6,2011-07-18 08:32:00,2.95,,EIRE,17.700000000000003,Sale
568702,21915,RED  HARMONICA IN BOX ,1,2011-09-28 15:18:00,1.25,17950.0,United Kingdom,1.25,Sale
573585,21802,CHRISTMAS TREE HEART DECORATION,121,2011-10-31 14:41:00,0.42,,United Kingdom,50.82,Sale
551172,23067,HANGING ENGRAVED METAL HEART,4,2011-04-26 16:53:00,4.15,17854.0,United Kingdom,16.6,Sale
536375,21730,GLASS STAR FROSTED T-LIGHT HOLDER,6,2010-12-01 09:32:00,4.25,17850.0,United Kingdom,25.5,Sale
555510,21244,BLUE POLKADOT PLATE ,1,2011-06-03 17:09:00,3.29,,United Kingdom,3.29,Sale
539492,21109,LARGE CAKE TOWEL CHOCOLATE SPOTS,1,2010-12-20 10:14:00,13.57,,United Kingdom,13.57,Sale
555275,85211,S/4 GROOVY CAT MAGNETS,1,2011-06-01 17:18:00,3.29,,United Kingdom,3.29,Sale
571940,85048,15CM CHRISTMAS GLASS BALL 20 LIGHTS,2,2011-10-20 09:57:00,7.95,15301.0,United Kingdom,15.9,Sale
566922,23317,BLUE REFECTORY CLOCK ,2,2011-09-15 14:58:00,9.95,16156.0,United Kingdom,19.9,Sale
560780,15056n,EDWARDIAN PARASOL NATURAL,3,2011-07-21 09:31:00,12.46,,United Kingdom,37.38,Sale
550359,22773,GREEN DRAWER KNOB ACRYLIC EDWARDIAN,12,2011-04-18 10:41:00,1.25,17841.0,United Kingdom,15.0,Sale
565437,85049G,CHOCOLATE BOX RIBBONS ,8,2011-09-04 13:48:00,1.25,17050.0,United Kingdom,10.0,Sale
567096,35637C,PINK STRING CURTAIN WITH POLE,9,2011-09-16 13:13:00,1.95,15099.0,United Kingdom,17.55,Sale
580520,84988,SET OF 72 PINK HEART PAPER DOILIES,2,2011-12-04 14:55:00,1.45,13521.0,United Kingdom,2.9,Sale
581232,22059,CERAMIC STRAWBERRY DESIGN MUG,24,2011-12-08 10:26:00,0.39,12358.0,Austria,9.36,Sale
577506,23284,DOORMAT KEEP CALM AND COME IN,1,2011-11-20 12:40:00,8.25,13212.0,United Kingdom,8.25,Sale
562420,84879,ASSORTED COLOUR BIRD ORNAMENT,8,2011-08-04 16:38:00,1.69,,United Kingdom,13.52,Sale
571554,22731,3D CHRISTMAS STAMPS STICKERS ,4,2011-10-18 09:13:00,1.63,,United Kingdom,6.52,Sale
543973,85062,PEARL CRYSTAL PUMPKIN T-LIGHT HLDR,6,2011-02-14 15:15:00,1.65,17571.0,United Kingdom,9.9,Sale
568953,22741,FUNKY DIVA PEN,48,2011-09-29 15:31:00,0.85,12728.0,France,40.8,Sale
541282,22199,FRYING PAN RED RETROSPOT,2,2011-01-17 12:31:00,4.25,17690.0,United Kingdom,8.5,Sale
559369,23121,PACK OF 6 COCKTAIL PARASOL STRAWS,24,2011-07-08 10:00:00,0.42,14388.0,United Kingdom,10.08,Sale
555349,20725,LUNCH BAG RED RETROSPOT,10,2011-06-02 12:08:00,1.65,16729.0,United Kingdom,16.5,Sale
540364,21871,SAVE THE PLANET MUG,4,2011-01-06 16:03:00,1.25,14505.0,United Kingdom,5.0,Sale
567621,23323,WHITE WICKER STAR ,4,2011-09-21 12:46:00,2.1,16016.0,United Kingdom,8.4,Sale
579408,22945,CHRISTMAS METAL TAGS ASSORTED ,7,2011-11-29 12:34:00,0.85,14701.0,United Kingdom,5.95,Sale
567043,82483,WOOD 2 DRAWER CABINET WHITE FINISH,2,2011-09-16 11:27:00,6.95,13268.0,United Kingdom,13.9,Sale
558738,21679,SKULLS  STICKERS,12,2011-07-01 15:35:00,0.85,12922.0,United Kingdom,10.2,Sale
546465,82486,WOOD S/3 CABINET ANT WHITE FINISH,4,2011-03-14 10:57:00,8.95,14395.0,United Kingdom,35.8,Sale
577501,23192,BUNDLE OF 3 ALPHABET EXERCISE BOOKS,12,2011-11-20 12:32:00,1.65,14075.0,United Kingdom,19.8,Sale
543916,21928,JUMBO BAG SCANDINAVIAN PAISLEY,2,2011-02-14 13:22:00,1.95,,United Kingdom,3.9,Sale
559307,20713,JUMBO BAG OWLS,5,2011-07-07 13:02:00,2.08,15356.0,United Kingdom,10.4,Sale
567297,82484,WOOD BLACK BOARD ANT WHITE FINISH,2,2011-09-19 12:27:00,7.95,15594.0,United Kingdom,15.9,Sale
543013,21195,PINK  HONEYCOMB PAPER BALL ,1,2011-02-02 13:35:00,4.13,,United Kingdom,4.13,Sale
561028,22659,LUNCH BOX I LOVE LONDON,2,2011-07-24 11:06:00,1.95,17769.0,United Kingdom,3.9,Sale
569374,46118,FUNKY MONKEY CUSHION COVER,1,2011-10-03 16:14:00,4.13,,United Kingdom,4.13,Sale
561322,21506,"FANCY FONT BIRTHDAY CARD, ",12,2011-07-26 13:03:00,0.42,15203.0,United Kingdom,5.04,Sale
542898,21232,STRAWBERRY CERAMIC TRINKET BOX,4,2011-02-01 14:01:00,1.25,16110.0,United Kingdom,5.0,Sale
571673,22649,STRAWBERRY FAIRY CAKE TEAPOT,8,2011-10-18 13:19:00,4.95,13991.0,United Kingdom,39.6,Sale
540026,22134,MINI LADLE LOVE HEART RED ,8,2011-01-04 13:25:00,0.43,,United Kingdom,3.44,Sale
574680,21928,JUMBO BAG SCANDINAVIAN BLUE PAISLEY,10,2011-11-06 12:40:00,2.08,15078.0,United Kingdom,20.8,Sale
552687,DOT,DOTCOM POSTAGE,1,2011-05-10 15:09:00,246.5,,United Kingdom,246.5,Sale
571270,23427,STOOL HOME SWEET HOME ,1,2011-10-16 12:09:00,12.5,12940.0,United Kingdom,12.5,Sale
538890,22533,MAGIC DRAWING SLATE BAKE A CAKE ,2,2010-12-14 16:39:00,0.42,12867.0,United Kingdom,0.84,Sale
551134,23208,LUNCH BAG VINTAGE LEAF DESIGN,2,2011-04-26 13:02:00,1.65,16729.0,United Kingdom,3.3,Sale
580632,22557,PLASTERS IN TIN VINTAGE PAISLEY ,2,2011-12-05 12:16:00,1.65,16360.0,United Kingdom,3.3,Sale
570600,22867,HAND WARMER BIRD DESIGN,12,2011-10-11 12:05:00,2.1,16076.0,United Kingdom,25.200000000000003,Sale
572912,23012,GLASS APOTHECARY BOTTLE PERFUME,2,2011-10-26 16:07:00,3.95,16915.0,United Kingdom,7.9,Sale
538810,22555,PLASTERS IN TIN STRONGMAN,1,2010-12-14 12:18:00,1.65,14871.0,United Kingdom,1.65,Sale
553369,82482,WOODEN PICTURE FRAME WHITE FINISH,6,2011-05-16 14:30:00,2.55,15044.0,United Kingdom,15.3,Sale
552839,23067,HANGING ENGRAVED METAL HEART,4,2011-05-11 14:25:00,4.15,14367.0,United Kingdom,16.6,Sale
551174,22682,FRENCH BLUE METAL DOOR SIGN 7,4,2011-04-26 17:02:00,1.25,,United Kingdom,5.0,Sale
572766,22686,FRENCH BLUE METAL DOOR SIGN No,96,2011-10-26 10:03:00,1.06,16013.0,United Kingdom,101.76,Sale
546742,22231,JIGSAW TREE WITH BIRDHOUSE,3,2011-03-16 12:26:00,1.45,12849.0,United Kingdom,4.35,Sale
569231,22049,WRAP CHRISTMAS SCREEN PRINT,25,2011-10-02 15:18:00,0.19,13379.0,United Kingdom,4.75,Sale
565199,22797,CHEST OF DRAWERS GINGHAM HEART ,3,2011-09-01 16:30:00,16.95,18171.0,United Kingdom,50.85,Sale
545597,90180A,BLACK+WHITE NECKLACE W TASSEL,1,2011-03-04 10:58:00,9.95,14570.0,United Kingdom,9.95,Sale
568134,22075,6 RIBBONS ELEGANT CHRISTMAS ,1,2011-09-23 17:02:00,1.63,,United Kingdom,1.63,Sale
539595,85231G,ORANGE SCENTED SET/9 T-LIGHTS,1,2010-12-20 13:43:00,1.66,,United Kingdom,1.66,Sale
578844,22988,SOLDIERS EGG CUP ,6,2011-11-25 16:14:00,2.46,,United Kingdom,14.76,Sale
561085,22356,CHARLOTTE BAG PINK POLKADOT,10,2011-07-25 09:26:00,0.85,14367.0,United Kingdom,8.5,Sale
567612,84970L,SINGLE HEART ZINC T-LIGHT HOLDER,12,2011-09-21 11:48:00,1.25,17164.0,United Kingdom,15.0,Sale
580115,85099C,JUMBO  BAG BAROQUE BLACK WHITE,1,2011-12-01 16:22:00,4.13,,United Kingdom,4.13,Sale
553022,22847,BREAD BIN DINER STYLE IVORY,4,2011-05-12 19:23:00,14.95,18172.0,United Kingdom,59.8,Sale
564050,22383,LUNCH BAG SUKI DESIGN ,10,2011-08-22 13:32:00,1.65,17160.0,United Kingdom,16.5,Sale
556727,23236,DOILEY STORAGE TIN,6,2011-06-14 11:33:00,2.89,17675.0,United Kingdom,17.34,Sale
549296,21181,PLEASE ONE PERSON METAL SIGN,12,2011-04-08 07:37:00,2.1,14619.0,United Kingdom,25.200000000000003,Sale
549520,48187,DOORMAT NEW ENGLAND,2,2011-04-08 15:19:00,7.95,13265.0,United Kingdom,15.9,Sale
567670,21976,PACK OF 60 MUSHROOM CAKE CASES,3,2011-09-21 15:32:00,1.25,,United Kingdom,3.75,Sale
569236,17012A,ORIGAMI VANILLA INCENSE/CANDLE SET ,6,2011-10-02 15:49:00,0.85,14432.0,United Kingdom,5.1,Sale
547920,84970S,HANGING HEART ZINC T-LIGHT HOLDER,12,2011-03-28 12:52:00,0.85,14730.0,United Kingdom,10.2,Sale
576303,22895,SET OF 2 TEA TOWELS APPLE AND PEARS,1,2011-11-14 14:51:00,3.25,15532.0,United Kingdom,3.25,Sale
575930,84828,JUNGLE POPSICLES ICE LOLLY MOULDS,1,2011-11-11 17:58:00,2.46,,United Kingdom,2.46,Sale
580516,22141,CHRISTMAS CRAFT TREE TOP ANGEL,2,2011-12-04 14:15:00,2.1,17954.0,United Kingdom,4.2,Sale
557577,22994,TRAVEL CARD WALLET RETROSPOT,1,2011-06-21 11:02:00,0.42,14606.0,United Kingdom,0.42,Sale
567307,22384,LUNCH BAG PINK POLKADOT,10,2011-09-19 13:35:00,1.65,15078.0,United Kingdom,16.5,Sale
572224,23323,WHITE WICKER STAR ,6,2011-10-21 13:46:00,2.1,16558.0,United Kingdom,12.6,Sale
558904,22983,CARD BILLBOARD FONT,1,2011-07-04 16:18:00,0.83,,United Kingdom,0.83,Sale
574278,22822,CREAM WALL PLANTER HEART SHAPED,2,2011-11-03 14:42:00,5.95,15814.0,United Kingdom,11.9,Sale
560257,23312,VINTAGE CHRISTMAS GIFT SACK,4,2011-07-17 13:25:00,4.15,13340.0,United Kingdom,16.6,Sale
581428,23247,BISCUIT TIN 50'S CHRISTMAS,6,2011-12-08 15:37:00,2.89,13404.0,United Kingdom,17.34,Sale
576600,20894,HANGING BAUBLE T-LIGHT HOLDER LARGE,3,2011-11-15 15:08:00,2.95,18181.0,United Kingdom,8.850000000000001,Sale
561651,22493,PAINT YOUR OWN CANVAS SET,1,2011-07-28 15:36:00,3.29,,United Kingdom,3.29,Sale
549592,21441,BLUE BIRDHOUSE DECORATION,12,2011-04-11 10:14:00,0.85,14311.0,United Kingdom,10.2,Sale
573585,22357,KINGS CHOICE BISCUIT TIN,1,2011-10-31 14:41:00,4.13,,United Kingdom,4.13,Sale
561910,21539,RED RETROSPOT BUTTER DISH,12,2011-08-01 10:23:00,4.25,17053.0,United Kingdom,51.0,Sale
571931,72586,SET OF 6 HALLOWEEN GHOST T-LIGHTS,1,2011-10-19 16:59:00,0.83,,United Kingdom,0.83,Sale
553148,21976,PACK OF 60 MUSHROOM CAKE CASES,24,2011-05-13 14:09:00,0.55,,Hong Kong,13.2,Sale
557265,22728,ALARM CLOCK BAKELIKE PINK,4,2011-06-19 11:10:00,3.75,13097.0,United Kingdom,15.0,Sale
575073,23551,PACK OF 12 PAISLEY PARK TISSUES ,12,2011-11-08 13:10:00,0.39,13975.0,United Kingdom,4.68,Sale
580640,22193,RED DINER WALL CLOCK,1,2011-12-05 12:51:00,8.5,16910.0,United Kingdom,8.5,Sale
562955,21580,RABBIT  DESIGN  COTTON TOTE BAG,2,2011-08-11 10:14:00,4.96,,United Kingdom,9.92,Sale
575668,23343,JUMBO BAG VINTAGE CHRISTMAS ,1,2011-11-10 14:59:00,2.08,18283.0,United Kingdom,2.08,Sale
548448,21828,EIGHT PIECE SNAKE  SET,20,2011-03-31 11:07:00,1.25,18041.0,United Kingdom,25.0,Sale
570356,51014A,"FEATHER PEN,HOT PINK",120,2011-10-10 12:30:00,0.39,15330.0,United Kingdom,46.8,Sale
552281,47590B,PINK HAPPY BIRTHDAY BUNTING,2,2011-05-08 12:42:00,5.45,15704.0,United Kingdom,10.9,Sale
570488,85170D,SET/6 PINK BIRD T-LIGHT CANDLES,1,2011-10-10 17:12:00,4.13,14096.0,United Kingdom,4.13,Sale
556085,21078,SET/20 STRAWBERRY PAPER NAPKINS ,3,2011-06-08 15:23:00,2.46,,United Kingdom,7.38,Sale
572758,21479,WHITE SKULL HOT WATER BOTTLE ,2,2011-10-25 18:39:00,8.29,,United Kingdom,16.58,Sale
540352,DOT,DOTCOM POSTAGE,1,2011-01-06 14:27:00,306.35,,United Kingdom,306.35,Sale
545423,22685,FRENCH BLUE METAL DOOR SIGN 0,10,2011-03-02 14:34:00,1.25,15643.0,United Kingdom,12.5,Sale
580399,23508,MINI PLAYING CARDS DOLLY GIRL ,5,2011-12-04 11:45:00,0.42,13471.0,United Kingdom,2.1,Sale
580729,21981,PACK OF 12 WOODLAND TISSUES ,6,2011-12-05 17:24:00,0.83,,United Kingdom,4.98,Sale
577980,22619,SET OF 6 SOLDIER SKITTLES,1,2011-11-22 12:24:00,3.75,16330.0,United Kingdom,3.75,Sale
580664,23491,VINTAGE JINGLE BELLS HEART,2,2011-12-05 14:03:00,8.25,15097.0,United Kingdom,16.5,Sale
540275,22352,LUNCH BOX WITH CUTLERY RETROSPOT ,6,2011-01-06 12:11:00,2.55,13680.0,United Kingdom,15.3,Sale
564740,21993,FLORAL FOLK STATIONERY SET,2,2011-08-28 14:39:00,1.25,14044.0,United Kingdom,2.5,Sale
571892,22364,GLASS JAR DIGESTIVE BISCUITS,6,2011-10-19 14:12:00,2.95,13089.0,United Kingdom,17.700000000000003,Sale
565409,23292,SPACEBOY CHILDRENS CUP,16,2011-09-04 11:15:00,1.25,16761.0,United Kingdom,20.0,Sale
581219,22153,ANGEL DECORATION STARS ON DRESS,2,2011-12-08 09:28:00,0.83,,United Kingdom,1.66,Sale
553384,22727,ALARM CLOCK BAKELIKE RED ,1,2011-05-16 15:53:00,3.75,16899.0,United Kingdom,3.75,Sale
543518,21381,MINI WOODEN HAPPY BIRTHDAY GARLAND,36,2011-02-09 11:21:00,1.69,12753.0,Japan,60.84,Sale
556889,21242,RED RETROSPOT PLATE ,8,2011-06-15 12:39:00,1.69,16644.0,United Kingdom,13.52,Sale
545217,22962,JAM JAR WITH PINK LID,1,2011-02-28 16:59:00,1.63,,United Kingdom,1.63,Sale
553009,21832,CHOCOLATE CALCULATOR,4,2011-05-12 16:52:00,1.65,13601.0,United Kingdom,6.6,Sale
574896,23489,VINTAGE BELLS GARLAND,1,2011-11-07 14:51:00,2.89,17014.0,United Kingdom,2.89,Sale
580759,16161P,WRAP ENGLISH ROSE ,25,2011-12-06 10:30:00,0.42,17593.0,United Kingdom,10.5,Sale
574475,22565,FELTCRAFT HAIRBANDS PINK AND WHITE ,12,2011-11-04 12:18:00,0.85,14132.0,United Kingdom,10.2,Sale
572681,23454,THREE MINI HANGING FRAMES,4,2011-10-25 13:51:00,4.15,13510.0,United Kingdom,16.6,Sale
560772,85168B,BLACK BAROQUE CARRIAGE CLOCK,1,2011-07-20 16:12:00,8.29,,United Kingdom,8.29,Sale
559492,22197,POPCORN HOLDER,2,2011-07-08 13:53:00,1.63,,United Kingdom,3.26,Sale
541267,22722,SET OF 6 SPICE TINS PANTRY DESIGN,4,2011-01-17 10:37:00,3.95,12779.0,Poland,15.8,Sale
541883,22767,TRIPLE PHOTO FRAME CORNICE ,2,2011-01-24 10:56:00,9.95,13408.0,United Kingdom,19.9,Sale
568593,82482,WOODEN PICTURE FRAME WHITE FINISH,6,2011-09-28 10:54:00,2.95,13988.0,United Kingdom,17.700000000000003,Sale
544466,21326,AGED GLASS SILVER T-LIGHT HOLDER,48,2011-02-20 15:43:00,0.65,14606.0,United Kingdom,31.200000000000003,Sale
559676,22781,GUMBALL MAGAZINE RACK,6,2011-07-11 14:40:00,7.65,17340.0,United Kingdom,45.900000000000006,Sale
541497,84870C,GREEN GEISHA GIRL ,1,2011-01-18 15:19:00,2.46,,United Kingdom,2.46,Sale
580115,22064,PINK DOUGHNUT TRINKET POT ,1,2011-12-01 16:22:00,3.29,,United Kingdom,3.29,Sale
545568,21080,SET/20 RED RETROSPOT PAPER NAPKINS ,4,2011-03-03 16:22:00,1.63,,United Kingdom,6.52,Sale
572926,20956,PORCELAIN T-LIGHT HOLDERS ASSORTED,12,2011-10-27 09:23:00,1.25,15659.0,United Kingdom,15.0,Sale
576540,23559,WOODLAND BUNNIES LOLLY MAKERS,1,2011-11-15 12:48:00,2.08,18043.0,United Kingdom,2.08,Sale
544193,20677,PINK POLKADOT BOWL,8,2011-02-17 08:23:00,1.25,12431.0,Belgium,10.0,Sale
553691,22796,PHOTO FRAME 3 CLASSIC HANGING,1,2011-05-18 14:08:00,9.95,15311.0,United Kingdom,9.95,Sale
541590,22976,CIRCUS PARADE CHILDRENS EGG CUP ,12,2011-01-19 14:50:00,1.25,13310.0,United Kingdom,15.0,Sale
559637,84077,WORLD WAR 2 GLIDERS ASSTD DESIGNS,480,2011-07-11 12:15:00,0.21,17381.0,United Kingdom,100.8,Sale
543641,22645,CERAMIC HEART FAIRY CAKE MONEY BANK,4,2011-02-10 17:19:00,1.45,14555.0,United Kingdom,5.8,Sale
570703,23209,LUNCH BAG VINTAGE DOILY ,10,2011-10-12 09:50:00,1.65,14911.0,EIRE,16.5,Sale
561513,21990,MODERN FLORAL STATIONERY SET,2,2011-07-27 15:12:00,2.46,,United Kingdom,4.92,Sale
558774,20725,LUNCH BAG RED RETROSPOT,3,2011-07-04 10:17:00,4.13,,United Kingdom,12.39,Sale
574354,22305,COFFEE MUG PINK PAISLEY DESIGN,18,2011-11-04 10:47:00,2.55,17203.0,United Kingdom,45.9,Sale
578147,21990,MODERN FLORAL STATIONERY SET,2,2011-11-23 11:09:00,1.25,12748.0,United Kingdom,2.5,Sale
572552,21935,SUKI  SHOULDER BAG,4,2011-10-24 17:07:00,1.63,14096.0,United Kingdom,6.52,Sale
569897,22662,LUNCH BAG DOLLY GIRL DESIGN,1,2011-10-06 16:01:00,1.65,17813.0,United Kingdom,1.65,Sale
559038,20727,LUNCH BAG  BLACK SKULL.,15,2011-07-05 15:31:00,4.96,,United Kingdom,74.4,Sale
543829,21238,RED RETROSPOT CUP,96,2011-02-14 09:47:00,0.72,12939.0,United Kingdom,69.12,Sale
555397,22969,HOMEMADE JAM SCENTED CANDLES,4,2011-06-02 17:26:00,3.29,,United Kingdom,13.16,Sale
557888,22565,FELTCRAFT HAIRBANDS PINK AND WHITE ,1,2011-06-23 13:51:00,0.85,14656.0,United Kingdom,0.85,Sale
578155,20749,ASSORTED COLOUR MINI CASES,1,2011-11-23 11:32:00,7.95,12748.0,United Kingdom,7.95,Sale
547910,22664,TOY TIDY DOLLY GIRL DESIGN,2,2011-03-28 12:23:00,2.1,14159.0,United Kingdom,4.2,Sale
536544,21822,GLITTER CHRISTMAS TREE WITH BELLS,1,2010-12-01 14:32:00,4.21,,United Kingdom,4.21,Sale
559802,21080,SET/20 RED RETROSPOT PAPER NAPKINS ,4,2011-07-12 13:48:00,2.46,,United Kingdom,9.84,Sale
566720,22203,MILK PAN RED RETROSPOT,1,2011-09-14 12:42:00,3.75,13634.0,United Kingdom,3.75,Sale
568154,23393,HOME SWEET HOME CUSHION COVER ,2,2011-09-25 12:06:00,3.75,13787.0,United Kingdom,7.5,Sale
542664,22664,TOY TIDY DOLLY GIRL DESIGN,2,2011-01-31 12:14:00,4.13,,United Kingdom,8.26,Sale
551339,22151,PLACE SETTING WHITE HEART,10,2011-04-27 17:18:00,1.63,,United Kingdom,16.299999999999997,Sale
546670,84459A,PINK METAL CHICKEN HEART ,3,2011-03-15 15:37:00,1.49,13451.0,United Kingdom,4.47,Sale
561670,21975,PACK OF 60 DINOSAUR CAKE CASES,24,2011-07-28 17:15:00,0.55,17373.0,United Kingdom,13.2,Sale
581334,22726,ALARM CLOCK BAKELIKE GREEN,2,2011-12-08 12:07:00,3.75,17841.0,United Kingdom,7.5,Sale
541206,21986,PACK OF 12 PINK POLKADOT TISSUES,48,2011-01-14 12:24:00,0.29,14646.0,Netherlands,13.919999999999998,Sale
565231,35961,FOLKART ZINC HEART CHRISTMAS DEC,35,2011-09-02 09:26:00,1.63,,United Kingdom,57.05,Sale
560393,22491,PACK OF 12 COLOURED PENCILS,12,2011-07-18 13:33:00,0.85,14808.0,United Kingdom,10.2,Sale
553013,84919,BLUE CUSHION COVER WITH FLOWER,1,2011-05-12 18:19:00,5.79,,United Kingdom,5.79,Sale
570592,23204,CHARLOTTE BAG APPLES DESIGN,10,2011-10-11 11:37:00,2.46,,United Kingdom,24.6,Sale
539453,85017B,ENVELOPE 50 BLOSSOM IMAGES,1,2010-12-17 17:08:00,0.85,,United Kingdom,0.85,Sale
555602,23298,SPOTTY BUNTING,6,2011-06-06 11:26:00,4.95,16235.0,United Kingdom,29.700000000000003,Sale
574298,23582,VINTAGE DOILY JUMBO BAG RED ,8,2011-11-03 15:56:00,2.08,,United Kingdom,16.64,Sale
540859,84279P,CHERRY BLOSSOM  DECORATIVE FLASK,2,2011-01-12 10:58:00,3.75,17965.0,United Kingdom,7.5,Sale
570250,22196,SMALL HEART MEASURING SPOONS,12,2011-10-10 09:01:00,0.85,14027.0,United Kingdom,10.2,Sale
576837,37500,TEA TIME TEAPOT IN GIFT BOX,1,2011-11-16 15:16:00,8.29,,United Kingdom,8.29,Sale
566033,22211,WOOD STAMP SET FLOWERS,1,2011-09-08 13:07:00,0.83,16031.0,United Kingdom,0.83,Sale
549522,22489,PACK OF 12 TRADITIONAL CRAYONS,24,2011-04-08 15:34:00,0.42,16873.0,United Kingdom,10.08,Sale
569417,22972,CHILDREN'S SPACEBOY MUG,12,2011-10-04 10:29:00,1.65,17629.0,United Kingdom,19.8,Sale
569231,22170,PICTURE FRAME WOOD TRIPLE PORTRAIT,2,2011-10-02 15:18:00,6.75,13379.0,United Kingdom,13.5,Sale
536544,35961,FOLKART ZINC HEART CHRISTMAS DEC,1,2010-12-01 14:32:00,1.66,,United Kingdom,1.66,Sale
580367,21676,FLOWERS  STICKERS,1,2011-12-02 16:39:00,1.63,,United Kingdom,1.63,Sale
560251,21034,REX CASH+CARRY JUMBO SHOPPER,2,2011-07-17 12:32:00,0.95,17774.0,United Kingdom,1.9,Sale
559693,22250,DECORATION  BUTTERFLY  MAGIC GARDEN,1,2011-07-11 16:21:00,0.83,,United Kingdom,0.83,Sale
558862,22761,CHEST 7 DRAWER MA CAMPAGNE,1,2011-07-04 12:25:00,24.95,13901.0,United Kingdom,24.95,Sale
555247,23103,JINGLE BELL HEART DECORATION,24,2011-06-01 14:42:00,1.65,14315.0,United Kingdom,39.6,Sale
551007,22668,PINK BABY BUNTING,4,2011-04-26 09:49:00,5.79,,United Kingdom,23.16,Sale
543113,85016,SET OF 6 VINTAGE NOTELETS KIT,6,2011-02-03 13:06:00,2.55,13047.0,United Kingdom,15.3,Sale
580729,21224,SET/4 SKULL BADGES,5,2011-12-05 17:24:00,0.83,,United Kingdom,4.15,Sale
574856,22720,SET OF 3 CAKE TINS PANTRY DESIGN ,3,2011-11-07 12:06:00,10.79,,United Kingdom,32.37,Sale
575583,22755,SMALL PURPLE BABUSHKA NOTEBOOK ,2,2011-11-10 11:55:00,0.85,14456.0,United Kingdom,1.7,Sale
545897,21820,GLITTER HEART GARLAND WITH BELLS ,1,2011-03-07 17:22:00,7.46,,United Kingdom,7.46,Sale
565230,22627,MINT KITCHEN SCALES,2,2011-09-02 09:24:00,8.5,16705.0,United Kingdom,17.0,Sale
552905,84970L,SINGLE HEART ZINC T-LIGHT HOLDER,12,2011-05-12 11:10:00,0.95,15974.0,United Kingdom,11.4,Sale
574023,23356,LOVE HOT WATER BOTTLE,4,2011-11-02 12:20:00,5.95,14390.0,United Kingdom,23.8,Sale
573345,22809,SET OF 6 T-LIGHTS SANTA,1,2011-10-30 12:14:00,2.95,17609.0,United Kingdom,2.95,Sale
566952,23298,SPOTTY BUNTING,1,2011-09-15 16:37:00,10.79,,United Kingdom,10.79,Sale
576329,20712,JUMBO BAG WOODLAND ANIMALS,1,2011-11-14 15:22:00,4.13,,United Kingdom,4.13,Sale
543094,21080,SET/20 RED RETROSPOT PAPER NAPKINS ,5,2011-02-03 11:28:00,0.85,16030.0,United Kingdom,4.25,Sale
548974,22611,VINTAGE UNION JACK SHOPPING BAG,3,2011-04-05 11:47:00,4.95,15194.0,United Kingdom,14.85,Sale
557502,22173,METAL 4 HOOK HANGER FRENCH CHATEAU,1,2011-06-20 15:32:00,5.79,,United Kingdom,5.79,Sale
549563,21398,RED POLKADOT COFFEE  MUG,6,2011-04-10 14:02:00,0.39,14030.0,United Kingdom,2.34,Sale
555565,22661,CHARLOTTE BAG DOLLY GIRL DESIGN,10,2011-06-05 15:06:00,0.85,15298.0,United Kingdom,8.5,Sale
557645,21936,RED RETROSPOT PICNIC BAG,1,2011-06-21 17:08:00,5.79,,United Kingdom,5.79,Sale
559807,22208,WOOD STAMP SET THANK YOU,5,2011-07-12 14:48:00,0.83,17841.0,United Kingdom,4.15,Sale
572897,21558,SKULL LUNCH BOX WITH CUTLERY ,2,2011-10-26 14:42:00,4.96,,United Kingdom,9.92,Sale
571714,84031B,CHARLIE LOLA BLUE HOT WATER BOTTLE ,1,2011-10-18 17:00:00,4.13,,United Kingdom,4.13,Sale
575410,22193,RED DINER WALL CLOCK,2,2011-11-09 15:50:00,8.5,17705.0,United Kingdom,17.0,Sale
560035,85066,CREAM SWEETHEART MINI CHEST,3,2011-07-14 13:41:00,12.75,17706.0,United Kingdom,38.25,Sale
555280,22297,HEART IVORY TRELLIS SMALL,24,2011-06-02 09:02:00,1.25,17162.0,United Kingdom,30.0,Sale
566400,23203,JUMBO BAG VINTAGE DOILY ,10,2011-09-12 13:16:00,2.08,17139.0,United Kingdom,20.8,Sale
548400,22636,CHILDS BREAKFAST SET CIRCUS PARADE,2,2011-03-30 17:33:00,8.5,17400.0,United Kingdom,17.0,Sale
539451,21361,LOVE LARGE WOOD LETTERS ,1,2010-12-17 16:59:00,25.49,,United Kingdom,25.49,Sale
570826,21703,BAG 125g SWIRLY MARBLES,2,2011-10-12 13:14:00,0.42,16753.0,United Kingdom,0.84,Sale
545303,22709,WRAP WEDDING DAY,25,2011-03-01 12:48:00,0.42,15319.0,United Kingdom,10.5,Sale
574963,22469,HEART OF WICKER SMALL,12,2011-11-08 10:27:00,1.65,12919.0,United Kingdom,19.8,Sale
558909,22748,POPPY'S PLAYHOUSE KITCHEN,12,2011-07-05 09:10:00,2.1,13408.0,United Kingdom,25.200000000000003,Sale
560433,22329,ROUND CONTAINER SET OF 5 RETROSPOT,2,2011-07-18 15:49:00,1.63,,United Kingdom,3.26,Sale
568134,21098,CHRISTMAS TOILET ROLL,2,2011-09-23 17:02:00,2.46,,United Kingdom,4.92,Sale
541253,22754,SMALL RED BABUSHKA NOTEBOOK ,1,2011-01-16 13:51:00,0.85,17841.0,United Kingdom,0.85,Sale
573585,21844,RED RETROSPOT MUG,1,2011-10-31 14:41:00,5.79,,United Kingdom,5.79,Sale
552010,35095A,BLUE VICTORIAN FABRIC OVAL BOX,2,2011-05-05 17:26:00,0.42,14713.0,United Kingdom,0.84,Sale
552671,22086,PAPER CHAIN KIT 50'S CHRISTMAS ,1,2011-05-10 15:06:00,6.63,,United Kingdom,6.63,Sale
580729,22603,CHRISTMAS RETROSPOT TREE WOOD,3,2011-12-05 17:24:00,1.63,,United Kingdom,4.89,Sale
580672,23084,RABBIT NIGHT LIGHT,6,2011-12-05 14:29:00,2.08,17920.0,United Kingdom,12.48,Sale
558028,22196,SMALL HEART MEASURING SPOONS,12,2011-06-24 11:39:00,0.85,15128.0,United Kingdom,10.2,Sale
558068,21175,GIN + TONIC DIET METAL SIGN,2,2011-06-24 15:51:00,4.96,,United Kingdom,9.92,Sale
580955,23546,WRAP PAISLEY PARK ,25,2011-12-06 14:22:00,0.42,12442.0,Spain,10.5,Sale
561814,84078A,SET/4 WHITE RETRO STORAGE CUBES ,1,2011-07-29 15:40:00,39.95,14854.0,United Kingdom,39.95,Sale
567128,82486,3 DRAWER ANTIQUE WHITE WOOD CABINET,4,2011-09-16 14:04:00,8.95,18055.0,United Kingdom,35.8,Sale
563890,21034,REX CASH+CARRY JUMBO SHOPPER,1,2011-08-19 16:34:00,0.95,15862.0,United Kingdom,0.95,Sale
547400,84970s,HANGING HEART ZINC T-LIGHT HOLDER,2,2011-03-22 16:56:00,2.08,,United Kingdom,4.16,Sale
571282,22853,CAT BOWL VINTAGE CREAM,1,2011-10-16 13:24:00,3.25,15545.0,United Kingdom,3.25,Sale
571234,84596F,SMALL MARSHMALLOWS PINK BOWL,56,2011-10-14 14:28:00,0.42,15856.0,United Kingdom,23.52,Sale
580670,23355,HOT WATER BOTTLE KEEP CALM,4,2011-12-05 14:26:00,4.95,18044.0,United Kingdom,19.8,Sale
551739,22921,HERB MARKER CHIVES ,2,2011-05-04 10:58:00,0.65,18118.0,United Kingdom,1.3,Sale
539295,22834,HAND WARMER BABUSHKA DESIGN,96,2010-12-16 16:54:00,0.85,13767.0,United Kingdom,81.6,Sale
563709,22227,HANGING HEART MIRROR DECORATION ,9,2011-08-18 15:17:00,0.65,15472.0,United Kingdom,5.8500000000000005,Sale
560053,47504H,ENGLISH ROSE SPIRIT LEVEL ,12,2011-07-14 15:44:00,0.79,17612.0,United Kingdom,9.48,Sale
572230,23469,CARD HOLDER LOVE BIRD SMALL,6,2011-10-21 14:29:00,4.15,15740.0,United Kingdom,24.9,Sale
573300,22974,CHILDRENS DOLLY GIRL MUG,1,2011-10-28 16:10:00,1.65,16049.0,United Kingdom,1.65,Sale
563193,84507B,STRIPES DESIGN MONKEY DOLL,1,2011-08-12 16:30:00,4.96,,United Kingdom,4.96,Sale
574343,23394,POSTE FRANCE CUSHION COVER,4,2011-11-04 10:11:00,3.75,12576.0,Poland,15.0,Sale
547106,20727,LUNCH BAG  BLACK SKULL.,2,2011-03-21 11:24:00,1.65,15039.0,United Kingdom,3.3,Sale
551946,22501,PICNIC BASKET WICKER LARGE,16,2011-05-05 11:18:00,8.5,18229.0,United Kingdom,136.0,Sale
578479,17038,PORCELAIN BUDAH INCENSE HOLDER,1,2011-11-24 12:48:00,0.1,15858.0,United Kingdom,0.1,Sale
556791,21668,RED STRIPE CERAMIC DRAWER KNOB,4,2011-06-14 13:51:00,1.25,16928.0,United Kingdom,5.0,Sale
540372,22334,DINOSAUR PARTY BAG + STICKER SET,8,2011-01-06 16:41:00,1.65,13081.0,United Kingdom,13.2,Sale
564353,22030,SWALLOWS GREETING CARD,12,2011-08-24 15:08:00,0.42,15764.0,United Kingdom,5.04,Sale
571883,23266,SET OF 3 WOODEN STOCKING DECORATION,4,2011-10-19 13:58:00,1.25,14704.0,United Kingdom,5.0,Sale
581439,20725,LUNCH BAG RED RETROSPOT,3,2011-12-08 16:30:00,4.13,,United Kingdom,12.39,Sale
556936,85099B,JUMBO BAG RED RETROSPOT,4,2011-06-15 16:04:00,2.08,,United Kingdom,8.32,Sale
555515,22993,SET OF 4 PANTRY JELLY MOULDS,8,2011-06-05 10:47:00,1.25,17690.0,United Kingdom,10.0,Sale
567461,23205,CHARLOTTE BAG VINTAGE ALPHABET ,6,2011-09-20 12:31:00,2.46,,United Kingdom,14.76,Sale
560225,21198,WHITE HEART CONFETTI IN TUBE,2,2011-07-15 16:27:00,0.83,,United Kingdom,1.66,Sale
541262,22831,WHITE BROCANTE SOAP DISH,1,2011-01-16 15:50:00,2.95,18069.0,United Kingdom,2.95,Sale
572475,22867,HAND WARMER BIRD DESIGN,3,2011-10-24 13:37:00,2.1,15271.0,United Kingdom,6.300000000000001,Sale
577613,21080,SET/20 RED RETROSPOT PAPER NAPKINS ,12,2011-11-21 10:02:00,0.85,14911.0,EIRE,10.2,Sale
580816,22495,SET OF 2 ROUND TINS CAMEMBERT ,24,2011-12-06 11:28:00,0.79,15157.0,United Kingdom,18.96,Sale
570690,20728,LUNCH BAG CARS BLUE,4,2011-10-11 16:37:00,1.65,,United Kingdom,6.6,Sale
536395,22867,HAND WARMER BIRD DESIGN,48,2010-12-01 10:47:00,2.1,13767.0,United Kingdom,100.8,Sale
556537,21499,BLUE POLKADOT WRAP,25,2011-06-13 12:38:00,0.42,17725.0,United Kingdom,10.5,Sale
564187,82482,WOODEN PICTURE FRAME WHITE FINISH,4,2011-08-23 15:24:00,2.55,15005.0,United Kingdom,10.2,Sale
569870,23505,PLAYING CARDS I LOVE LONDON ,2,2011-10-06 14:59:00,1.25,12757.0,Portugal,2.5,Sale
575760,23117,POPPY FIELDS CHOPPING BOARD,1,2011-11-11 10:50:00,4.95,15965.0,United Kingdom,4.95,Sale
541417,22852,DOG BOWL VINTAGE CREAM,1,2011-01-17 16:23:00,4.25,16033.0,United Kingdom,4.25,Sale
577756,23452,HEART MINI PORTRAIT FRAME,6,2011-11-21 14:59:00,1.95,15115.0,United Kingdom,11.7,Sale
572897,22430,ENAMEL WATERING CAN CREAM,1,2011-10-26 14:42:00,9.96,,United Kingdom,9.96,Sale
540371,22766,PHOTO FRAME CORNICE,8,2011-01-06 16:35:00,2.95,14312.0,United Kingdom,23.6,Sale
568782,22384,LUNCH BAG PINK POLKADOT,10,2011-09-29 08:53:00,1.65,13985.0,United Kingdom,16.5,Sale
571441,23264,SET OF 3 WOODEN SLEIGH DECORATIONS,2,2011-10-17 13:31:00,2.46,14096.0,United Kingdom,4.92,Sale
579293,23371,SET 36 COLOUR PENCILS SPACEBOY ,1,2011-11-29 11:22:00,1.25,14419.0,United Kingdom,1.25,Sale
562955,84970l,SINGLE HEART ZINC T-LIGHT HOLDER,36,2011-08-11 10:14:00,2.08,,United Kingdom,74.88,Sale
570234,82484,WOOD BLACK BOARD ANT WHITE FINISH,2,2011-10-09 14:22:00,7.95,17790.0,United Kingdom,15.9,Sale
541282,22727,ALARM CLOCK BAKELIKE RED ,2,2011-01-17 12:31:00,3.75,17690.0,United Kingdom,7.5,Sale
572517,22141,CHRISTMAS CRAFT TREE TOP ANGEL,4,2011-10-24 14:47:00,2.1,15068.0,United Kingdom,8.4,Sale
577499,23280,FOLDING BUTTERFLY MIRROR HOT PINK ,2,2011-11-20 12:24:00,0.83,15906.0,United Kingdom,1.66,Sale
559370,23280,FOLDING BUTTERFLY MIRROR HOT PINK ,12,2011-07-08 10:01:00,0.83,17042.0,United Kingdom,9.96,Sale
568938,21096,SET/6 FRUIT SALAD  PAPER PLATES,2,2011-09-29 14:46:00,0.39,17220.0,United Kingdom,0.78,Sale
542622,21846,PINK DIAMANTE PEN IN GIFT BOX,4,2011-01-31 09:09:00,4.13,,United Kingdom,16.52,Sale
569849,84836,ZINC METAL HEART DECORATION,12,2011-10-06 13:49:00,1.25,15264.0,United Kingdom,15.0,Sale
545044,20975,12 PENCILS SMALL TUBE RED RETROSPOT,48,2011-02-27 11:31:00,0.65,15738.0,United Kingdom,31.200000000000003,Sale
559200,20766,GARDEN PATH SKETCHBOOK,1,2011-07-07 10:36:00,3.75,13291.0,United Kingdom,3.75,Sale
577094,22474,SPACEBOY TV DINNER TRAY,1,2011-11-17 16:39:00,4.95,15435.0,United Kingdom,4.95,Sale
538849,21485,RETROSPOT HEART HOT WATER BOTTLE,3,2010-12-14 13:31:00,4.95,14415.0,United Kingdom,14.85,Sale
563950,23316,RED REFECTORY CLOCK ,2,2011-08-22 10:39:00,9.95,12471.0,Germany,19.9,Sale
571714,23012,GLASS APOTHECARY BOTTLE PERFUME,1,2011-10-18 17:00:00,8.29,,United Kingdom,8.29,Sale
556876,21089,SET/6 GREEN SPRING PAPER CUPS,5,2011-06-15 11:56:00,0.19,16241.0,United Kingdom,0.95,Sale
557782,21533,RETROSPOT LARGE MILK JUG,3,2011-06-22 15:41:00,4.95,14640.0,United Kingdom,14.85,Sale
567308,17003,BROCADE RING PURSE ,720,2011-09-19 13:35:00,0.32,16422.0,United Kingdom,230.4,Sale
576840,23009,I LOVE LONDON BABY GIFT SET,1,2011-11-16 15:23:00,10.79,,United Kingdom,10.79,Sale
546430,22284,HEN HOUSE DECORATION,2,2011-03-13 15:55:00,1.65,15918.0,United Kingdom,3.3,Sale
566294,21110,LARGE CAKE TOWEL PINK SPOTS,3,2011-09-11 15:41:00,6.75,15533.0,United Kingdom,20.25,Sale
550495,21907,I'M ON HOLIDAY METAL SIGN,6,2011-04-18 15:00:00,2.1,13769.0,United Kingdom,12.6,Sale
537666,22697,GREEN REGENCY TEACUP AND SAUCER,2,2010-12-07 18:36:00,5.91,,United Kingdom,11.82,Sale
556023,22672,FRENCH BATHROOM SIGN BLUE METAL,4,2011-06-08 12:21:00,1.65,14527.0,United Kingdom,6.6,Sale
572216,21329,DINOSAURS  WRITING SET ,2,2011-10-21 12:56:00,1.65,16015.0,United Kingdom,3.3,Sale
564168,22212,FOUR HOOK  WHITE LOVEBIRDS,1,2011-08-23 13:51:00,2.1,16794.0,United Kingdom,2.1,Sale
568137,22748,POPPY'S PLAYHOUSE KITCHEN,6,2011-09-25 10:34:00,2.1,12488.0,France,12.6,Sale
560434,22104,MIRROR MOSAIC CANDLE PLATE,1,2011-07-18 15:56:00,1.63,,United Kingdom,1.63,Sale
571322,21930,JUMBO STORAGE BAG SKULLS,20,2011-10-17 11:05:00,2.08,13534.0,United Kingdom,41.6,Sale
580983,84596B,SMALL DOLLY MIX DESIGN ORANGE BOWL,3,2011-12-06 16:26:00,0.83,,United Kingdom,2.49,Sale
574368,21156,RETROSPOT CHILDRENS APRON,8,2011-11-04 10:59:00,1.95,13004.0,United Kingdom,15.6,Sale
576837,23402,HOME SWEET HOME 3 PEG HANGER ,1,2011-11-16 15:16:00,7.46,,United Kingdom,7.46,Sale
553141,23200,JUMBO BAG PEARS,1,2011-05-13 13:01:00,2.08,15907.0,United Kingdom,2.08,Sale
564199,21068,VINTAGE BILLBOARD LOVE/HATE MUG,1,2011-08-23 17:31:00,1.25,13263.0,United Kingdom,1.25,Sale
542192,84380,SET OF 3 BUTTERFLY COOKIE CUTTERS,3,2011-01-26 11:27:00,1.25,14049.0,United Kingdom,3.75,Sale
580678,23500,KEY RING BASEBALL BOOT ASSORTED ,1,2011-12-05 14:49:00,1.25,18015.0,United Kingdom,1.25,Sale
574864,23526,WALL ART DOG LICENCE ,2,2011-11-07 12:29:00,5.95,14387.0,United Kingdom,11.9,Sale
571185,23031,DRAWER KNOB CRACKLE GLAZE PINK,6,2011-10-14 11:15:00,1.65,13047.0,United Kingdom,9.9,Sale
536544,22952,60 CAKE CASES VINTAGE CHRISTMAS,1,2010-12-01 14:32:00,1.28,,United Kingdom,1.28,Sale
544074,22774,RED DRAWER KNOB ACRYLIC EDWARDIAN,12,2011-02-15 14:49:00,1.25,14156.0,EIRE,15.0,Sale
571883,23091,ZINC HERB GARDEN CONTAINER,2,2011-10-19 13:58:00,6.25,14704.0,United Kingdom,12.5,Sale
567656,22512,DOORSTOP RACING CAR DESIGN,2,2011-09-21 14:40:00,7.46,14096.0,United Kingdom,14.92,Sale
562888,22485,SET OF 2 WOODEN MARKET CRATES,2,2011-08-10 11:58:00,12.75,14388.0,United Kingdom,25.5,Sale
558540,22424,ENAMEL BREAD BIN CREAM,3,2011-06-30 12:15:00,12.75,17706.0,United Kingdom,38.25,Sale
569789,23344,JUMBO BAG 50'S CHRISTMAS ,4,2011-10-06 11:41:00,2.08,16924.0,United Kingdom,8.32,Sale
547076,22148,EASTER CRAFT 4 CHICKS ,12,2011-03-20 14:37:00,1.95,15140.0,United Kingdom,23.4,Sale
546991,22992,REVOLVER WOODEN RULER ,6,2011-03-18 13:08:00,1.95,12748.0,United Kingdom,11.7,Sale
573915,21465,PINK FLOWER CROCHET FOOD COVER,2,2011-11-01 15:55:00,3.75,15511.0,United Kingdom,7.5,Sale
578814,22600,CHRISTMAS RETROSPOT STAR WOOD,4,2011-11-25 13:40:00,0.85,12748.0,United Kingdom,3.4,Sale
565431,85035B,CHOCOLATE 3 WICK MORRIS BOX CANDLE,2,2011-09-04 13:15:00,4.25,14965.0,United Kingdom,8.5,Sale
561515,23084,RABBIT NIGHT LIGHT,7,2011-07-27 15:16:00,4.13,,United Kingdom,28.91,Sale
566599,23119,PACK OF 6 LARGE FRUIT STRAWS ,4,2011-09-13 15:37:00,0.62,15998.0,United Kingdom,2.48,Sale
568993,16156S,WRAP PINK FAIRY CAKES ,25,2011-09-29 16:51:00,0.42,15062.0,United Kingdom,10.5,Sale
566225,84991,60 TEATIME FAIRY CAKE CASES,1,2011-09-11 10:35:00,0.55,16899.0,United Kingdom,0.55,Sale
568803,23085,ANTIQUE SILVER BAUBLE LAMP  ,12,2011-09-29 10:50:00,8.25,15030.0,United Kingdom,99.0,Sale
546687,22531,MAGIC DRAWING SLATE CIRCUS PARADE  ,48,2011-03-16 09:58:00,0.42,16040.0,United Kingdom,20.16,Sale
577522,23177,TREASURE ISLAND BOOK BOX,1,2011-11-20 13:23:00,2.25,15988.0,United Kingdom,2.25,Sale
560398,21889,WOODEN BOX OF DOMINOES,24,2011-07-18 14:10:00,1.25,12731.0,France,30.0,Sale
536862,22358,KINGS CHOICE TEA CADDY ,3,2010-12-03 11:13:00,5.91,,United Kingdom,17.73,Sale
562113,22882,NUMBER TILE VINTAGE FONT 3,1,2011-08-02 16:11:00,4.13,,United Kingdom,4.13,Sale
545854,C2,CARRIAGE,1,2011-03-07 13:51:00,50.0,14817.0,United Kingdom,50.0,Sale
561530,22423,REGENCY CAKESTAND 3 TIER,16,2011-07-28 09:21:00,10.95,16174.0,United Kingdom,175.2,Sale
575964,23456,MEDIUM PARLOUR PICTURE FRAME ,1,2011-11-13 12:31:00,4.15,15021.0,United Kingdom,4.15,Sale
548533,21564,PINK  HEART SHAPE LOVE BUCKET ,12,2011-03-31 17:17:00,2.95,13883.0,United Kingdom,35.400000000000006,Sale
561033,23230,WRAP ALPHABET DESIGN,25,2011-07-24 11:40:00,0.42,14443.0,United Kingdom,10.5,Sale
563439,21243,PINK  POLKADOT PLATE ,3,2011-08-16 13:05:00,3.29,,United Kingdom,9.87,Sale
560453,84212,"ASSORTED FLOWER COLOUR ""LEIS""",24,2011-07-19 09:52:00,0.65,13209.0,United Kingdom,15.6,Sale
545855,21888,BINGO SET,8,2011-03-07 13:52:00,3.75,15290.0,United Kingdom,30.0,Sale
573339,16016,LARGE CHINESE STYLE SCISSOR,10,2011-10-30 11:49:00,0.85,13278.0,United Kingdom,8.5,Sale
573585,84029G,KNITTED UNION FLAG HOT WATER BOTTLE,2,2011-10-31 14:41:00,8.29,,United Kingdom,16.58,Sale
545928,85099B,JUMBO BAG RED RETROSPOT,10,2011-03-08 11:59:00,1.95,14407.0,United Kingdom,19.5,Sale
544295,22805,BLUE DRAWER KNOB ACRYLIC EDWARDIAN,12,2011-02-17 12:43:00,1.06,14298.0,United Kingdom,12.72,Sale
554013,22274,FELTCRAFT DOLL EMILY,6,2011-05-20 13:13:00,2.95,13308.0,United Kingdom,17.700000000000003,Sale
541695,20969,RED FLORAL FELTCRAFT SHOULDER BAG,8,2011-01-20 18:01:00,3.29,,United Kingdom,26.32,Sale
556917,21988,PACK OF 6 SKULL PAPER PLATES,96,2011-06-15 13:37:00,0.64,12415.0,Australia,61.44,Sale
552823,22383,LUNCH BAG SUKI DESIGN ,4,2011-05-11 13:06:00,1.65,14731.0,United Kingdom,6.6,Sale
543978,85175,CACTI T-LIGHT CANDLES,32,2011-02-14 15:37:00,0.42,12867.0,United Kingdom,13.44,Sale
576070,20728,LUNCH BAG CARS BLUE,5,2011-11-13 15:58:00,1.65,13451.0,United Kingdom,8.25,Sale
559462,23203,JUMBO BAG DOILEY PATTERNS,30,2011-07-08 13:12:00,2.08,16523.0,United Kingdom,62.400000000000006,Sale
542519,22964,3 PIECE SPACEBOY COOKIE CUTTER SET,6,2011-01-28 12:19:00,2.1,15159.0,United Kingdom,12.6,Sale
565682,21340,CLASSIC METAL BIRDCAGE PLANT HOLDER,1,2011-09-06 10:42:00,12.75,14796.0,United Kingdom,12.75,Sale
553890,22219,LOVEBIRD HANGING DECORATION WHITE ,13,2011-05-19 16:32:00,1.63,,United Kingdom,21.19,Sale
580632,22563,HAPPY STENCIL CRAFT,2,2011-12-05 12:16:00,1.25,16360.0,United Kingdom,2.5,Sale
542541,22310,IVORY KNITTED MUG COSY ,4,2011-01-28 14:25:00,3.29,,United Kingdom,13.16,Sale
541280,22191,IVORY DINER WALL CLOCK,2,2011-01-17 11:57:00,8.5,15296.0,United Kingdom,17.0,Sale
577790,22802,FAUX FUR CHOCOLATE THROW,1,2011-11-21 16:35:00,19.95,14198.0,United Kingdom,19.95,Sale
563706,85032D,YULETIDE IMAGES GIFT WRAP SET,12,2011-08-18 14:48:00,0.65,14189.0,United Kingdom,7.800000000000001,Sale
580077,23188,VINTAGE  2 METRE FOLDING RULER,12,2011-12-01 14:17:00,1.65,14262.0,United Kingdom,19.8,Sale
540977,85036C,ROSE 1 WICK MORRIS BOXED CANDLE,1,2011-01-12 15:01:00,3.36,,United Kingdom,3.36,Sale
549295,22741,FUNKY DIVA PEN,1,2011-04-07 19:49:00,1.63,,United Kingdom,1.63,Sale
537612,22158,3 HEARTS HANGING DECORATION RUSTIC,16,2010-12-07 13:28:00,2.95,13769.0,United Kingdom,47.2,Sale
574298,21328,BALLOONS  WRITING SET ,1,2011-11-03 15:56:00,3.29,,United Kingdom,3.29,Sale
571039,21818,GLITTER HEART DECORATION,4,2011-10-13 12:59:00,0.39,16121.0,United Kingdom,1.56,Sale
555106,23174,REGENCY SUGAR BOWL GREEN,6,2011-05-31 14:14:00,4.15,12790.0,Netherlands,24.9,Sale
555845,22138,BAKING SET 9 PIECE RETROSPOT ,1,2011-06-07 13:19:00,4.95,17015.0,United Kingdom,4.95,Sale
572130,85032B,BLOSSOM IMAGES GIFT WRAP SET,12,2011-10-21 09:50:00,0.65,13460.0,United Kingdom,7.800000000000001,Sale
547103,23181,BULL DOG BOTTLE TOP WALL CLOCK,2,2011-03-21 10:54:00,8.25,15218.0,United Kingdom,16.5,Sale
546884,22228,BUNNY WOODEN PAINTED WITH BIRD ,2,2011-03-17 18:08:00,1.63,,United Kingdom,3.26,Sale
548164,22630,DOLLY GIRL LUNCH BOX,1,2011-03-29 13:44:00,2.46,,United Kingdom,2.46,Sale
573307,POST,POSTAGE,1,2011-10-28 16:24:00,11.27,,United Kingdom,11.27,Sale
577358,47310M,SMALL POP BOX FUNKY MONKEY,2,2011-11-18 15:59:00,1.63,,United Kingdom,3.26,Sale
571284,22690,DOORMAT HOME SWEET HOME BLUE ,2,2011-10-16 14:07:00,8.25,14562.0,United Kingdom,16.5,Sale
568897,84946,ANTIQUE SILVER T-LIGHT GLASS,12,2011-09-29 13:17:00,1.25,13886.0,United Kingdom,15.0,Sale
556127,84997A,CHILDRENS CUTLERY POLKADOT GREEN ,12,2011-06-09 10:23:00,4.15,12406.0,Denmark,49.8,Sale
566345,22382,LUNCH BAG SPACEBOY DESIGN ,10,2011-09-12 12:27:00,1.65,17685.0,United Kingdom,16.5,Sale
563500,22674,FRENCH TOILET SIGN BLUE METAL,4,2011-08-16 17:25:00,1.25,15856.0,United Kingdom,5.0,Sale
550941,22219,LOVEBIRD HANGING DECORATION WHITE ,3,2011-04-21 15:46:00,0.85,17109.0,United Kingdom,2.55,Sale
579470,22114,HOT WATER BOTTLE TEA AND SYMPATHY,1,2011-11-29 15:06:00,4.25,16549.0,United Kingdom,4.25,Sale
541999,22161,HEART DECORATION RUSTIC HANGING ,2,2011-01-25 10:45:00,0.79,,United Kingdom,1.58,Sale
571841,84031B,CHARLIE LOLA BLUE HOT WATER BOTTLE ,1,2011-10-19 12:21:00,4.65,17625.0,United Kingdom,4.65,Sale
575692,20973,12 PENCIL SMALL TUBE WOODLAND,5,2011-11-10 16:27:00,0.65,12508.0,France,3.25,Sale
545304,20972,PINK CREAM FELT CRAFT TRINKET BOX ,12,2011-03-01 12:51:00,1.25,16212.0,United Kingdom,15.0,Sale
551665,23233,WRAP POPPIES  DESIGN,25,2011-05-03 12:35:00,0.42,17442.0,United Kingdom,10.5,Sale
578817,22662,LUNCH BAG DOLLY GIRL DESIGN,2,2011-11-25 13:45:00,1.65,16764.0,United Kingdom,3.3,Sale
576190,21733,RED HANGING HEART T-LIGHT HOLDER,2,2011-11-14 11:46:00,2.95,15039.0,United Kingdom,5.9,Sale
555416,22755,SMALL PURPLE BABUSHKA NOTEBOOK ,4,2011-06-03 10:15:00,0.85,14408.0,United Kingdom,3.4,Sale
580992,23201,JUMBO BAG ALPHABET,10,2011-12-06 17:04:00,2.08,14282.0,United Kingdom,20.8,Sale
564843,21913,VINTAGE SEASIDE JIGSAW PUZZLES,1,2011-08-30 14:09:00,3.75,15866.0,United Kingdom,3.75,Sale
581439,23349,ROLL WRAP VINTAGE CHRISTMAS,7,2011-12-08 16:30:00,2.46,,United Kingdom,17.22,Sale
538655,21976,PACK OF 60 MUSHROOM CAKE CASES,1,2010-12-13 15:16:00,0.55,17375.0,United Kingdom,0.55,Sale
543478,37449,CERAMIC CAKE STAND + HANGING CAKES,16,2011-02-08 15:38:00,8.5,13798.0,United Kingdom,136.0,Sale
544592,48138,DOORMAT UNION FLAG,1,2011-02-21 15:30:00,7.95,16775.0,United Kingdom,7.95,Sale
552542,85132B,CHARLIE AND LOLA TABLE TINS,12,2011-05-10 10:20:00,1.95,16841.0,United Kingdom,23.4,Sale
580612,37340,MULTICOLOUR SPRING FLOWER MUG,6,2011-12-05 11:58:00,1.38,,United Kingdom,8.28,Sale
568701,23263,SET OF 3 WOODEN HEART DECORATIONS,12,2011-09-28 15:07:00,1.25,13924.0,United Kingdom,15.0,Sale
569219,22576,SWALLOW WOODEN CHRISTMAS DECORATION,3,2011-10-02 13:01:00,0.85,13558.0,United Kingdom,2.55,Sale
541676,84012,MAGIC SHEEP WOOL GROWING FROM PAPER,24,2011-01-20 14:01:00,0.85,15379.0,United Kingdom,20.4,Sale
564342,21373,MIRRORED WALL ART SNOWFLAKES,2,2011-08-24 14:53:00,0.75,16340.0,United Kingdom,1.5,Sale
541866,22800,ANTIQUE TALL SWIRLGLASS TRINKET POT,4,2011-01-24 09:25:00,3.75,16477.0,United Kingdom,15.0,Sale
539737,22456,NATURAL SLATE CHALKBOARD LARGE ,1,2010-12-21 15:19:00,10.17,,United Kingdom,10.17,Sale
576597,22075,6 RIBBONS ELEGANT CHRISTMAS ,12,2011-11-15 14:57:00,1.65,14194.0,United Kingdom,19.8,Sale
550470,22111,SCOTTIE DOG HOT WATER BOTTLE,1,2011-04-18 13:49:00,10.79,,United Kingdom,10.79,Sale
574250,84927F,PSYCHEDELIC TILE HOOK,6,2011-11-03 13:09:00,0.39,17634.0,United Kingdom,2.34,Sale
543842,22693,GROW A FLYTRAP OR SUNFLOWER IN TIN,1056,2011-02-14 11:22:00,1.06,16333.0,United Kingdom,1119.36,Sale
569544,DOT,DOTCOM POSTAGE,1,2011-10-04 16:33:00,213.33,,United Kingdom,213.33,Sale
556641,72741,GRAND CHOCOLATECANDLE,9,2011-06-13 15:44:00,1.45,13663.0,United Kingdom,13.05,Sale
552353,22716,CARD CIRCUS PARADE,12,2011-05-09 12:14:00,0.42,17612.0,United Kingdom,5.04,Sale
579503,23211,RED ROCKING HORSE HAND PAINTED,10,2011-11-29 16:23:00,1.25,17097.0,Spain,12.5,Sale
537135,51014C,"FEATHER PEN,COAL BLACK",12,2010-12-05 12:35:00,0.85,17059.0,United Kingdom,10.2,Sale
563076,22904,CALENDAR PAPER CUT DESIGN,80,2011-08-11 16:12:00,2.55,14646.0,Netherlands,204.0,Sale
537823,84535B,FAIRY CAKES NOTEBOOK A6 SIZE,1,2010-12-08 14:25:00,1.49,,United Kingdom,1.49,Sale
558749,48111,DOORMAT 3 SMILEY CATS,2,2011-07-03 10:28:00,7.95,16326.0,United Kingdom,15.9,Sale
553351,21385,IVORY HANGING DECORATION  HEART,6,2011-05-16 13:35:00,0.85,18118.0,United Kingdom,5.1,Sale
538248,47591D,PINK FAIRY CAKE CHILDRENS APRON,3,2010-12-10 12:14:00,1.95,18116.0,United Kingdom,5.85,Sale
542543,22423,REGENCY CAKESTAND 3 TIER,2,2011-01-28 14:42:00,12.75,13141.0,United Kingdom,25.5,Sale
572552,84347,ROTATING SILVER ANGELS T-LIGHT HLDR,3,2011-10-24 17:07:00,4.96,14096.0,United Kingdom,14.88,Sale
571296,22812,PACK 3 BOXES CHRISTMAS PANNETONE,5,2011-10-16 16:13:00,1.95,13760.0,United Kingdom,9.75,Sale
581439,21156,RETROSPOT CHILDRENS APRON,1,2011-12-08 16:30:00,4.13,,United Kingdom,4.13,Sale
574298,22573,STAR WOODEN CHRISTMAS DECORATION,3,2011-11-03 15:56:00,1.63,,United Kingdom,4.89,Sale
536805,22558,CLOTHES PEGS RETROSPOT PACK 24 ,12,2010-12-02 16:38:00,1.49,14775.0,United Kingdom,17.88,Sale
545460,22698,PINK REGENCY TEACUP AND SAUCER,1,2011-03-02 17:33:00,2.95,13230.0,United Kingdom,2.95,Sale
577167,22948,METAL DECORATION NAUGHTY CHILDREN ,4,2011-11-18 10:41:00,0.85,16511.0,United Kingdom,3.4,Sale
559162,22249,DECORATION WHITE CHICK MAGIC GARDEN,2,2011-07-06 16:29:00,0.83,,United Kingdom,1.66,Sale
546388,22077,6 RIBBONS RUSTIC CHARM,3,2011-03-11 13:42:00,4.13,,United Kingdom,12.39,Sale
560097,85062,PEARL CRYSTAL PUMPKIN T-LIGHT HLDR,12,2011-07-14 17:40:00,1.65,13050.0,United Kingdom,19.8,Sale
581439,22918,HERB MARKER PARSLEY,2,2011-12-08 16:30:00,1.63,,United Kingdom,3.26,Sale
550953,21394,RED POLKADOT BEAKER ,2,2011-04-21 16:17:00,1.63,,United Kingdom,3.26,Sale
555541,22077,6 RIBBONS RUSTIC CHARM,2,2011-06-05 12:51:00,1.65,16883.0,United Kingdom,3.3,Sale
546855,21980,PACK OF 12 RED RETROSPOT TISSUES ,12,2011-03-17 13:58:00,0.29,18168.0,United Kingdom,3.4799999999999995,Sale
559931,23245,SET OF 3 REGENCY CAKE TINS,4,2011-07-14 09:23:00,4.95,17738.0,United Kingdom,19.8,Sale
566760,22969,HOMEMADE JAM SCENTED CANDLES,24,2011-09-14 16:36:00,1.45,15272.0,United Kingdom,34.8,Sale
561075,85099C,JUMBO  BAG BAROQUE BLACK WHITE,10,2011-07-24 15:51:00,2.08,16458.0,United Kingdom,20.8,Sale
566027,22138,BAKING SET 9 PIECE RETROSPOT ,3,2011-09-08 12:57:00,4.95,15618.0,United Kingdom,14.85,Sale
543300,21212,PACK OF 72 RETROSPOT CAKE CASES,24,2011-02-07 11:42:00,0.55,13334.0,United Kingdom,13.2,Sale
581133,90030B,RED KUKUI COCONUT SEED NECKLACE,6,2011-12-07 12:55:00,1.0,14904.0,United Kingdom,6.0,Sale
574659,23400,SHELF WITH 4 HOOKS HOME SWEET HOME,1,2011-11-06 11:44:00,6.25,16942.0,United Kingdom,6.25,Sale
538905,22300,COFFEE MUG DOG + BALL DESIGN,6,2010-12-15 10:31:00,2.55,13611.0,United Kingdom,15.3,Sale
579559,22138,BAKING SET 9 PIECE RETROSPOT ,2,2011-11-30 11:30:00,4.95,16764.0,United Kingdom,9.9,Sale
571246,23004,TRAVEL CARD WALLET PANTRY,48,2011-10-14 15:59:00,0.42,17750.0,United Kingdom,20.16,Sale
573149,20933,YELLOW POT PLANT CANDLE,2,2011-10-27 19:56:00,2.95,16438.0,United Kingdom,5.9,Sale
574034,22144,CHRISTMAS CRAFT LITTLE FRIENDS,1,2011-11-02 12:45:00,2.1,17841.0,United Kingdom,2.1,Sale
559660,21495,SKULLS AND CROSSBONES WRAP,50,2011-07-11 13:19:00,0.42,16701.0,United Kingdom,21.0,Sale
574734,22493,PAINT YOUR OWN CANVAS SET,2,2011-11-06 15:20:00,1.65,15025.0,United Kingdom,3.3,Sale
558116,22698,PINK REGENCY TEACUP AND SAUCER,2,2011-06-27 09:11:00,5.79,,United Kingdom,11.58,Sale
556812,21791,VINTAGE HEADS AND TAILS CARD GAME ,1,2011-06-14 17:25:00,2.46,,United Kingdom,2.46,Sale
537370,22174,PHOTO CUBE,6,2010-12-06 12:44:00,1.65,13155.0,United Kingdom,9.9,Sale
550278,84989a,75 GREEN FAIRY CAKE CASES,1,2011-04-15 13:15:00,2.08,,United Kingdom,2.08,Sale
557324,85131B,BEADED CRYSTAL HEART GREEN ON STICK,1,2011-06-20 09:41:00,0.83,,United Kingdom,0.83,Sale
563404,22637,PIGGY BANK RETROSPOT ,8,2011-08-16 11:04:00,2.55,16303.0,United Kingdom,20.4,Sale
559782,85066,CREAM SWEETHEART MINI CHEST,2,2011-07-12 11:55:00,12.75,12722.0,France,25.5,Sale
544768,21218,RED SPOTTY BISCUIT TIN,2,2011-02-23 11:10:00,8.29,,United Kingdom,16.58,Sale
557041,22222,CAKE PLATE LOVEBIRD WHITE,3,2011-06-16 14:24:00,4.95,13575.0,United Kingdom,14.85,Sale
545897,21415,CLAM SHELL SMALL ,1,2011-03-07 17:22:00,4.13,,United Kingdom,4.13,Sale
558868,23292,SPACEBOY CHILDRENS CUP,8,2011-07-04 12:47:00,1.25,13266.0,United Kingdom,10.0,Sale
555400,22605,WOODEN CROQUET GARDEN SET,15,2011-06-02 17:50:00,12.75,14088.0,United Kingdom,191.25,Sale
539084,22569,FELTCRAFT CUSHION BUTTERFLY,4,2010-12-16 09:31:00,3.75,13890.0,United Kingdom,15.0,Sale
555575,21975,PACK OF 60 DINOSAUR CAKE CASES,24,2011-06-05 15:47:00,0.55,14466.0,United Kingdom,13.2,Sale
575886,23583,LUNCH BAG PAISLEY PARK  ,2,2011-11-11 13:57:00,1.65,12517.0,Germany,3.3,Sale
572772,23311,VINTAGE CHRISTMAS STOCKING ,6,2011-10-26 10:29:00,2.55,17511.0,United Kingdom,15.3,Sale
568321,21974,SET OF 36 PAISLEY FLOWER DOILIES,12,2011-09-26 13:36:00,1.45,13639.0,United Kingdom,17.4,Sale
570488,23264,SET OF 3 WOODEN SLEIGH DECORATIONS,2,2011-10-10 17:12:00,2.46,14096.0,United Kingdom,4.92,Sale
574830,23373,VINTAGE CHRISTMAS PAPER GIFT BAG,12,2011-11-07 11:21:00,0.82,16053.0,United Kingdom,9.84,Sale
580723,22942,CHRISTMAS LIGHTS 10 SANTAS ,1,2011-12-05 17:09:00,2.95,15856.0,United Kingdom,2.95,Sale
555722,21930,JUMBO STORAGE BAG SKULLS,1,2011-06-06 16:06:00,4.13,,United Kingdom,4.13,Sale
579273,21136,PAINTED METAL PEARS ASSORTED,16,2011-11-29 10:00:00,1.69,15197.0,United Kingdom,27.04,Sale
551560,20840,FRENCH FLORAL CUSHION COVER ,6,2011-05-03 10:43:00,0.85,16133.0,United Kingdom,5.1,Sale
551428,21314,SMALL GLASS HEART TRINKET POT,16,2011-04-28 14:59:00,2.1,13499.0,United Kingdom,33.6,Sale
554808,22383,LUNCH BAG SUKI DESIGN ,2,2011-05-26 13:01:00,1.65,17059.0,United Kingdom,3.3,Sale
561614,23315,IVORY REFECTORY CLOCK,2,2011-07-28 12:50:00,9.95,13871.0,United Kingdom,19.9,Sale
550500,22293,HANGING CHICK GREEN DECORATION,1,2011-04-18 15:26:00,2.92,,United Kingdom,2.92,Sale
567700,20969,RED FLORAL FELTCRAFT SHOULDER BAG,4,2011-09-22 09:33:00,3.75,16379.0,United Kingdom,15.0,Sale
547134,22295,HEART FILIGREE DOVE LARGE,4,2011-03-21 11:57:00,1.65,15996.0,United Kingdom,6.6,Sale
569574,22865,HAND WARMER OWL DESIGN,12,2011-10-05 10:30:00,2.1,15127.0,United Kingdom,25.200000000000003,Sale
538857,20829,GLITTER HANGING BUTTERFLY STRING,2,2010-12-14 13:58:00,2.1,15311.0,United Kingdom,4.2,Sale
581217,72134,COLUMBIAN  CUBE CANDLE ,4,2011-12-08 09:20:00,1.63,,United Kingdom,6.52,Sale
542900,22846,BREAD BIN DINER STYLE RED ,1,2011-02-01 14:24:00,16.95,14180.0,United Kingdom,16.95,Sale
562113,21084,SET/6 COLLAGE PAPER CUPS,2,2011-08-02 16:11:00,0.83,,United Kingdom,1.66,Sale
553014,22437,SET OF 9 BLACK SKULL BALLOONS,4,2011-05-12 18:49:00,0.85,13451.0,United Kingdom,3.4,Sale
557299,23118,PARISIENNE JEWELLERY DRAWER ,2,2011-06-19 13:56:00,7.5,13047.0,United Kingdom,15.0,Sale
537365,20713,JUMBO BAG OWLS,10,2010-12-06 12:38:00,1.95,15078.0,United Kingdom,19.5,Sale
578324,23153,ZINC SWEETHEART WIRE LETTER RACK,2,2011-11-23 17:32:00,3.75,17530.0,United Kingdom,7.5,Sale
574676,22169,FAMILY ALBUM WHITE PICTURE FRAME,1,2011-11-06 12:32:00,8.5,16243.0,United Kingdom,8.5,Sale
556243,20726,LUNCH BAG WOODLAND,1,2011-06-09 16:07:00,4.13,,United Kingdom,4.13,Sale
551855,23254,CHILDRENS CUTLERY DOLLY GIRL ,2,2011-05-04 15:08:00,4.15,12836.0,United Kingdom,8.3,Sale
552702,84596B,SMALL DOLLY MIX DESIGN ORANGE BOWL,4,2011-05-10 16:00:00,0.83,,United Kingdom,3.32,Sale
539213,22355,CHARLOTTE BAG SUKI DESIGN,10,2010-12-16 12:23:00,0.85,12877.0,United Kingdom,8.5,Sale
566277,23221,REINDEER HEART DECORATION SILVER,12,2011-09-11 14:01:00,0.83,16796.0,United Kingdom,9.96,Sale
572752,23110,PARISIENNE KEY CABINET ,2,2011-10-25 17:22:00,5.75,17449.0,United Kingdom,11.5,Sale
550953,21714,CITRONELLA CANDLE GARDEN POT,1,2011-04-21 16:17:00,2.46,,United Kingdom,2.46,Sale
544601,22435,SET OF 9 HEART SHAPED BALLOONS,12,2011-02-22 09:00:00,1.25,16638.0,United Kingdom,15.0,Sale
556243,21389,IVORY HANGING DECORATION  BIRD,1,2011-06-09 16:07:00,1.63,,United Kingdom,1.63,Sale
579103,23395,BELLE JARDINIERE CUSHION COVER,3,2011-11-28 11:39:00,3.75,18041.0,United Kingdom,11.25,Sale
537638,21064,BOOM BOX SPEAKER BOYS,1,2010-12-07 15:28:00,11.87,,United Kingdom,11.87,Sale
569488,85049A,TRADITIONAL CHRISTMAS RIBBONS,4,2011-10-04 13:10:00,1.25,16440.0,United Kingdom,5.0,Sale
552734,22315,200 RED + WHITE BENDY STRAWS,12,2011-05-11 10:49:00,1.25,17428.0,United Kingdom,15.0,Sale
566787,20711,JUMBO BAG TOYS ,4,2011-09-15 10:31:00,4.13,,United Kingdom,16.52,Sale
567170,21894,POTTING SHED SEED ENVELOPES,5,2011-09-18 12:40:00,1.25,13566.0,United Kingdom,6.25,Sale
559935,23203,JUMBO BAG DOILEY PATTERNS,100,2011-07-14 10:08:00,1.79,15125.0,United Kingdom,179.0,Sale
569790,51014A,"FEATHER PEN,HOT PINK",12,2011-10-06 11:42:00,0.39,15910.0,United Kingdom,4.68,Sale
578653,22623,BOX OF VINTAGE JIGSAW BLOCKS ,6,2011-11-24 16:40:00,5.95,18161.0,United Kingdom,35.7,Sale
562430,21447,12 IVORY ROSE PEG PLACE SETTINGS,11,2011-08-04 17:26:00,1.25,18109.0,United Kingdom,13.75,Sale
554994,15044A,PINK PAPER PARASOL ,1,2011-05-29 14:18:00,2.95,14606.0,United Kingdom,2.95,Sale
575200,23084,RABBIT NIGHT LIGHT,6,2011-11-09 09:50:00,2.08,12921.0,United Kingdom,12.48,Sale
540276,22386,JUMBO BAG PINK POLKADOT,20,2011-01-06 12:16:00,1.95,14680.0,United Kingdom,39.0,Sale
555566,23209,LUNCH BAG DOILEY PATTERN ,3,2011-06-05 15:19:00,1.65,14659.0,United Kingdom,4.949999999999999,Sale
537638,22899,CHILDREN'S APRON DOLLY GIRL ,3,2010-12-07 15:28:00,4.21,,United Kingdom,12.63,Sale
568654,21872,GLAMOROUS  MUG,12,2011-09-28 12:20:00,1.25,14911.0,EIRE,15.0,Sale
577768,22629,SPACEBOY LUNCH BOX ,2,2011-11-21 15:18:00,4.13,,United Kingdom,8.26,Sale
552121,22595,GINGHAM HEART DECORATION,12,2011-05-06 11:40:00,0.85,15757.0,United Kingdom,10.2,Sale
544812,22807,SET OF 6 T-LIGHTS TOADSTOOLS,1,2011-02-23 15:58:00,5.79,,United Kingdom,5.79,Sale
557264,35923,CANDY HEART HANGING DECORATION,12,2011-06-19 11:09:00,0.39,13618.0,United Kingdom,4.68,Sale
548604,22722,SET OF 6 SPICE TINS PANTRY DESIGN,1,2011-04-01 10:58:00,3.95,,United Kingdom,3.95,Sale
544352,22973,CHILDREN'S CIRCUS PARADE MUG,12,2011-02-18 10:16:00,1.65,15290.0,United Kingdom,19.8,Sale
567912,23226,FILIGREE HEART DAISY WHITE,3,2011-09-22 17:07:00,1.25,15555.0,United Kingdom,3.75,Sale
558452,22894,TABLECLOTH RED APPLES DESIGN ,4,2011-06-29 13:51:00,9.95,15208.0,United Kingdom,39.8,Sale
562024,20700,GREEN CAT FLORAL CUSHION COVER ,1,2011-08-01 16:07:00,4.13,,United Kingdom,4.13,Sale
568784,23284,DOORMAT KEEP CALM AND COME IN,10,2011-09-29 09:15:00,7.08,15144.0,United Kingdom,70.8,Sale
566294,22990,COTTON APRON PANTRY DESIGN,3,2011-09-11 15:41:00,4.95,15533.0,United Kingdom,14.85,Sale
568040,23159,SET OF 5 PANCAKE DAY MAGNETS,12,2011-09-23 12:09:00,2.08,12681.0,France,24.96,Sale
575176,85174,S/4 CACTI CANDLES,2,2011-11-08 18:29:00,10.79,,United Kingdom,21.58,Sale
554070,23298,SPOTTY BUNTING,8,2011-05-22 11:06:00,4.95,13555.0,United Kingdom,39.6,Sale
539728,21781,MA CAMPAGNE CUTLERY BOX,8,2010-12-21 14:26:00,12.75,16270.0,United Kingdom,102.0,Sale
553171,79030G,TUMBLER NEW ENGLAND,6,2011-05-13 17:05:00,0.39,,United Kingdom,2.34,Sale
545038,22183,CAKE STAND VICTORIAN FILIGREE MED,1,2011-02-27 10:13:00,3.0,13684.0,United Kingdom,3.0,Sale
572288,21485,RETROSPOT HEART HOT WATER BOTTLE,2,2011-10-23 12:28:00,4.95,17377.0,United Kingdom,9.9,Sale
555923,21210,SET OF 72 RETROSPOT PAPER  DOILIES,1,2011-06-07 17:09:00,2.92,,United Kingdom,2.92,Sale
545294,84218,BOX/12 CHICK & EGG IN BASKET,1,2011-03-01 12:07:00,1.95,17965.0,United Kingdom,1.95,Sale
576690,22898,CHILDRENS APRON APPLES DESIGN,2,2011-11-16 12:19:00,1.95,15900.0,United Kingdom,3.9,Sale
542662,20983,12 PENCILS TALL TUBE RED RETROSPOT,12,2011-01-31 12:10:00,0.85,18145.0,United Kingdom,10.2,Sale
558240,22607,WOODEN ROUNDERS GARDEN SET ,1,2011-06-27 15:27:00,16.63,,United Kingdom,16.63,Sale
544455,22624,IVORY KITCHEN SCALES,1,2011-02-20 13:18:00,8.5,13097.0,United Kingdom,8.5,Sale
570680,22865,HAND WARMER OWL DESIGN,8,2011-10-11 15:36:00,2.1,13969.0,United Kingdom,16.8,Sale
560579,21122,SET/10 PINK POLKADOT PARTY CANDLES,2,2011-07-19 15:13:00,1.25,15867.0,United Kingdom,2.5,Sale
565141,46000U,POLYESTER FILLER PAD 30CMx30CM,1,2011-09-01 13:40:00,1.25,17841.0,United Kingdom,1.25,Sale
577358,21619,4 VANILLA BOTANICAL CANDLES,2,2011-11-18 15:59:00,3.29,,United Kingdom,6.58,Sale
551816,21212,PACK OF 72 RETROSPOT CAKE CASES,24,2011-05-04 11:50:00,0.55,15906.0,United Kingdom,13.2,Sale
574093,21974,SET OF 36 PAISLEY FLOWER DOILIES,12,2011-11-03 09:43:00,1.45,12437.0,France,17.4,Sale
540641,22831,WHITE BROCANTE SOAP DISH,6,2011-01-10 13:20:00,2.95,16497.0,United Kingdom,17.700000000000003,Sale
570701,22698,PINK REGENCY TEACUP AND SAUCER,12,2011-10-12 09:35:00,2.95,16652.0,United Kingdom,35.400000000000006,Sale
576056,85175,CACTI T-LIGHT CANDLES,32,2011-11-13 15:04:00,0.42,17720.0,United Kingdom,13.44,Sale
567901,21775,DECORATIVE FLORE BATHROOM BOTTLE,1,2011-09-22 16:28:00,2.46,,United Kingdom,2.46,Sale
562130,22898,CHILDRENS APRON APPLES DESIGN,8,2011-08-03 09:13:00,1.95,12750.0,Poland,15.6,Sale
560298,21731,RED TOADSTOOL LED NIGHT LIGHT,1,2011-07-18 10:26:00,4.13,,United Kingdom,4.13,Sale
573386,22865,HAND WARMER OWL DESIGN,12,2011-10-30 14:27:00,2.1,17183.0,United Kingdom,25.200000000000003,Sale
537429,21034,REX CASH+CARRY JUMBO SHOPPER,1,2010-12-06 15:54:00,0.95,12748.0,United Kingdom,0.95,Sale
543273,21928,JUMBO BAG SCANDINAVIAN PAISLEY,10,2011-02-06 11:29:00,1.95,16456.0,United Kingdom,19.5,Sale
573029,23194,GYMKHANA TREASURE BOOK BOX,4,2011-10-27 13:33:00,2.25,14971.0,United Kingdom,9.0,Sale
540288,22835,HOT WATER BOTTLE I AM SO POORLY,2,2011-01-06 12:45:00,4.65,17634.0,United Kingdom,9.3,Sale
581219,22818,CARD CHRISTMAS VILLAGE,9,2011-12-08 09:28:00,0.42,,United Kingdom,3.78,Sale
565320,23204,CHARLOTTE BAG APPLES DESIGN,32,2011-09-02 13:10:00,0.85,16745.0,United Kingdom,27.2,Sale
580482,22966,GINGERBREAD MAN COOKIE CUTTER,2,2011-12-04 12:44:00,1.25,16033.0,United Kingdom,2.5,Sale
575917,22294,HEART FILIGREE DOVE  SMALL,24,2011-11-11 16:57:00,1.25,13895.0,United Kingdom,30.0,Sale
547063,22832,BROCANTE SHELF WITH HOOKS,2,2011-03-20 13:33:00,10.75,14769.0,United Kingdom,21.5,Sale
555119,23091,ZINC HERB GARDEN CONTAINER,3,2011-05-31 15:22:00,6.25,15163.0,United Kingdom,18.75,Sale
555560,21558,SKULL LUNCH BOX WITH CUTLERY ,1,2011-06-05 14:20:00,2.55,17346.0,United Kingdom,2.55,Sale
544094,22083,PAPER CHAIN KIT RETROSPOT,6,2011-02-16 09:11:00,2.95,15810.0,United Kingdom,17.700000000000003,Sale
543977,22499,WOODEN UNION JACK BUNTING,12,2011-02-14 15:35:00,5.95,15615.0,United Kingdom,71.4,Sale
544412,21452,TOADSTOOL MONEY BOX,6,2011-02-18 14:21:00,2.95,16531.0,United Kingdom,17.700000000000003,Sale
541969,22618,COOKING SET RETROSPOT,1,2011-01-24 13:46:00,19.96,,United Kingdom,19.96,Sale
548702,85152,HAND OVER THE CHOCOLATE   SIGN ,3,2011-04-03 11:36:00,2.1,17085.0,United Kingdom,6.300000000000001,Sale
563214,20996,JAZZ HEARTS ADDRESS BOOK,6,2011-08-14 12:56:00,0.19,16370.0,United Kingdom,1.14,Sale
569670,20726,LUNCH BAG WOODLAND,1,2011-10-05 13:47:00,1.65,14730.0,United Kingdom,1.65,Sale
537866,47559B,TEA TIME OVEN GLOVE,10,2010-12-08 16:45:00,1.25,17655.0,United Kingdom,12.5,Sale
575852,22411,JUMBO SHOPPER VINTAGE RED PAISLEY,3,2011-11-11 12:17:00,2.08,17238.0,United Kingdom,6.24,Sale
561352,22624,IVORY KITCHEN SCALES,4,2011-07-26 14:41:00,8.5,18094.0,United Kingdom,34.0,Sale
550130,20717,STRAWBERRY SHOPPER BAG,2,2011-04-14 13:17:00,1.25,14390.0,United Kingdom,2.5,Sale
566495,47591D,PINK FAIRY CAKE CHILDRENS APRON,6,2011-09-13 11:14:00,1.95,15529.0,United Kingdom,11.7,Sale
566092,21181,PLEASE ONE PERSON METAL SIGN,12,2011-09-09 10:42:00,2.1,13823.0,United Kingdom,25.200000000000003,Sale
577504,22355,CHARLOTTE BAG SUKI DESIGN,4,2011-11-20 12:36:00,0.85,14159.0,United Kingdom,3.4,Sale
571508,22363,GLASS JAR MARMALADE ,1,2011-10-17 15:27:00,5.79,,United Kingdom,5.79,Sale
537666,21851,LILAC DIAMANTE PEN IN GIFT BOX,1,2010-12-07 18:36:00,4.21,,United Kingdom,4.21,Sale
581492,22326,ROUND SNACK BOXES SET OF4 WOODLAND ,3,2011-12-09 10:03:00,5.79,,United Kingdom,17.37,Sale
539262,22896,PEG BAG APPLES DESIGN,6,2010-12-16 14:35:00,2.55,15789.0,United Kingdom,15.3,Sale
558752,22178,VICTORIAN GLASS HANGING T-LIGHT,3,2011-07-03 11:40:00,1.25,16931.0,United Kingdom,3.75,Sale
562713,22699,ROSES REGENCY TEACUP AND SAUCER ,24,2011-08-08 15:17:00,2.55,15189.0,United Kingdom,61.2,Sale
566400,22551,PLASTERS IN TIN SPACEBOY,12,2011-09-12 13:16:00,1.65,17139.0,United Kingdom,19.8,Sale
567095,22355,CHARLOTTE BAG SUKI DESIGN,10,2011-09-16 13:03:00,0.85,17049.0,United Kingdom,8.5,Sale
550458,22270,HAPPY EASTER HANGING DECORATION,1,2011-04-18 13:13:00,7.46,,United Kingdom,7.46,Sale
569383,23307,SET OF 60 PANTRY DESIGN CAKE CASES ,24,2011-10-03 16:46:00,0.55,15159.0,United Kingdom,13.2,Sale
570011,23145,ZINC T-LIGHT HOLDER STAR LARGE,12,2011-10-07 09:44:00,0.95,16477.0,United Kingdom,11.4,Sale
568206,21500,PINK POLKADOT WRAP ,50,2011-09-25 15:32:00,0.42,14806.0,United Kingdom,21.0,Sale
547664,22994,TRAVEL CARD WALLET RETROSPOT,5,2011-03-24 13:16:00,0.42,13069.0,United Kingdom,2.1,Sale
552821,48194,DOORMAT HEARTS,1,2011-05-11 12:58:00,7.95,18118.0,United Kingdom,7.95,Sale
545685,82484,WOOD BLACK BOARD ANT WHITE FINISH,1,2011-03-06 11:55:00,7.9,14499.0,United Kingdom,7.9,Sale
576644,22352,LUNCH BOX WITH CUTLERY RETROSPOT ,1,2011-11-16 10:01:00,4.13,,United Kingdom,4.13,Sale
545163,21936,RED RETROSPOT PICNIC BAG,5,2011-02-28 13:39:00,2.95,16607.0,United Kingdom,14.75,Sale
561371,22674,FRENCH TOILET SIGN BLUE METAL,1,2011-07-26 16:25:00,2.46,,United Kingdom,2.46,Sale
563439,21668,RED STRIPE CERAMIC DRAWER KNOB,8,2011-08-16 13:05:00,2.46,,United Kingdom,19.68,Sale
541576,37501,TEA TIME TEA SET IN GIFT BOX,1,2011-01-19 13:32:00,6.95,17097.0,Spain,6.95,Sale
568170,22110,BIRD HOUSE HOT WATER BOTTLE,2,2011-09-25 13:08:00,2.55,16931.0,United Kingdom,5.1,Sale
569487,22086,PAPER CHAIN KIT 50'S CHRISTMAS ,6,2011-10-04 12:55:00,2.95,13351.0,United Kingdom,17.700000000000003,Sale
578261,82482,WOODEN PICTURE FRAME WHITE FINISH,16,2011-11-23 13:24:00,2.95,14216.0,United Kingdom,47.2,Sale
560246,20679,EDWARDIAN PARASOL RED,60,2011-07-17 12:17:00,4.95,14292.0,United Kingdom,297.0,Sale
577038,23156,SET OF 5 MINI GROCERY MAGNETS,1,2011-11-17 13:30:00,2.08,14796.0,United Kingdom,2.08,Sale
580136,22766,PHOTO FRAME CORNICE,1,2011-12-01 19:42:00,2.95,17841.0,United Kingdom,2.95,Sale
551698,21933,PINK VINTAGE PAISLEY PICNIC BAG,50,2011-05-03 13:52:00,1.65,13694.0,United Kingdom,82.5,Sale
574298,23344,JUMBO BAG 50'S CHRISTMAS ,6,2011-11-03 15:56:00,4.13,,United Kingdom,24.78,Sale
569224,22508,DOORSTOP RETROSPOT HEART,1,2011-10-02 14:00:00,3.75,15701.0,United Kingdom,3.75,Sale
561090,22055,MINI CAKE STAND  HANGING STRAWBERY,1,2011-07-25 09:55:00,3.29,,United Kingdom,3.29,Sale
550636,16168M,FUNKY MONKEY GIFT BAG MEDIUM,12,2011-04-19 15:37:00,0.83,,United Kingdom,9.96,Sale
550519,22521,CHILDS GARDEN TROWEL PINK,12,2011-04-19 09:31:00,0.85,13141.0,United Kingdom,10.2,Sale
541827,84050,PINK HEART SHAPE EGG FRYING PAN,1,2011-01-21 17:05:00,4.13,,United Kingdom,4.13,Sale
555511,21845,DAIRY MAID STRIPE MUG,12,2011-06-05 10:12:00,0.79,17708.0,United Kingdom,9.48,Sale
556243,21415,CLAM SHELL SMALL ,1,2011-06-09 16:07:00,4.13,,United Kingdom,4.13,Sale
573585,84050,PINK HEART SHAPE EGG FRYING PAN,4,2011-10-31 14:41:00,4.13,,United Kingdom,16.52,Sale
548505,21658,GLASS  BEURRE DISH,1,2011-03-31 14:34:00,8.29,,United Kingdom,8.29,Sale
537642,70007,HI TEC ALPINE HAND WARMER,1,2010-12-07 15:33:00,3.36,,United Kingdom,3.36,Sale
573897,21263,GREEN GOOSE FEATHER TREE 60CM,4,2011-11-01 14:29:00,1.95,16729.0,United Kingdom,7.8,Sale
543555,22768,FAMILY PHOTO FRAME CORNICE,2,2011-02-10 10:18:00,9.95,17686.0,United Kingdom,19.9,Sale
559055,20669,RED HEART LUGGAGE TAG,7,2011-07-05 17:09:00,0.83,,United Kingdom,5.81,Sale
575952,21992,VINTAGE PAISLEY STATIONERY SET,1,2011-11-13 11:55:00,1.25,16015.0,United Kingdom,1.25,Sale
559817,22210,WOOD STAMP SET BEST WISHES,6,2011-07-12 16:20:00,0.83,,United Kingdom,4.98,Sale
579136,35970,ZINC FOLKART SLEIGH BELLS,12,2011-11-28 12:45:00,1.69,16094.0,United Kingdom,20.28,Sale
575985,21928,JUMBO BAG SCANDINAVIAN BLUE PAISLEY,2,2011-11-13 14:09:00,2.08,17841.0,United Kingdom,4.16,Sale
557669,23119,PACK OF 6 LARGE FRUIT STRAWS ,12,2011-06-22 09:43:00,0.62,12674.0,France,7.439999999999999,Sale
560891,22094,RED RETROSPOT TISSUE BOX,36,2011-07-21 17:02:00,0.39,15106.0,United Kingdom,14.04,Sale
574356,22725,ALARM CLOCK BAKELIKE CHOCOLATE,1,2011-11-04 10:48:00,8.29,,United Kingdom,8.29,Sale
539437,22363,GLASS JAR MARMALADE ,1,2010-12-17 14:54:00,5.91,,United Kingdom,5.91,Sale
570872,22023,EMPIRE BIRTHDAY CARD,1,2011-10-12 16:40:00,0.83,,United Kingdom,0.83,Sale
558614,84919,BLUE CUSHION COVER WITH FLOWER,1,2011-06-30 15:56:00,5.79,,United Kingdom,5.79,Sale
542389,21231,SWEETHEART CERAMIC TRINKET BOX,12,2011-01-27 14:46:00,1.25,12868.0,United Kingdom,15.0,Sale
572035,23500,KEY RING BASEBALL BOOT ASSORTED ,100,2011-10-20 12:03:00,1.04,14646.0,Netherlands,104.0,Sale
564733,22335,HEART DECORATION PAINTED ZINC ,1,2011-08-28 13:18:00,0.65,17841.0,United Kingdom,0.65,Sale
554514,22030,SWALLOWS GREETING CARD,7,2011-05-24 15:58:00,0.83,,United Kingdom,5.81,Sale
571048,23389,SPACEBOY MINI RUCKSACK,4,2011-10-13 13:43:00,4.15,16042.0,United Kingdom,16.6,Sale
564840,21530,DAIRY MAID TOASTRACK,1,2011-08-30 12:49:00,3.29,,United Kingdom,3.29,Sale
552183,23177,TREASURE ISLAND BOOK BOX,2,2011-05-06 13:43:00,2.25,17604.0,United Kingdom,4.5,Sale
575168,23311,VINTAGE CHRISTMAS STOCKING ,12,2011-11-08 17:19:00,2.55,15290.0,United Kingdom,30.6,Sale
559338,85130B,BEADED CRYSTAL HEART GREEN LARGE,1,2011-07-07 16:30:00,3.29,,United Kingdom,3.29,Sale
564958,23289,DOLLY GIRL CHILDRENS BOWL,16,2011-08-31 13:56:00,1.25,13089.0,United Kingdom,20.0,Sale
575049,16169E,WRAP 50'S  CHRISTMAS,25,2011-11-08 12:13:00,0.42,12721.0,France,10.5,Sale
559514,22845,VINTAGE CREAM CAT FOOD CONTAINER,1,2011-07-08 15:57:00,12.46,,United Kingdom,12.46,Sale
578996,47591D,PINK FAIRY CAKE CHILDRENS APRON,3,2011-11-27 16:02:00,1.95,13991.0,United Kingdom,5.85,Sale
543814,21383,PACK OF 12 STICKY BUNNIES,48,2011-02-13 15:17:00,0.65,15640.0,United Kingdom,31.200000000000003,Sale
569572,16156S,WRAP PINK FAIRY CAKES ,600,2011-10-05 10:10:00,0.36,16684.0,United Kingdom,216.0,Sale
544823,22624,IVORY KITCHEN SCALES,2,2011-02-24 09:28:00,8.5,14004.0,United Kingdom,17.0,Sale
568154,22578,WOODEN STAR CHRISTMAS SCANDINAVIAN,18,2011-09-25 12:06:00,0.29,13787.0,United Kingdom,5.22,Sale
548516,20975,12 PENCILS SMALL TUBE RED RETROSPOT,6,2011-03-31 16:28:00,1.25,,United Kingdom,7.5,Sale
564537,23207,LUNCH BAG ALPHABET DESIGN,4,2011-08-25 15:18:00,1.65,15550.0,United Kingdom,6.6,Sale
553491,22469,HEART OF WICKER SMALL,12,2011-05-17 12:44:00,1.65,15624.0,United Kingdom,19.8,Sale
543013,85202,HANGING WOOD AND FELT HEART,2,2011-02-02 13:35:00,0.79,,United Kingdom,1.58,Sale
544686,85099C,JUMBO  BAG BAROQUE BLACK WHITE,1,2011-02-22 17:20:00,1.95,12748.0,United Kingdom,1.95,Sale
552710,23049,RECYCLED ACAPULCO MAT RED,6,2011-05-11 07:35:00,8.25,13098.0,United Kingdom,49.5,Sale
554348,22522,CHILDS GARDEN FORK BLUE ,12,2011-05-24 08:49:00,0.85,13523.0,United Kingdom,10.2,Sale
547385,16237,SLEEPING CAT ERASERS,1,2011-03-22 15:48:00,0.42,,United Kingdom,0.42,Sale
576889,22156,HEART DECORATION WITH PEARLS ,1,2011-11-16 17:24:00,0.85,12748.0,United Kingdom,0.85,Sale
571899,21742,LARGE ROUND WICKER PLATTER ,3,2011-10-19 14:22:00,5.95,16885.0,United Kingdom,17.85,Sale
541987,22858,EASTER TIN KEEPSAKE,6,2011-01-24 16:05:00,1.65,14130.0,United Kingdom,9.9,Sale
539411,21843,RED RETROSPOT CAKE STAND,1,2010-12-17 13:29:00,10.95,14243.0,United Kingdom,10.95,Sale
578947,21620,SET OF 4 ROSE BOTANICAL CANDLES,12,2011-11-27 13:49:00,1.25,14547.0,United Kingdom,15.0,Sale
558321,22196,SMALL HEART MEASURING SPOONS,1,2011-06-28 11:53:00,1.63,,United Kingdom,1.63,Sale
548461,22270,HAPPY EASTER HANGING DECORATION,3,2011-03-31 12:08:00,3.75,14527.0,United Kingdom,11.25,Sale
545105,22659,LUNCH BOX I LOVE LONDON,24,2011-02-28 11:58:00,1.95,12598.0,France,46.8,Sale
543013,22167, OVAL WALL MIRROR DIAMANTE ,1,2011-02-02 13:35:00,8.29,,United Kingdom,8.29,Sale
574547,35953,FOLKART STAR CHRISTMAS DECORATIONS,4,2011-11-04 15:08:00,0.39,17841.0,United Kingdom,1.56,Sale
550310,82580,BATHROOM METAL SIGN,250,2011-04-17 11:04:00,0.42,15985.0,United Kingdom,105.0,Sale
544599,22727,ALARM CLOCK BAKELIKE RED ,1,2011-02-21 18:15:00,3.75,,United Kingdom,3.75,Sale
554382,21498,RED RETROSPOT WRAP ,25,2011-05-24 11:55:00,0.42,17365.0,United Kingdom,10.5,Sale
555704,22508,DOORSTOP RETROSPOT HEART,4,2011-06-06 15:06:00,3.75,14944.0,United Kingdom,15.0,Sale
573632,84992,72 SWEETHEART FAIRY CAKE CASES,24,2011-10-31 15:36:00,0.55,15329.0,United Kingdom,13.2,Sale
575904,22301,COFFEE MUG CAT + BIRD DESIGN,2,2011-11-11 15:28:00,2.55,18014.0,United Kingdom,5.1,Sale
580750,22728,ALARM CLOCK BAKELIKE PINK,4,2011-12-06 09:56:00,3.75,12749.0,United Kingdom,15.0,Sale
580914,22112,CHOCOLATE HOT WATER BOTTLE,1,2011-12-06 13:42:00,4.95,14871.0,United Kingdom,4.95,Sale
575678,47504H,ENGLISH ROSE SPIRIT LEVEL ,12,2011-11-10 15:23:00,0.79,16169.0,United Kingdom,9.48,Sale
565141,21686,MEDINA STAMPED METAL STOOL,1,2011-09-01 13:40:00,39.95,17841.0,United Kingdom,39.95,Sale
576840,23168,CLASSIC CAFE SUGAR DISPENSER,1,2011-11-16 15:23:00,2.46,,United Kingdom,2.46,Sale
542112,20616,CHERRY BLOSSOM PASSPORT COVER,1,2011-01-25 13:55:00,2.1,13168.0,United Kingdom,2.1,Sale
559669,37446,MINI CAKE STAND WITH HANGING CAKES,8,2011-07-11 13:47:00,1.45,16332.0,United Kingdom,11.6,Sale
539607,20750,RED RETROSPOT MINI CASES,4,2010-12-20 14:10:00,7.95,12681.0,France,31.8,Sale
574491,21156,RETROSPOT CHILDRENS APRON,8,2011-11-04 13:05:00,1.95,16318.0,United Kingdom,15.6,Sale
563621,22352,LUNCH BOX WITH CUTLERY RETROSPOT ,4,2011-08-18 10:10:00,2.55,13113.0,United Kingdom,10.2,Sale
550215,85099C,JUMBO  BAG BAROQUE BLACK WHITE,5,2011-04-15 10:43:00,4.13,,United Kingdom,20.65,Sale
559337,22667,RECIPE BOX RETROSPOT ,1,2011-07-07 16:27:00,5.79,,United Kingdom,5.79,Sale
579116,23497,CLASSIC CHROME BICYCLE BELL ,3,2011-11-28 11:54:00,1.45,17346.0,United Kingdom,4.35,Sale
580697,23085,ANTIQUE SILVER BAUBLE LAMP  ,1,2011-12-05 16:05:00,10.4,15984.0,United Kingdom,10.4,Sale
561208,22998,TRAVEL CARD WALLET KEEP CALM,72,2011-07-25 16:39:00,0.42,15372.0,United Kingdom,30.24,Sale
541104,22670,FRENCH WC SIGN BLUE METAL,2,2011-01-13 14:29:00,2.46,,United Kingdom,4.92,Sale
563443,22556,PLASTERS IN TIN CIRCUS PARADE ,12,2011-08-16 13:26:00,1.65,12641.0,Sweden,19.8,Sale
556732,22470,HEART OF WICKER LARGE,4,2011-06-14 11:47:00,2.95,15039.0,United Kingdom,11.8,Sale
541974,22493,PAINT YOUR OWN CANVAS SET,1,2011-01-24 14:16:00,1.65,14541.0,United Kingdom,1.65,Sale
564837,84535B,FAIRY CAKES NOTEBOOK A6 SIZE,1,2011-08-30 12:40:00,1.46,,United Kingdom,1.46,Sale
557611,37340,MULTICOLOUR SPRING FLOWER MUG,48,2011-06-21 12:35:00,0.39,17695.0,United Kingdom,18.72,Sale
567183,22577,WOODEN HEART CHRISTMAS SCANDINAVIAN,6,2011-09-18 15:32:00,0.85,14769.0,United Kingdom,5.1,Sale
566094,20679,EDWARDIAN PARASOL RED,1,2011-09-09 10:42:00,5.95,17965.0,United Kingdom,5.95,Sale
567679,21902,"KEY FOB , FRONT  DOOR ",1,2011-09-21 16:15:00,0.65,14606.0,United Kingdom,0.65,Sale
567796,22069,BROWN  PIRATE TREASURE CHEST ,2,2011-09-22 11:46:00,1.65,16395.0,United Kingdom,3.3,Sale
572903,22111,SCOTTIE DOG HOT WATER BOTTLE,2,2011-10-26 15:17:00,4.95,17974.0,United Kingdom,9.9,Sale
537346,21366,MIRRORED WALL ART PHOTO FRAMES,3,2010-12-06 12:21:00,4.25,15301.0,United Kingdom,12.75,Sale
545475,22699,ROSES REGENCY TEACUP AND SAUCER ,24,2011-03-03 10:59:00,2.55,12415.0,Australia,61.2,Sale
573585,23012,GLASS APOTHECARY BOTTLE PERFUME,1,2011-10-31 14:41:00,8.29,,United Kingdom,8.29,Sale
578099,22941,CHRISTMAS LIGHTS 10 REINDEER,2,2011-11-23 08:05:00,8.5,12452.0,Switzerland,17.0,Sale
578233,84029G,KNITTED UNION FLAG HOT WATER BOTTLE,2,2011-11-23 12:20:00,4.25,14049.0,United Kingdom,8.5,Sale
578510,23236,STORAGE TIN VINTAGE DOILY ,1,2011-11-24 13:25:00,2.89,14056.0,United Kingdom,2.89,Sale
559782,22170,PICTURE FRAME WOOD TRIPLE PORTRAIT,4,2011-07-12 11:55:00,6.75,12722.0,France,27.0,Sale
575918,21034,REX CASH+CARRY JUMBO SHOPPER,2,2011-11-11 16:58:00,0.95,17191.0,United Kingdom,1.9,Sale
560090,21390,FILIGRIS HEART WITH BUTTERFLY,1,2011-07-14 16:46:00,2.46,,United Kingdom,2.46,Sale
539338,22757,LARGE RED BABUSHKA NOTEBOOK ,12,2010-12-17 10:54:00,1.25,17404.0,Sweden,15.0,Sale
574561,21944,KITTENS DESIGN FLANNEL,1,2011-11-04 15:52:00,1.63,,United Kingdom,1.63,Sale
570590,21499,BLUE POLKADOT WRAP,25,2011-10-11 11:34:00,0.42,18075.0,United Kingdom,10.5,Sale
556070,22998,TRAVEL CARD WALLET KEEP CALM,48,2011-06-08 14:51:00,0.42,17873.0,United Kingdom,20.16,Sale
557281,84563B,BLUE & WHITE BREAKFAST TRAY,6,2011-06-19 12:23:00,2.95,13632.0,United Kingdom,17.700000000000003,Sale
552574,84978,HANGING HEART JAR T-LIGHT HOLDER,36,2011-05-10 12:20:00,1.06,15311.0,United Kingdom,38.16,Sale
544634,84997D,CHILDRENS CUTLERY POLKADOT PINK,2,2011-02-22 11:02:00,4.15,17994.0,United Kingdom,8.3,Sale
564841,21238,RED RETROSPOT CUP,9,2011-08-30 13:42:00,1.63,,United Kingdom,14.669999999999998,Sale
560862,22033,BOTANICAL ROSE GREETING CARD,12,2011-07-21 13:48:00,0.42,14085.0,United Kingdom,5.04,Sale
562053,79051A,SMOKEY GREY COLOUR D.O.F. GLASS,96,2011-08-02 12:11:00,0.29,16701.0,United Kingdom,27.84,Sale
578344,22697,GREEN REGENCY TEACUP AND SAUCER,3,2011-11-24 09:21:00,5.79,,United Kingdom,17.37,Sale
545044,20674,GREEN POLKADOT BOWL,8,2011-02-27 11:31:00,1.25,15738.0,United Kingdom,10.0,Sale
537434,21977,PACK OF 60 PINK PAISLEY CAKE CASES,5,2010-12-06 16:57:00,1.28,,United Kingdom,6.4,Sale
542898,84991,60 TEATIME FAIRY CAKE CASES,2,2011-02-01 14:01:00,0.55,16110.0,United Kingdom,1.1,Sale
546767,22152,PLACE SETTING WHITE STAR,48,2011-03-16 14:51:00,0.42,12971.0,United Kingdom,20.16,Sale
549910,22659,LUNCH BOX I LOVE LONDON,2,2011-04-12 17:12:00,1.95,16697.0,United Kingdom,3.9,Sale
572753,21162,TOXIC AREA  DOOR HANGER ,24,2011-10-25 17:29:00,0.39,15856.0,United Kingdom,9.36,Sale
545227,21199,PINK  HEART CONFETTI IN TUBE,12,2011-03-01 09:35:00,1.65,12428.0,Finland,19.8,Sale
547663,22371,AIRLINE BAG VINTAGE TOKYO 78,3,2011-03-24 13:16:00,4.25,16022.0,United Kingdom,12.75,Sale
561894,23000,TRAVEL CARD WALLET TRANSPORT,2,2011-07-31 15:00:00,0.42,14456.0,United Kingdom,0.84,Sale
558475,22896,PEG BAG APPLES DESIGN,1,2011-06-29 15:58:00,4.96,,United Kingdom,4.96,Sale
563549,85152,HAND OVER THE CHOCOLATE   SIGN ,1,2011-08-17 12:34:00,4.13,,United Kingdom,4.13,Sale
581412,84792,ENCHANTED BIRD COATHANGER 5 HOOK,3,2011-12-08 14:38:00,4.65,14415.0,United Kingdom,13.95,Sale
562101,22726,ALARM CLOCK BAKELIKE GREEN,4,2011-08-02 14:04:00,3.75,13850.0,United Kingdom,15.0,Sale
562717,90130B,TURQ STONE/CRYSTAL EARRINGS,1,2011-08-08 15:42:00,2.9,,United Kingdom,2.9,Sale
547912,20975,12 PENCILS SMALL TUBE RED RETROSPOT,4,2011-03-28 12:27:00,0.65,18010.0,United Kingdom,2.6,Sale
558293,85132C,CHARLIE AND LOLA FIGURES TINS,12,2011-06-28 10:31:00,1.95,13656.0,United Kingdom,23.4,Sale
576318,22141,CHRISTMAS CRAFT TREE TOP ANGEL,18,2011-11-14 14:57:00,2.1,15058.0,United Kingdom,37.8,Sale
557329,23308,SET OF 60 VINTAGE LEAF CAKE CASES ,3,2011-06-20 10:13:00,0.55,17227.0,United Kingdom,1.65,Sale
539649,22633,HAND WARMER UNION JACK,1,2010-12-20 16:09:00,2.1,,United Kingdom,2.1,Sale
545053,21929,JUMBO BAG PINK VINTAGE PAISLEY,3,2011-02-27 12:41:00,1.95,17516.0,United Kingdom,5.85,Sale
572475,23534,WALL ART STOP FOR TEA ,1,2011-10-24 13:37:00,5.95,15271.0,United Kingdom,5.95,Sale
563103,21391,FRENCH LAVENDER SCENT HEART,12,2011-08-12 10:08:00,0.75,13873.0,United Kingdom,9.0,Sale
570219,23208,LUNCH BAG VINTAGE LEAF DESIGN,6,2011-10-09 12:44:00,1.65,16809.0,United Kingdom,9.9,Sale
566451,23312,VINTAGE CHRISTMAS GIFT SACK,1,2011-09-12 16:14:00,4.15,18069.0,United Kingdom,4.15,Sale
569564,22621,TRADITIONAL KNITTING NANCY,12,2011-10-05 09:47:00,1.65,13989.0,United Kingdom,19.8,Sale
560772,21389,IVORY HANGING DECORATION  BIRD,3,2011-07-20 16:12:00,0.83,,United Kingdom,2.49,Sale
567076,22123,PING MICROWAVE APRON,12,2011-09-16 12:27:00,1.95,15505.0,United Kingdom,23.4,Sale
573406,84029E,RED WOOLLY HOTTIE WHITE HEART.,4,2011-10-30 15:57:00,4.25,14112.0,United Kingdom,17.0,Sale
566035,22457,NATURAL SLATE HEART CHALKBOARD ,6,2011-09-08 13:17:00,2.95,12839.0,United Kingdom,17.700000000000003,Sale
551997,22697,GREEN REGENCY TEACUP AND SAUCER,1,2011-05-05 15:47:00,5.79,,United Kingdom,5.79,Sale
539338,22949,36 DOILIES DOLLY GIRL,144,2010-12-17 10:54:00,1.45,17404.0,Sweden,208.8,Sale
553011,20718,RED RETROSPOT SHOPPER BAG,6,2011-05-12 17:03:00,1.25,14390.0,United Kingdom,7.5,Sale
542384,84375,SET OF 20 KIDS COOKIE CUTTERS,12,2011-01-27 14:31:00,2.1,15827.0,United Kingdom,25.200000000000003,Sale
540821,21028,NINJA RABBIT BLACK,2,2011-01-11 13:16:00,0.85,,United Kingdom,1.7,Sale
570597,84755,COLOUR GLASS T-LIGHT HOLDER HANGING,16,2011-10-11 11:49:00,0.65,16837.0,United Kingdom,10.4,Sale
580318,23581,JUMBO BAG PAISLEY PARK,10,2011-12-02 15:39:00,2.08,17686.0,United Kingdom,20.8,Sale
546252,84879,ASSORTED COLOUR BIRD ORNAMENT,8,2011-03-10 14:42:00,1.69,14930.0,Channel Islands,13.52,Sale
570465,35471D,SET OF 3 BIRD LIGHT PINK FEATHER ,3,2011-10-10 16:02:00,1.25,,United Kingdom,3.75,Sale
555284,23107,WHITE HEARTS WIRE PLANT POT HOLDER,8,2011-06-02 09:37:00,2.49,14298.0,United Kingdom,19.92,Sale
570333,23103,JINGLE BELL HEART DECORATION,2,2011-10-10 12:19:00,1.65,18126.0,United Kingdom,3.3,Sale
577078,23646,SET 10 CARDS JINGLE BELLS 16957,2,2011-11-17 15:17:00,2.49,,United Kingdom,4.98,Sale
564818,22356,CHARLOTTE BAG PINK POLKADOT,5,2011-08-30 12:10:00,1.63,,United Kingdom,8.149999999999999,Sale
568952,22865,HAND WARMER OWL DESIGN,12,2011-09-29 15:29:00,2.1,14305.0,United Kingdom,25.200000000000003,Sale
571030,22507,MEMO BOARD RETROSPOT  DESIGN,4,2011-10-13 12:26:00,4.95,12876.0,Belgium,19.8,Sale
559457,82600,NO SINGING METAL SIGN,12,2011-07-08 12:50:00,2.1,14918.0,United Kingdom,25.200000000000003,Sale
580402,22499,WOODEN UNION JACK BUNTING,6,2011-12-04 11:55:00,5.95,13536.0,United Kingdom,35.7,Sale
537212,22962,JAM JAR WITH PINK LID,12,2010-12-05 15:21:00,0.85,12720.0,Germany,10.2,Sale
560239,22961,JAM MAKING SET PRINTED,12,2011-07-17 11:50:00,1.45,13507.0,United Kingdom,17.4,Sale
571670,21212,PACK OF 72 RETROSPOT CAKE CASES,24,2011-10-18 13:12:00,0.55,12611.0,Italy,13.2,Sale
560260,23208,LUNCH BAG VINTAGE LEAF DESIGN,1,2011-07-17 13:32:00,1.65,14044.0,United Kingdom,1.65,Sale
564565,21408,SPOTTY PINK DUCK DOORSTOP,3,2011-08-26 10:50:00,4.25,14911.0,EIRE,12.75,Sale
551258,22077,6 RIBBONS RUSTIC CHARM,12,2011-04-27 12:02:00,1.65,12621.0,Germany,19.8,Sale
578679,22749,FELTCRAFT PRINCESS CHARLOTTE DOLL,6,2011-11-25 08:12:00,3.75,15117.0,United Kingdom,22.5,Sale
536982,21327,SKULLS WRITING SET ,8,2010-12-03 14:27:00,3.36,,United Kingdom,26.88,Sale
544392,22383,LUNCH BAG SUKI  DESIGN ,100,2011-02-18 11:54:00,1.45,14680.0,United Kingdom,145.0,Sale
560827,22430,ENAMEL WATERING CAN CREAM,4,2011-07-21 11:42:00,4.95,14517.0,United Kingdom,19.8,Sale
571189,22043,CHRISTMAS CARD SCREEN PRINT ,48,2011-10-14 11:42:00,0.19,13213.0,United Kingdom,9.12,Sale
560434,21430,SET/3 RED GINGHAM ROSE STORAGE BOX,1,2011-07-18 15:56:00,7.46,,United Kingdom,7.46,Sale
569231,23293,SET OF 12 FAIRY CAKE BAKING CASES,2,2011-10-02 15:18:00,0.83,13379.0,United Kingdom,1.66,Sale
540026,84969,BOX OF 6 ASSORTED COLOUR TEASPOONS,2,2011-01-04 13:25:00,3.36,,United Kingdom,6.72,Sale
546884,84872A,TEATIME FUNKY FLOWER BACKPACK FOR 2,1,2011-03-17 18:08:00,10.79,,United Kingdom,10.79,Sale
540099,21314,SMALL GLASS HEART TRINKET POT,8,2011-01-04 16:41:00,2.1,15808.0,United Kingdom,16.8,Sale
564740,23182,TOILET SIGN OCCUPIED OR VACANT,2,2011-08-28 14:39:00,0.83,14044.0,United Kingdom,1.66,Sale
562608,23133,LARGE IVORY HEART WALL ORGANISER,2,2011-08-08 11:45:00,8.25,15502.0,United Kingdom,16.5,Sale
537618,22423,REGENCY CAKESTAND 3 TIER,80,2010-12-07 13:50:00,10.95,15061.0,United Kingdom,876.0,Sale
578923,21804,WHITE CHRISTMAS GARLAND STARS TREES,1,2011-11-27 12:01:00,3.75,14527.0,United Kingdom,3.75,Sale
581425,21417,COCKLE SHELL DISH,1,2011-12-08 15:31:00,0.79,14796.0,United Kingdom,0.79,Sale
569231,23380,PACK OF 12 VINTAGE DOILY TISSUES,10,2011-10-02 15:18:00,0.39,13379.0,United Kingdom,3.9,Sale
566287,22866,HAND WARMER SCOTTY DOG DESIGN,1,2011-09-11 15:11:00,2.1,17218.0,United Kingdom,2.1,Sale
544646,21843,RED RETROSPOT CAKE STAND,1,2011-02-22 12:06:00,10.95,17075.0,United Kingdom,10.95,Sale
548373,21746,SMALL RED RETROSPOT WINDMILL,2,2011-03-30 16:34:00,2.46,,United Kingdom,4.92,Sale
540520,22372,AIRLINE BAG VINTAGE WORLD CHAMPION ,1,2011-01-09 12:31:00,4.25,17555.0,United Kingdom,4.25,Sale
553013,20655,QUEEN OF SKIES LUGGAGE TAG,1,2011-05-12 18:19:00,2.46,,United Kingdom,2.46,Sale
541592,22070,SMALL RED RETROSPOT MUG IN BOX ,3,2011-01-19 15:08:00,3.29,,United Kingdom,9.87,Sale
550953,22722,SET OF 6 SPICE TINS PANTRY DESIGN,2,2011-04-21 16:17:00,8.29,,United Kingdom,16.58,Sale
576213,22594,CHRISTMAS GINGHAM TREE,12,2011-11-14 12:47:00,0.85,18117.0,United Kingdom,10.2,Sale
557471,35607B,BLACK FEATHER CHRISTMAS DECORATION,24,2011-06-20 13:27:00,0.19,15825.0,United Kingdom,4.5600000000000005,Sale
566717,21181,PLEASE ONE PERSON METAL SIGN,3,2011-09-14 12:14:00,2.1,17841.0,United Kingdom,6.300000000000001,Sale
568654,22182,CAKE STAND VICTORIAN FILIGREE SMALL,4,2011-09-28 12:20:00,4.95,14911.0,EIRE,19.8,Sale
558077,21673,WHITE SPOT BLUE CERAMIC DRAWER KNOB,24,2011-06-26 10:59:00,1.25,13408.0,United Kingdom,30.0,Sale
576840,85131B,BEADED CRYSTAL HEART GREEN ON STICK,1,2011-11-16 15:23:00,0.83,,United Kingdom,0.83,Sale
573585,22107,PIZZA PLATE IN BOX,11,2011-10-31 14:41:00,3.29,,United Kingdom,36.19,Sale
555324,22379,RECYCLING BAG RETROSPOT ,1,2011-06-02 11:02:00,4.96,,United Kingdom,4.96,Sale
538524,21558,SKULL LUNCH BOX WITH CUTLERY ,1,2010-12-13 09:35:00,5.06,,United Kingdom,5.06,Sale
556056,21175,GIN + TONIC DIET METAL SIGN,2,2011-06-08 13:35:00,2.55,17841.0,United Kingdom,5.1,Sale
560926,21213,PACK OF 72 SKULL CAKE CASES,1,2011-07-22 09:20:00,1.25,,United Kingdom,1.25,Sale
537265,22962,JAM JAR WITH PINK LID,6,2010-12-06 11:26:00,0.85,15919.0,United Kingdom,5.1,Sale
573748,22048,BIRTHDAY BANQUET GIFT WRAP,25,2011-11-01 09:24:00,0.42,14911.0,EIRE,10.5,Sale
538397,22024,RAINY LADIES BIRTHDAY CARD,72,2010-12-12 11:44:00,0.36,12753.0,Japan,25.92,Sale
558879,22178,VICTORIAN GLASS HANGING T-LIGHT,12,2011-07-04 14:07:00,1.25,12921.0,United Kingdom,15.0,Sale
561367,21240,BLUE POLKADOT CUP,1,2011-07-26 15:46:00,1.63,,United Kingdom,1.63,Sale
552972,22847,BREAD BIN DINER STYLE IVORY,1,2011-05-12 13:43:00,16.95,16043.0,United Kingdom,16.95,Sale
571797,85049a,TRADITIONAL CHRISTMAS RIBBONS,2,2011-10-19 11:41:00,3.29,,United Kingdom,6.58,Sale
553224,20728,LUNCH BAG CARS BLUE,4,2011-05-16 10:40:00,1.65,17228.0,United Kingdom,6.6,Sale
560504,84212,"ASSORTED FLOWER COLOUR ""LEIS""",48,2011-07-19 11:47:00,0.65,13081.0,United Kingdom,31.200000000000003,Sale
545410,21080,SET/20 RED RETROSPOT PAPER NAPKINS ,12,2011-03-02 12:18:00,0.85,16670.0,United Kingdom,10.2,Sale
576665,72349B,SET/6 PURPLE BUTTERFLY T-LIGHTS,1,2011-11-16 11:46:00,2.1,17841.0,United Kingdom,2.1,Sale
540697,22111,SCOTTIE DOG HOT WATER BOTTLE,3,2011-01-11 09:20:00,4.95,16670.0,United Kingdom,14.85,Sale
544685,23231,WRAP DOILEY DESIGN,25,2011-02-22 17:13:00,0.42,13285.0,United Kingdom,10.5,Sale
578344,90208,PAIR OF PINK FLOWER CLUSTER SLIDE,1,2011-11-24 09:21:00,2.48,,United Kingdom,2.48,Sale
577034,22589,CARDHOLDER GINGHAM STAR,1,2011-11-17 13:16:00,2.89,12847.0,United Kingdom,2.89,Sale
557502,23174,REGENCY SUGAR BOWL GREEN,10,2011-06-20 15:32:00,8.29,,United Kingdom,82.89999999999999,Sale
576784,22649,STRAWBERRY FAIRY CAKE TEAPOT,3,2011-11-16 13:40:00,4.95,16204.0,United Kingdom,14.85,Sale
564172,21985,PACK OF 12 HEARTS DESIGN TISSUES ,6,2011-08-23 14:19:00,0.29,16033.0,United Kingdom,1.7399999999999998,Sale
546786,85099C,JUMBO  BAG BAROQUE BLACK WHITE,10,2011-03-17 09:57:00,1.95,16523.0,United Kingdom,19.5,Sale
567661,72586,SET OF 6 HALLOWEEN GHOST T-LIGHTS,2,2011-09-21 15:06:00,0.42,13959.0,United Kingdom,0.84,Sale
559028,23204,CHARLOTTE BAG APPLES DESIGN,10,2011-07-05 14:27:00,0.85,12839.0,United Kingdom,8.5,Sale
544824,22680,FRENCH BLUE METAL DOOR SIGN 5,10,2011-02-24 09:32:00,1.25,17139.0,United Kingdom,12.5,Sale
541827,22971,QUEENS GUARD COFFEE MUG,1,2011-01-21 17:05:00,4.96,,United Kingdom,4.96,Sale
553393,37501,TEA TIME TEA SET IN GIFT BOX,1,2011-05-16 16:46:00,5.79,,United Kingdom,5.79,Sale
544597,22550,HOLIDAY FUN LUDO,1,2011-02-21 17:42:00,3.75,16014.0,United Kingdom,3.75,Sale
553658,84352,SILVER CHRISTMAS TREE BAUBLE STAND ,1,2011-05-18 11:42:00,16.95,16818.0,United Kingdom,16.95,Sale
579777,22752,SET 7 BABUSHKA NESTING BOXES,1,2011-11-30 15:13:00,16.63,,United Kingdom,16.63,Sale
562276,21212,PACK OF 72 RETROSPOT CAKE CASES,24,2011-08-04 10:23:00,0.55,17735.0,United Kingdom,13.2,Sale
547793,22796,PHOTO FRAME 3 CLASSIC HANGING,4,2011-03-25 12:10:00,9.95,14758.0,United Kingdom,39.8,Sale
536592,90040B,MURANO STYLE GLASS BRACELET BLACK,1,2010-12-01 17:06:00,3.81,,United Kingdom,3.81,Sale
578347,21949,SET OF 6 STRAWBERRY CHOPSTICKS,2,2011-11-24 09:26:00,2.46,,United Kingdom,4.92,Sale
538163,84912A,PINK ROSE WASHBAG,1,2010-12-09 17:27:00,3.75,17841.0,United Kingdom,3.75,Sale
547094,22555,PLASTERS IN TIN STRONGMAN,12,2011-03-21 08:39:00,1.65,13934.0,United Kingdom,19.8,Sale
573347,85032B,BLOSSOM IMAGES GIFT WRAP SET,3,2011-10-30 12:26:00,0.65,13137.0,United Kingdom,1.95,Sale
569202,21813,GARLAND WITH STARS AND BELLS,2,2011-09-30 17:22:00,3.29,,United Kingdom,6.58,Sale
553718,22878,NUMBER TILE COTTAGE GARDEN No,1,2011-05-18 16:14:00,4.13,,United Kingdom,4.13,Sale
542906,20727,LUNCH BAG  BLACK SKULL.,1,2011-02-01 15:12:00,4.13,,United Kingdom,4.13,Sale
560090,23140,TRIPLE WIRE HOOK IVORY HEART,1,2011-07-14 16:46:00,4.13,,United Kingdom,4.13,Sale
552674,22057,CERAMIC PLATE STRAWBERRY DESIGN,1,2011-05-10 15:07:00,3.29,,United Kingdom,3.29,Sale
572549,21544,SKULLS  WATER TRANSFER TATTOOS ,2,2011-10-24 17:03:00,1.63,,United Kingdom,3.26,Sale
547515,21916,SET 12 RETRO WHITE CHALK STICKS,24,2011-03-23 14:02:00,0.42,13267.0,United Kingdom,10.08,Sale
580115,23188,VINTAGE  2 METRE FOLDING RULER,3,2011-12-01 16:22:00,3.29,,United Kingdom,9.87,Sale
546306,21380,WOODEN HAPPY BIRTHDAY GARLAND,2,2011-03-10 16:16:00,5.79,,United Kingdom,11.58,Sale
554202,22851,SET 20 NAPKINS FAIRY CAKES DESIGN ,3,2011-05-23 12:14:00,0.85,13546.0,United Kingdom,2.55,Sale
571064,21617,4 LILY  BOTANICAL DINNER CANDLES,1,2011-10-13 14:48:00,1.25,17181.0,United Kingdom,1.25,Sale
580137,21484,CHICK GREY HOT WATER BOTTLE,1,2011-12-01 19:54:00,4.25,17566.0,United Kingdom,4.25,Sale
553781,85123A,WHITE HANGING HEART T-LIGHT HOLDER,10,2011-05-19 10:54:00,2.95,16008.0,United Kingdom,29.5,Sale
566949,21253,SET OF PICTURE FRAME  STICKERS,1,2011-09-15 16:32:00,5.79,,United Kingdom,5.79,Sale
545078,22698,PINK REGENCY TEACUP AND SAUCER,1,2011-02-28 10:15:00,5.79,,United Kingdom,5.79,Sale
541139,20725,LUNCH BAG RED RETROSPOT,10,2011-01-14 11:05:00,1.65,15213.0,United Kingdom,16.5,Sale
542739,85066,CREAM SWEETHEART MINI CHEST,12,2011-01-31 15:57:00,10.95,17389.0,United Kingdom,131.39999999999998,Sale
546498,37450,CERAMIC CAKE BOWL + HANGING CAKES,2,2011-03-14 11:44:00,2.95,15493.0,United Kingdom,5.9,Sale
577524,23565,EGG CUP MILKMAID HELGA ,3,2011-11-20 13:33:00,1.25,16905.0,United Kingdom,3.75,Sale
538594,84212,"ASSORTED FLOWER COLOUR ""LEIS""",480,2010-12-13 11:57:00,0.42,16927.0,United Kingdom,201.6,Sale
573340,20868,SILVER FABRIC MIRROR,6,2011-10-30 11:55:00,0.39,14159.0,United Kingdom,2.34,Sale
559923,84568,GIRLS ALPHABET IRON ON PATCHES ,7,2011-07-13 16:07:00,0.42,,United Kingdom,2.94,Sale
566585,82494L,WOODEN FRAME ANTIQUE WHITE ,6,2011-09-13 14:06:00,2.95,16409.0,United Kingdom,17.700000000000003,Sale
579991,21616,4 PEAR BOTANICAL DINNER CANDLES,12,2011-12-01 11:20:00,1.25,13159.0,United Kingdom,15.0,Sale
559318,21034,REX CASH+CARRY JUMBO SHOPPER,1,2011-07-07 14:08:00,0.95,18013.0,United Kingdom,0.95,Sale
559693,20931,BLUE POT PLANT CANDLE ,1,2011-07-11 16:21:00,7.46,,United Kingdom,7.46,Sale
542530,21136,PAINTED METAL PEARS ASSORTED,8,2011-01-28 13:08:00,1.69,15365.0,United Kingdom,13.52,Sale
562528,23231,WRAP DOILEY DESIGN,25,2011-08-05 13:52:00,0.42,12610.0,Italy,10.5,Sale
537800,20727,LUNCH BAG  BLACK SKULL.,1,2010-12-08 13:08:00,1.65,12748.0,United Kingdom,1.65,Sale
545979,22147,FELTCRAFT BUTTERFLY HEARTS,1,2011-03-08 12:30:00,1.45,12748.0,United Kingdom,1.45,Sale
569493,22779,WOODEN OWLS LIGHT GARLAND ,4,2011-10-04 13:35:00,4.25,13317.0,United Kingdom,17.0,Sale
575388,84946,ANTIQUE SILVER T-LIGHT GLASS,144,2011-11-09 15:30:00,1.06,12971.0,United Kingdom,152.64,Sale
562102,82483,WOOD 2 DRAWER CABINET WHITE FINISH,16,2011-08-02 14:21:00,5.95,13089.0,United Kingdom,95.2,Sale
578551,22831,WHITE BROCANTE SOAP DISH,2,2011-11-24 15:05:00,2.95,12937.0,United Kingdom,5.9,Sale
576644,85071D,CHARLIE+LOLA MY ROOM DOOR SIGN,1,2011-11-16 10:01:00,1.63,,United Kingdom,1.63,Sale
536864,22187,GREEN CHRISTMAS TREE CARD HOLDER,1,2010-12-03 11:27:00,8.47,,United Kingdom,8.47,Sale
564166,21509,COWBOYS AND INDIANS BIRTHDAY CARD ,12,2011-08-23 13:40:00,0.42,15089.0,United Kingdom,5.04,Sale
549431,22659,LUNCH BOX I LOVE LONDON,6,2011-04-08 12:17:00,1.95,15874.0,United Kingdom,11.7,Sale
580303,23300,GARDENERS KNEELING PAD CUP OF TEA ,12,2011-12-02 14:18:00,1.65,16626.0,United Kingdom,19.8,Sale
580527,23302,KNEELING MAT HOUSEWORK  DESIGN,1,2011-12-04 15:19:00,0.79,13736.0,United Kingdom,0.79,Sale
537207,22838,3 TIER CAKE TIN RED AND CREAM,2,2010-12-05 15:06:00,14.95,17402.0,United Kingdom,29.9,Sale
554034,23172,REGENCY TEA PLATE PINK,48,2011-05-20 14:06:00,1.45,13324.0,United Kingdom,69.6,Sale
568210,23245,SET OF 3 REGENCY CAKE TINS,4,2011-09-25 15:56:00,4.95,17159.0,United Kingdom,19.8,Sale
559807,22726,ALARM CLOCK BAKELIKE GREEN,1,2011-07-12 14:48:00,3.75,17841.0,United Kingdom,3.75,Sale
578270,22436,12 COLOURED PARTY BALLOONS,1,2011-11-23 13:39:00,1.25,14096.0,United Kingdom,1.25,Sale
542633,22499,WOODEN UNION JACK BUNTING,1,2011-01-31 10:31:00,8.29,,United Kingdom,8.29,Sale
569521,22570,FELTCRAFT CUSHION RABBIT,1,2011-10-04 14:33:00,3.75,16474.0,United Kingdom,3.75,Sale
578250,23158,SET OF 5 LUCKY CAT MAGNETS ,1,2011-11-23 12:43:00,2.08,15901.0,United Kingdom,2.08,Sale
536643,22110,BIRD HOUSE HOT WATER BOTTLE,4,2010-12-02 11:57:00,2.55,14390.0,United Kingdom,10.2,Sale
547358,22505,MEMO BOARD COTTAGE DESIGN,1,2011-03-22 12:25:00,4.95,15998.0,United Kingdom,4.95,Sale
580221,22468,BABUSHKA LIGHTS STRING OF 10,4,2011-12-02 12:13:00,6.75,14092.0,United Kingdom,27.0,Sale
577078,22315,200 RED + WHITE BENDY STRAWS,1,2011-11-17 15:17:00,2.46,,United Kingdom,2.46,Sale
576147,23206,LUNCH BAG APPLE DESIGN,20,2011-11-14 10:49:00,1.65,16303.0,United Kingdom,33.0,Sale
546990,22301,COFFEE MUG CAT + BIRD DESIGN,12,2011-03-18 12:59:00,2.55,14315.0,United Kingdom,30.6,Sale
557289,21588,RETROSPOT GIANT TUBE MATCHES,1,2011-06-19 12:58:00,2.55,16880.0,United Kingdom,2.55,Sale
548214,22284,HEN HOUSE DECORATION,12,2011-03-30 09:17:00,1.65,13720.0,United Kingdom,19.8,Sale
569815,22646,CERAMIC STRAWBERRY CAKE MONEY BANK,72,2011-10-06 11:53:00,1.25,15838.0,United Kingdom,90.0,Sale
541219,22699,ROSES REGENCY TEACUP AND SAUCER ,1,2011-01-14 14:06:00,5.79,,United Kingdom,5.79,Sale
554951,47566,PARTY BUNTING,50,2011-05-27 14:48:00,4.15,16323.0,United Kingdom,207.50000000000003,Sale
538597,22623,BOX OF VINTAGE JIGSAW BLOCKS ,2,2010-12-13 12:26:00,4.95,15555.0,United Kingdom,9.9,Sale
542618,22222,CAKE PLATE LOVEBIRD WHITE,1,2011-01-30 15:52:00,4.95,14502.0,United Kingdom,4.95,Sale
565860,37468,HARDMAN MUG 3 ASSORTED,12,2011-09-07 14:41:00,0.39,12748.0,United Kingdom,4.68,Sale
570721,23436,VINTAGE CHRISTMAS GIFT BAG LARGE ,12,2011-10-12 10:51:00,1.25,13842.0,United Kingdom,15.0,Sale
549690,20719,WOODLAND CHARLOTTE BAG,6,2011-04-11 13:41:00,0.85,17841.0,United Kingdom,5.1,Sale
579692,23428,IVORY RETRO KITCHEN WALL CLOCK,2,2011-11-30 14:05:00,8.15,12433.0,Norway,16.3,Sale
559170,48187,DOORMAT NEW ENGLAND,1,2011-07-06 17:31:00,7.95,16942.0,United Kingdom,7.95,Sale
563613,22090,PAPER BUNTING RETROSPOT,6,2011-08-18 08:49:00,2.95,12688.0,Israel,17.700000000000003,Sale
566446,21381,MINI WOODEN HAPPY BIRTHDAY GARLAND,1,2011-09-12 15:40:00,3.29,,United Kingdom,3.29,Sale
574536,23354,6 GIFT TAGS 50'S CHRISTMAS ,2,2011-11-04 14:35:00,0.83,15707.0,United Kingdom,1.66,Sale
553017,20658,RED RETROSPOT LUGGAGE TAG,3,2011-05-12 19:01:00,1.25,12757.0,Portugal,3.75,Sale
554261,21174,POTTERING IN THE SHED METAL SIGN,4,2011-05-23 12:32:00,2.08,16033.0,United Kingdom,8.32,Sale
580596,22898,CHILDRENS APRON APPLES DESIGN,8,2011-12-05 11:01:00,1.95,15392.0,United Kingdom,15.6,Sale
547921,85093,CANDY SPOT EGG WARMER HARE,48,2011-03-28 13:28:00,0.39,14766.0,United Kingdom,18.72,Sale
572030,23377,PACK OF 12 DOLLY GIRL TISSUES,24,2011-10-20 11:51:00,0.39,14923.0,United Kingdom,9.36,Sale
574950,85099F,JUMBO BAG STRAWBERRY,1,2011-11-08 09:29:00,4.13,,United Kingdom,4.13,Sale
576893,POST,POSTAGE,1,2011-11-17 08:29:00,18.0,12481.0,Germany,18.0,Sale
555845,21390,FILIGRIS HEART WITH BUTTERFLY,2,2011-06-07 13:19:00,1.25,17015.0,United Kingdom,2.5,Sale
543979,21889,WOODEN BOX OF DOMINOES,1,2011-02-14 15:43:00,1.25,14606.0,United Kingdom,1.25,Sale
561382,22377,BOTTLE BAG RETROSPOT ,2,2011-07-26 17:27:00,2.1,16750.0,United Kingdom,4.2,Sale
549120,22524,CHILDRENS GARDEN GLOVES BLUE,2,2011-04-06 13:28:00,1.25,14587.0,United Kingdom,2.5,Sale
550193,22232,JIGSAW TOADSTOOLS 3 PIECE,8,2011-04-15 09:27:00,1.65,13952.0,United Kingdom,13.2,Sale
539958,22758,LARGE PURPLE BABUSHKA NOTEBOOK  ,1,2010-12-23 13:26:00,2.51,,United Kingdom,2.51,Sale
538379,22918,HERB MARKER PARSLEY,1,2010-12-12 11:26:00,0.65,17126.0,United Kingdom,0.65,Sale
558702,22991,GIRAFFE WOODEN RULER,2,2011-07-01 12:45:00,1.95,12748.0,United Kingdom,3.9,Sale
559816,22197,POPCORN HOLDER,7,2011-07-12 16:11:00,1.63,,United Kingdom,11.41,Sale
569246,22624,IVORY KITCHEN SCALES,3,2011-10-03 09:57:00,16.63,14096.0,United Kingdom,49.89,Sale
540026,22405,MONEY BOX POCKET MONEY DESIGN,1,2011-01-04 13:25:00,2.51,,United Kingdom,2.51,Sale
552687,23182,TOILET SIGN OCCUPIED OR VACANT,1,2011-05-10 15:09:00,2.5,,United Kingdom,2.5,Sale
569261,22374,AIRLINE BAG VINTAGE JET SET RED,2,2011-10-03 11:34:00,4.25,17321.0,United Kingdom,8.5,Sale
544887,90094,NECKLACE+BRACELET SET FRUIT SALAD ,1,2011-02-24 11:54:00,2.55,17364.0,United Kingdom,2.55,Sale
574672,35910B,PINK FLOWERS RABBIT EASTER,1,2011-11-06 12:25:00,1.95,13532.0,United Kingdom,1.95,Sale
560773,21975,PACK OF 60 DINOSAUR CAKE CASES,8,2011-07-20 16:17:00,0.55,,United Kingdom,4.4,Sale
567613,21314,SMALL GLASS HEART TRINKET POT,8,2011-09-21 11:49:00,2.1,13908.0,United Kingdom,16.8,Sale
568567,23388,WOODLAND MINI BACKPACK,1,2011-09-27 18:41:00,8.29,,United Kingdom,8.29,Sale
577476,POST,POSTAGE,3,2011-11-20 11:31:00,28.0,12540.0,Spain,84.0,Sale
541423,85123A,WHITE HANGING HEART T-LIGHT HOLDER,24,2011-01-17 17:54:00,2.95,,United Kingdom,70.80000000000001,Sale
578344,20685,DOORMAT RED RETROSPOT,1,2011-11-24 09:21:00,15.79,,United Kingdom,15.79,Sale
574336,23510,MINI PLAYING CARDS GYMKHANA,20,2011-11-04 09:52:00,0.42,12397.0,Belgium,8.4,Sale
561513,22908,PACK OF 20 NAPKINS RED APPLES,1,2011-07-27 15:12:00,1.63,,United Kingdom,1.63,Sale
546008,22445,PENCIL CASE LIFE IS BEAUTIFUL,2,2011-03-08 15:43:00,5.79,,United Kingdom,11.58,Sale
570282,23424,GINGHAM RECIPE BOOK BOX,8,2011-10-10 11:20:00,4.95,13473.0,United Kingdom,39.6,Sale
576848,23255,CHILDRENS CUTLERY CIRCUS PARADE,2,2011-11-16 15:38:00,4.15,15051.0,United Kingdom,8.3,Sale
559641,85071D,CHARLIE+LOLA MY ROOM DOOR SIGN,10,2011-07-11 12:31:00,0.39,13184.0,United Kingdom,3.9,Sale
556285,23205,CHARLOTTE BAG VINTAGE ALPHABET ,10,2011-06-10 09:10:00,0.85,13686.0,United Kingdom,8.5,Sale
555853,23167,SMALL CERAMIC TOP STORAGE JAR ,2,2011-06-07 13:44:00,0.83,14375.0,United Kingdom,1.66,Sale
540179,22763,KEY CABINET MA CAMPAGNE,1,2011-01-05 12:54:00,9.95,16033.0,United Kingdom,9.95,Sale
543713,22084,PAPER CHAIN KIT EMPIRE,2,2011-02-11 11:46:00,4.96,,United Kingdom,9.92,Sale
556964,23206,LUNCH BAG APPLE DESIGN,10,2011-06-16 09:46:00,1.65,16145.0,United Kingdom,16.5,Sale
572291,23501,KEY RING BASEBALL BOOT UNION JACK,6,2011-10-23 12:46:00,1.25,16931.0,United Kingdom,7.5,Sale
573585,21744,SNOWFLAKE PORTABLE TABLE LIGHT ,7,2011-10-31 14:41:00,2.46,,United Kingdom,17.22,Sale
575607,23221,REINDEER HEART DECORATION SILVER,4,2011-11-10 12:37:00,1.63,14096.0,United Kingdom,6.52,Sale
538349,84970S,HANGING HEART ZINC T-LIGHT HOLDER,4,2010-12-10 14:59:00,2.13,,United Kingdom,8.52,Sale
569469,22977,DOLLY GIRL CHILDRENS EGG CUP,2,2011-10-04 12:22:00,1.25,16360.0,United Kingdom,2.5,Sale
537057,21329,DINOSAURS  WRITING SET ,1,2010-12-05 11:49:00,1.65,15351.0,United Kingdom,1.65,Sale
556237,20657,TROPICAL LUGGAGE TAG,1,2011-06-09 15:34:00,2.46,,United Kingdom,2.46,Sale
549990,22607,WOODEN ROUNDERS GARDEN SET ,3,2011-04-13 17:31:00,9.95,16678.0,United Kingdom,29.85,Sale
575176,22075,6 RIBBONS ELEGANT CHRISTMAS ,2,2011-11-08 18:29:00,1.63,,United Kingdom,3.26,Sale
561321,21755,LOVE BUILDING BLOCK WORD,3,2011-07-26 12:59:00,5.95,13668.0,United Kingdom,17.85,Sale
557129,47590A,BLUE HAPPY BIRTHDAY BUNTING,1,2011-06-16 19:59:00,5.45,17841.0,United Kingdom,5.45,Sale
581405,22727,ALARM CLOCK BAKELIKE RED ,1,2011-12-08 13:50:00,3.75,13521.0,United Kingdom,3.75,Sale
545698,22427,ENAMEL FLOWER JUG CREAM,1,2011-03-06 14:44:00,5.95,15572.0,United Kingdom,5.95,Sale
566013,23351,ROLL WRAP 50'S CHRISTMAS,1,2011-09-08 12:16:00,1.25,17004.0,United Kingdom,1.25,Sale
557500,DOT,DOTCOM POSTAGE,1,2011-06-20 15:27:00,167.02,,United Kingdom,167.02,Sale
545853,21713,CITRONELLA CANDLE FLOWERPOT,4,2011-03-07 13:50:00,2.1,16517.0,United Kingdom,8.4,Sale
564965,22727,ALARM CLOCK BAKELIKE RED ,4,2011-08-31 15:07:00,3.75,17677.0,United Kingdom,15.0,Sale
573543,21165,BEWARE OF THE CAT METAL SIGN ,2,2011-10-31 13:05:00,1.69,17777.0,United Kingdom,3.38,Sale
572719,23029,DRAWER KNOB CRACKLE GLAZE GREEN,6,2011-10-25 15:03:00,1.65,13871.0,United Kingdom,9.9,Sale
542886,84974,S/2 ZINC HEART DESIGN PLANTERS,2,2011-02-01 13:09:00,9.95,16515.0,United Kingdom,19.9,Sale
574308,22907,PACK OF 20 NAPKINS PANTRY DESIGN,4,2011-11-03 16:45:00,0.85,16409.0,United Kingdom,3.4,Sale
546891,21272,SALLE DE BAIN HOOK,2,2011-03-17 18:18:00,2.46,,United Kingdom,4.92,Sale
548894,21415,CLAM SHELL SMALL ,1,2011-04-04 16:01:00,4.13,,United Kingdom,4.13,Sale
564755,22994,TRAVEL CARD WALLET RETROSPOT,1,2011-08-30 10:31:00,0.83,,United Kingdom,0.83,Sale
556528,47566,PARTY BUNTING,4,2011-06-13 11:36:00,4.95,13269.0,United Kingdom,19.8,Sale
570425,20974,12 PENCILS SMALL TUBE SKULL,24,2011-10-10 13:54:00,0.65,15128.0,United Kingdom,15.6,Sale
546403,22666,RECIPE BOX PANTRY YELLOW DESIGN,12,2011-03-11 15:22:00,2.95,16766.0,United Kingdom,35.400000000000006,Sale
566450,23203,JUMBO BAG VINTAGE DOILY ,10,2011-09-12 16:12:00,2.08,15673.0,United Kingdom,20.8,Sale
563912,84879,ASSORTED COLOUR BIRD ORNAMENT,48,2011-08-21 12:58:00,1.69,17675.0,United Kingdom,81.12,Sale
555924,90114,SUMMER DAISIES BAG CHARM,3,2011-06-07 17:12:00,2.46,,United Kingdom,7.38,Sale
576274,22639,SET OF 4 NAPKIN CHARMS HEARTS,1,2011-11-14 14:24:00,2.55,17793.0,United Kingdom,2.55,Sale
558295,21833,CAMOUFLAGE LED TORCH,12,2011-06-28 10:38:00,1.69,14481.0,United Kingdom,20.28,Sale
536801,21791,VINTAGE HEADS AND TAILS CARD GAME ,12,2010-12-02 16:12:00,1.25,,United Kingdom,15.0,Sale
541131,21428,SET3 BOOK BOX GREEN GINGHAM FLOWER ,2,2011-01-14 10:16:00,8.29,,United Kingdom,16.58,Sale
540026,85094,CANDY SPOT EGG WARMER RABBIT,2,2011-01-04 13:25:00,0.85,,United Kingdom,1.7,Sale
567661,23390,DOLLY GIRL MINI BACKPACK,1,2011-09-21 15:06:00,4.15,13959.0,United Kingdom,4.15,Sale
557757,21949,SET OF 6 STRAWBERRY CHOPSTICKS,1,2011-06-22 13:28:00,1.25,14606.0,United Kingdom,1.25,Sale
557409,47566,PARTY BUNTING,24,2011-06-20 11:34:00,4.95,15410.0,United Kingdom,118.8,Sale
551294,23147,SINGLE ANTIQUE ROSE HOOK IVORY,12,2011-04-27 14:43:00,1.45,13468.0,United Kingdom,17.4,Sale
578068,22574,HEART WOODEN CHRISTMAS DECORATION,10,2011-11-22 15:45:00,0.85,14505.0,United Kingdom,8.5,Sale
555640,22386,JUMBO BAG PINK POLKADOT,10,2011-06-06 13:06:00,2.08,14475.0,United Kingdom,20.8,Sale
548038,84748,FOLK FELT HANGING MULTICOL GARLAND,4,2011-03-29 12:03:00,3.75,15696.0,United Kingdom,15.0,Sale
568135,21810,CHRISTMAS HANGING STAR WITH BELL,10,2011-09-23 17:04:00,0.83,,United Kingdom,8.299999999999999,Sale
542107,21900,"KEY FOB , SHED",4,2011-01-25 13:38:00,0.65,16222.0,United Kingdom,2.6,Sale
579512,21147,JINGLE BELLS TREE DECORATION,1,2011-11-29 16:47:00,1.63,,United Kingdom,1.63,Sale
570049,23307,SET OF 60 PANTRY DESIGN CAKE CASES ,3,2011-10-07 10:55:00,0.55,17228.0,United Kingdom,1.65,Sale
561209,20902,VINTAGE KEEPSAKE BOX PARIS DAYS,1,2011-07-25 16:57:00,4.13,,United Kingdom,4.13,Sale
565151,22980,PANTRY SCRUBBING BRUSH,2,2011-09-01 14:29:00,1.65,16923.0,United Kingdom,3.3,Sale
554056,37479B,CUBIC MUG FLOCK BLUE ON BROWN,1,2011-05-20 15:40:00,0.39,,United Kingdom,0.39,Sale
566061,21669,BLUE STRIPE CERAMIC DRAWER KNOB,12,2011-09-08 15:36:00,1.45,13267.0,United Kingdom,17.4,Sale
565841,23203,JUMBO BAG VINTAGE DOILY ,1,2011-09-07 12:04:00,4.13,,United Kingdom,4.13,Sale
578521,23137,ZINC WIRE SWEETHEART LETTER TRAY,1,2011-11-24 14:06:00,3.75,17812.0,United Kingdom,3.75,Sale
564573,21528,DAIRY MAID TRADITIONAL TEAPOT ,1,2011-08-26 11:19:00,6.95,14606.0,United Kingdom,6.95,Sale
539743,21658,GLASS  BEURRE DISH,1,2010-12-21 15:20:00,8.47,,United Kingdom,8.47,Sale
543470,21211,SET OF 72 SKULL PAPER  DOILIES,12,2011-02-08 14:58:00,1.45,16951.0,United Kingdom,17.4,Sale
567667,23298,SPOTTY BUNTING,2,2011-09-21 15:24:00,10.79,,United Kingdom,21.58,Sale
565478,22998,TRAVEL CARD WALLET KEEP CALM,6,2011-09-05 11:18:00,0.42,15005.0,United Kingdom,2.52,Sale
540499,21259,VICTORIAN SEWING BOX SMALL ,4,2011-01-09 10:21:00,5.95,16923.0,United Kingdom,23.8,Sale
561330,21991,BOHEMIAN COLLAGE STATIONERY SET,12,2011-07-26 14:03:00,1.25,16019.0,United Kingdom,15.0,Sale
552493,21931,JUMBO STORAGE BAG SUKI,7,2011-05-09 16:21:00,2.08,,United Kingdom,14.56,Sale
555845,22540,MINI JIGSAW CIRCUS PARADE ,1,2011-06-07 13:19:00,0.42,17015.0,United Kingdom,0.42,Sale
571671,16008,SMALL FOLDING SCISSOR(POINTED EDGE),48,2011-10-18 13:15:00,0.12,16940.0,United Kingdom,5.76,Sale
558475,16020C,CLEAR STATIONERY BOX SET ,6,2011-06-29 15:58:00,0.83,,United Kingdom,4.98,Sale
539492,21914,BLUE HARMONICA IN BOX ,1,2010-12-20 10:14:00,2.51,,United Kingdom,2.51,Sale
558614,22208,WOOD STAMP SET THANK YOU,9,2011-06-30 15:56:00,0.83,,United Kingdom,7.47,Sale
556093,22297,HEART IVORY TRELLIS SMALL,1,2011-06-08 15:26:00,2.46,,United Kingdom,2.46,Sale
581404,22469,HEART OF WICKER SMALL,2,2011-12-08 13:47:00,1.65,13680.0,United Kingdom,3.3,Sale
577539,21287,SCENTED VELVET LOUNGE CANDLE ,72,2011-11-20 14:24:00,0.38,14547.0,United Kingdom,27.36,Sale
546759,22171,3 HOOK PHOTO SHELF ANTIQUE WHITE,8,2011-03-16 13:58:00,8.5,12712.0,Germany,68.0,Sale
564539,23199,JUMBO BAG APPLES,10,2011-08-25 15:22:00,2.08,12715.0,Sweden,20.8,Sale
552614,22927,GREEN GIANT GARDEN THERMOMETER,2,2011-05-10 12:51:00,5.95,14849.0,United Kingdom,11.9,Sale
577400,23203,JUMBO BAG VINTAGE DOILY ,10,2011-11-18 17:20:00,2.08,16201.0,United Kingdom,20.8,Sale
564191,21381,MINI WOODEN HAPPY BIRTHDAY GARLAND,1,2011-08-23 16:16:00,1.69,17315.0,United Kingdom,1.69,Sale
565407,22534,MAGIC DRAWING SLATE SPACEBOY ,3,2011-09-04 11:00:00,0.42,16983.0,United Kingdom,1.26,Sale
543448,22382,LUNCH BAG SPACEBOY DESIGN ,3,2011-02-08 12:12:00,4.13,,United Kingdom,12.39,Sale
556184,23298,SPOTTY BUNTING,6,2011-06-09 11:39:00,4.95,16592.0,United Kingdom,29.700000000000003,Sale
580399,21892,TRADITIONAL WOODEN CATCH CUP GAME ,3,2011-12-04 11:45:00,1.25,13471.0,United Kingdom,3.75,Sale
572196,23525,WALL ART BUFFALO BILL ,120,2011-10-21 11:54:00,2.65,18102.0,United Kingdom,318.0,Sale
544673,22908,PACK OF 20 NAPKINS RED APPLES,9,2011-02-22 15:46:00,0.85,13421.0,United Kingdom,7.649999999999999,Sale
579102,23092,LARGE ANTIQUE WHITE PHOTO FRAME,2,2011-11-28 11:33:00,7.9,14911.0,EIRE,15.8,Sale
537429,22489,PACK OF 12 TRADITIONAL CRAYONS,8,2010-12-06 15:54:00,0.42,12748.0,United Kingdom,3.36,Sale
540821,21494,ROTATING LEAVES T-LIGHT HOLDER,11,2011-01-11 13:16:00,1.66,,United Kingdom,18.26,Sale
536821,21086,SET/6 RED SPOTTY PAPER CUPS,6,2010-12-02 17:17:00,0.65,17757.0,United Kingdom,3.9,Sale
564857,15056bl,EDWARDIAN PARASOL BLACK,2,2011-08-31 09:23:00,12.46,,United Kingdom,24.92,Sale
566060,22151,PLACE SETTING WHITE HEART,1,2011-09-08 15:27:00,1.63,,United Kingdom,1.63,Sale
563098,23170,REGENCY TEA PLATE ROSES ,12,2011-08-12 09:14:00,1.65,14911.0,EIRE,19.8,Sale
540275,20725,LUNCH BAG RED RETROSPOT,100,2011-01-06 12:11:00,1.45,13680.0,United Kingdom,145.0,Sale
537240,21847,GREEN  DIAMANTE PEN IN GIFT BOX,1,2010-12-06 10:08:00,4.21,,United Kingdom,4.21,Sale
570488,22751,FELTCRAFT PRINCESS OLIVIA DOLL,1,2011-10-10 17:12:00,7.46,14096.0,United Kingdom,7.46,Sale
569919,23188,VINTAGE  2 METER FOLDING RULER,12,2011-10-06 17:08:00,1.65,15300.0,United Kingdom,19.8,Sale
560772,22569,FELTCRAFT CUSHION BUTTERFLY,2,2011-07-20 16:12:00,7.46,,United Kingdom,14.92,Sale
574481,22983,CARD BILLBOARD FONT,12,2011-11-04 12:45:00,0.42,18022.0,United Kingdom,5.04,Sale
575477,22589,CARDHOLDER GINGHAM STAR,1,2011-11-09 16:14:00,4.96,,United Kingdom,4.96,Sale
543291,21527,RED RETROSPOT TRADITIONAL TEAPOT ,2,2011-02-07 10:50:00,7.95,14180.0,United Kingdom,15.9,Sale
571797,22069,BROWN  PIRATE TREASURE CHEST ,1,2011-10-19 11:41:00,4.13,,United Kingdom,4.13,Sale
537049,22867,HAND WARMER BIRD DESIGN,12,2010-12-05 11:04:00,2.1,16241.0,United Kingdom,25.200000000000003,Sale
566604,22086,PAPER CHAIN KIT 50'S CHRISTMAS ,3,2011-09-13 16:26:00,2.95,16279.0,United Kingdom,8.850000000000001,Sale
553187,23208,LUNCH BAG VINTAGE LEAF DESIGN,5,2011-05-15 12:53:00,1.65,16809.0,United Kingdom,8.25,Sale
559052,23084,RABBIT NIGHT LIGHT,3,2011-07-05 16:53:00,4.13,,United Kingdom,12.39,Sale
553538,21231,SWEETHEART CERAMIC TRINKET BOX,4,2011-05-17 15:26:00,1.25,15855.0,United Kingdom,5.0,Sale
573151,22842,BISCUIT TIN VINTAGE RED,1,2011-10-27 20:09:00,6.75,17602.0,United Kingdom,6.75,Sale
570726,21191,LARGE WHITE HONEYCOMB PAPER BELL  ,6,2011-10-12 11:32:00,2.1,16607.0,United Kingdom,12.6,Sale
555631,47566,PARTY BUNTING,2,2011-06-06 12:06:00,4.95,18118.0,United Kingdom,9.9,Sale
573274,22736,RIBBON REEL MAKING SNOWMEN ,2,2011-10-28 13:10:00,4.13,,United Kingdom,8.26,Sale
580729,23210,WHITE ROCKING HORSE HAND PAINTED,3,2011-12-05 17:24:00,2.46,,United Kingdom,7.38,Sale
576837,21880,RED RETROSPOT TAPE,1,2011-11-16 15:16:00,0.42,,United Kingdom,0.42,Sale
567184,22722,SET OF 6 SPICE TINS PANTRY DESIGN,1,2011-09-18 15:41:00,3.95,16033.0,United Kingdom,3.95,Sale
558126,22804,CANDLEHOLDER PINK HANGING HEART,32,2011-06-27 10:29:00,2.55,15482.0,United Kingdom,81.6,Sale
541497,35646,VINTAGE BEAD PINK EVENING BAG,1,2011-01-18 15:19:00,2.46,,United Kingdom,2.46,Sale
545715,21218,RED SPOTTY BISCUIT TIN,1,2011-03-07 10:13:00,8.29,,United Kingdom,8.29,Sale
567668,23445,ICE CREAM BUBBLES,8,2011-09-21 15:29:00,1.63,,United Kingdom,13.04,Sale
538883,22629,SPACEBOY LUNCH BOX ,1,2010-12-14 15:56:00,2.51,,United Kingdom,2.51,Sale
557483,POST,POSTAGE,1,2011-06-20 14:17:00,18.0,12643.0,France,18.0,Sale
538349,90040A,MURANO STYLE GLASS BRACELET RED,1,2010-12-10 14:59:00,4.24,,United Kingdom,4.24,Sale
564256,22951,60 CAKE CASES DOLLY GIRL DESIGN,6,2011-08-24 10:45:00,0.55,14796.0,United Kingdom,3.3000000000000003,Sale
540464,22249,DECORATION WHITE CHICK MAGIC GARDEN,32,2011-01-07 13:17:00,0.72,14298.0,United Kingdom,23.04,Sale
570843,23312,VINTAGE CHRISTMAS GIFT SACK,4,2011-10-12 14:22:00,4.15,17293.0,United Kingdom,16.6,Sale
562560,20972,PINK CREAM FELT CRAFT TRINKET BOX ,2,2011-08-05 17:12:00,1.25,14156.0,EIRE,2.5,Sale
575877,22114,HOT WATER BOTTLE TEA AND SYMPATHY,8,2011-11-11 13:25:00,4.25,14907.0,United Kingdom,34.0,Sale
552978,21035,SET/2 RED RETROSPOT TEA TOWELS ,100,2011-05-12 14:46:00,2.75,12590.0,Germany,275.0,Sale
578827,22614,PACK OF 12 SPACEBOY TISSUES,1,2011-11-25 14:25:00,0.83,,United Kingdom,0.83,Sale
555854,23156,SET OF 5 MINI GROCERY MAGNETS,1,2011-06-07 13:47:00,2.08,12748.0,United Kingdom,2.08,Sale
537595,82483,WOOD 2 DRAWER CABINET WHITE FINISH,2,2010-12-07 12:29:00,5.95,13569.0,United Kingdom,11.9,Sale
558738,22956,36 FOIL HEART CAKE CASES,6,2011-07-01 15:35:00,2.1,12922.0,United Kingdom,12.6,Sale
555201,21124,SET/10 BLUE POLKADOT PARTY CANDLES,24,2011-06-01 12:10:00,1.25,16969.0,United Kingdom,30.0,Sale
540647,22649,STRAWBERRY FAIRY CAKE TEAPOT,2,2011-01-10 14:57:00,4.95,17406.0,United Kingdom,9.9,Sale
558752,23208,LUNCH BAG VINTAGE LEAF DESIGN,3,2011-07-03 11:40:00,1.65,16931.0,United Kingdom,4.949999999999999,Sale
577508,22292,HANGING CHICK  YELLOW DECORATION,1,2011-11-20 12:45:00,1.45,18127.0,United Kingdom,1.45,Sale
556108,82095,HEART BUTTONS JEWELLERY BOX,1,2011-06-08 17:59:00,4.96,,United Kingdom,4.96,Sale
574950,35953,FOLKART STAR CHRISTMAS DECORATIONS,20,2011-11-08 09:29:00,0.61,,United Kingdom,12.2,Sale
569358,22149,FELTCRAFT 6 FLOWER FRIENDS,6,2011-10-03 14:53:00,2.1,18257.0,United Kingdom,12.6,Sale
569673,23516,EMBROIDERED RIBBON REEL SOPHIE  ,1,2011-10-05 13:58:00,3.75,17222.0,United Kingdom,3.75,Sale
557614,22997,TRAVEL CARD WALLET UNION JACK,48,2011-06-21 13:22:00,0.42,16394.0,United Kingdom,20.16,Sale
562457,23233,WRAP POPPIES  DESIGN,50,2011-08-05 11:00:00,0.42,18079.0,United Kingdom,21.0,Sale
553146,22424,ENAMEL BREAD BIN CREAM,1,2011-05-13 13:52:00,12.75,14873.0,United Kingdom,12.75,Sale
558756,21876,POTTERING MUG,12,2011-07-03 12:21:00,1.25,12843.0,United Kingdom,15.0,Sale
548993,22662,LUNCH BAG DOLLY GIRL DESIGN,100,2011-04-05 13:56:00,1.45,12753.0,Japan,145.0,Sale
554920,22690,DOORMAT HOME SWEET HOME BLUE ,2,2011-05-27 12:41:00,7.95,16275.0,United Kingdom,15.9,Sale
561214,21108,FAIRY CAKE FLANNEL ASSORTED COLOUR,3,2011-07-25 17:00:00,4.96,,United Kingdom,14.88,Sale
567667,22703,PINK CAT BOWL,1,2011-09-21 15:24:00,1.63,,United Kingdom,1.63,Sale
566282,22158,3 HEARTS HANGING DECORATION RUSTIC,24,2011-09-11 14:29:00,2.95,15782.0,United Kingdom,70.80000000000001,Sale
558558,20726,LUNCH BAG WOODLAND,2,2011-06-30 13:17:00,1.65,17841.0,United Kingdom,3.3,Sale
574941,22551,PLASTERS IN TIN SPACEBOY,158,2011-11-07 17:42:00,3.95,,United Kingdom,624.1,Sale
563026,22383,LUNCH BAG SUKI DESIGN ,1,2011-08-11 14:04:00,1.65,15747.0,United Kingdom,1.65,Sale
558558,21926,RED/CREAM STRIPE CUSHION COVER ,2,2011-06-30 13:17:00,1.25,17841.0,United Kingdom,2.5,Sale
575753,22577,WOODEN HEART CHRISTMAS SCANDINAVIAN,1,2011-11-11 10:41:00,0.29,17841.0,United Kingdom,0.29,Sale
541011,71459,HANGING JAM JAR T-LIGHT HOLDER,12,2011-01-13 11:26:00,0.85,15447.0,United Kingdom,10.2,Sale
562880,85099B,JUMBO BAG RED RETROSPOT,200,2011-08-10 10:53:00,1.79,15838.0,United Kingdom,358.0,Sale
537237,21137,BLACK RECORD COVER FRAME,1,2010-12-06 09:58:00,7.62,,United Kingdom,7.62,Sale
580965,23174,REGENCY SUGAR BOWL GREEN,4,2011-12-06 14:52:00,4.15,12417.0,Belgium,16.6,Sale
560772,22085,PAPER CHAIN KIT SKULLS ,6,2011-07-20 16:12:00,2.46,,United Kingdom,14.76,Sale
568228,22196,SMALL HEART MEASURING SPOONS,12,2011-09-26 11:02:00,0.85,15358.0,United Kingdom,10.2,Sale
543033,22726,ALARM CLOCK BAKELIKE GREEN,1,2011-02-02 15:48:00,3.75,17841.0,United Kingdom,3.75,Sale
545544,22998,TRAVEL CARD WALLET KEEP CALM,24,2011-03-03 14:56:00,0.42,14057.0,United Kingdom,10.08,Sale
538351,22081,RIBBON REEL FLORA + FAUNA ,1,2010-12-10 15:17:00,4.21,,United Kingdom,4.21,Sale
540365,22326,ROUND SNACK BOXES SET OF4 WOODLAND ,6,2011-01-06 16:12:00,2.95,12413.0,France,17.700000000000003,Sale
579196,21984,PACK OF 12 PINK PAISLEY TISSUES ,3,2011-11-28 15:54:00,0.83,14096.0,United Kingdom,2.49,Sale
548367,23051,RECYCLED ACAPULCO MAT BLUE,2,2011-03-30 15:51:00,8.25,17677.0,United Kingdom,16.5,Sale
559163,22204,MILK PAN BLUE POLKADOT,1,2011-07-06 16:33:00,3.29,,United Kingdom,3.29,Sale
578292,22867,HAND WARMER BIRD DESIGN,1,2011-11-23 14:35:00,2.1,13174.0,United Kingdom,2.1,Sale
537781,84378,SET OF 3 HEART COOKIE CUTTERS,1,2010-12-08 12:46:00,1.25,17341.0,United Kingdom,1.25,Sale
570008,22689,DOORMAT MERRY CHRISTMAS RED ,2,2011-10-07 09:30:00,8.25,13359.0,United Kingdom,16.5,Sale
566405,22086,PAPER CHAIN KIT 50'S CHRISTMAS ,24,2011-09-12 13:41:00,2.95,17919.0,United Kingdom,70.80000000000001,Sale
580983,22899,CHILDREN'S APRON DOLLY GIRL ,1,2011-12-06 16:26:00,4.13,,United Kingdom,4.13,Sale
537800,72709,IVORY SCULPTED RND CANDLE ,9,2010-12-08 13:08:00,0.85,12748.0,United Kingdom,7.649999999999999,Sale
537772,22908,PACK OF 20 NAPKINS RED APPLES,2,2010-12-08 12:35:00,0.85,18043.0,United Kingdom,1.7,Sale
566283,84596B,SMALL DOLLY MIX DESIGN ORANGE BOWL,8,2011-09-11 14:34:00,0.42,17838.0,United Kingdom,3.36,Sale
563349,20686,DOLLY MIXTURE CHILDREN'S UMBRELLA,2,2011-08-15 13:51:00,3.25,14623.0,United Kingdom,6.5,Sale
558614,23141,TRIPLE WIRE HOOK PINK HEART,3,2011-06-30 15:56:00,4.13,,United Kingdom,12.39,Sale
552614,23202,JUMBO BAG VINTAGE LEAF,10,2011-05-10 12:51:00,2.08,14849.0,United Kingdom,20.8,Sale
537205,20754,RETROSPOT RED WASHING UP GLOVES,6,2010-12-05 14:52:00,2.1,13034.0,United Kingdom,12.6,Sale
560603,23086,ZINC  STAR T-LIGHT HOLDER ,16,2011-07-20 08:59:00,1.25,18180.0,United Kingdom,20.0,Sale
544463,90184C,BLACK CHUNKY BEAD BRACELET W STRAP,1,2011-02-20 14:31:00,8.95,12988.0,United Kingdom,8.95,Sale
559330,20717,STRAWBERRY SHOPPER BAG,10,2011-07-07 15:44:00,1.25,17696.0,United Kingdom,12.5,Sale
559354,21172,PARTY METAL SIGN ,12,2011-07-07 18:02:00,1.45,16012.0,United Kingdom,17.4,Sale
574561,22585,PACK OF 6 BIRDY GIFT TAGS,1,2011-11-04 15:52:00,2.46,,United Kingdom,2.46,Sale
558475,84596G,SMALL CHOCOLATES PINK BOWL,2,2011-06-29 15:58:00,0.83,,United Kingdom,1.66,Sale
558686,21672,WHITE SPOT RED CERAMIC DRAWER KNOB,12,2011-07-01 11:33:00,1.25,17706.0,United Kingdom,15.0,Sale
578344,21313,GLASS HEART T-LIGHT HOLDER ,3,2011-11-24 09:21:00,1.63,,United Kingdom,4.89,Sale
540473,22862,LOVE HEART NAPKIN BOX ,4,2011-01-07 14:31:00,4.25,17284.0,United Kingdom,17.0,Sale
566291,21985,PACK OF 12 HEARTS DESIGN TISSUES ,2,2011-09-11 15:31:00,0.39,12965.0,United Kingdom,0.78,Sale
542791,21232,STRAWBERRY CERAMIC TRINKET BOX,1,2011-02-01 10:47:00,1.25,15039.0,United Kingdom,1.25,Sale
573346,22306,SILVER MUG BONE CHINA TREE OF LIFE,24,2011-10-30 12:18:00,1.06,17255.0,United Kingdom,25.44,Sale
553715,90143,SILVER BRACELET W PASTEL FLOWER,1,2011-05-18 16:05:00,7.5,,United Kingdom,7.5,Sale
564722,84832,ZINC WILLIE WINKIE  CANDLE STICK,2,2011-08-28 12:06:00,0.85,16456.0,United Kingdom,1.7,Sale
556906,21041,RED RETROSPOT OVEN GLOVE DOUBLE,2,2011-06-15 13:07:00,2.95,12843.0,United Kingdom,5.9,Sale
540414,22326,ROUND SNACK BOXES SET OF4 WOODLAND ,12,2011-01-07 10:32:00,2.95,12481.0,Germany,35.400000000000006,Sale
564734,47590B,PINK HAPPY BIRTHDAY BUNTING,4,2011-08-28 13:32:00,5.45,12484.0,Spain,21.8,Sale
578995,23581,JUMBO BAG PAISLEY PARK,5,2011-11-27 15:59:00,2.08,15861.0,United Kingdom,10.4,Sale
580482,22139,RETROSPOT TEA SET CERAMIC 11 PC ,1,2011-12-04 12:44:00,4.95,16033.0,United Kingdom,4.95,Sale
545602,22456,NATURAL SLATE CHALKBOARD LARGE ,1,2011-03-04 11:49:00,4.95,17315.0,United Kingdom,4.95,Sale
539958,85118,HEART T-LIGHT HOLDER,1,2010-12-23 13:26:00,2.51,,United Kingdom,2.51,Sale
581336,22909,SET OF 20 VINTAGE CHRISTMAS NAPKINS,12,2011-12-08 12:10:00,0.85,16161.0,United Kingdom,10.2,Sale
559173,22840,ROUND CAKE TIN VINTAGE RED,2,2011-07-07 10:03:00,7.95,12540.0,Spain,15.9,Sale
541796,22960,JAM MAKING SET WITH JARS,6,2011-01-21 13:55:00,4.25,14092.0,United Kingdom,25.5,Sale
579089,23580,SNACK TRAY HAPPY FOREST  ,1,2011-11-28 10:46:00,1.95,17920.0,United Kingdom,1.95,Sale
546172,22185,SLATE TILE NATURAL HANGING,12,2011-03-10 10:32:00,1.65,14156.0,EIRE,19.8,Sale
574720,21615,4 LAVENDER BOTANICAL DINNER CANDLES,12,2011-11-06 14:39:00,1.25,14547.0,United Kingdom,15.0,Sale
537868,22315,200 RED + WHITE BENDY STRAWS,12,2010-12-08 16:49:00,1.25,12433.0,Norway,15.0,Sale
568057,22361,GLASS JAR DAISY FRESH COTTON WOOL,1,2011-09-23 12:56:00,5.79,,United Kingdom,5.79,Sale
545469,22927,GREEN GIANT GARDEN THERMOMETER,2,2011-03-03 10:09:00,5.95,17646.0,United Kingdom,11.9,Sale
559337,15056N,EDWARDIAN PARASOL NATURAL,1,2011-07-07 16:27:00,12.46,,United Kingdom,12.46,Sale
567756,23296,SET OF 6 TEA TIME BAKING CASES,40,2011-09-22 10:52:00,1.25,12678.0,France,50.0,Sale
542419,20658,RED RETROSPOT LUGGAGE TAG,1,2011-01-27 17:41:00,1.25,14662.0,United Kingdom,1.25,Sale
572227,22732,3D VINTAGE CHRISTMAS STICKERS ,18,2011-10-21 14:01:00,1.25,15051.0,United Kingdom,22.5,Sale
541658,20979,36 PENCILS TUBE RED RETROSPOT,3,2011-01-20 12:16:00,1.25,15529.0,United Kingdom,3.75,Sale
562567,15036,ASSORTED COLOURS SILK FAN,12,2011-08-07 11:40:00,0.83,12877.0,United Kingdom,9.96,Sale
568134,22694,WICKER STAR ,1,2011-09-23 17:02:00,4.13,,United Kingdom,4.13,Sale
577052,22139,RETROSPOT TEA SET CERAMIC 11 PC ,1,2011-11-17 14:08:00,4.95,17397.0,United Kingdom,4.95,Sale
565788,35961,FOLKART ZINC HEART CHRISTMAS DEC,12,2011-09-07 08:18:00,0.85,13210.0,United Kingdom,10.2,Sale
576917,84347,ROTATING SILVER ANGELS T-LIGHT HLDR,12,2011-11-17 10:40:00,2.55,17613.0,United Kingdom,30.6,Sale
574253,21889,WOODEN BOX OF DOMINOES,12,2011-11-03 13:30:00,1.25,15252.0,United Kingdom,15.0,Sale
575490,23378,PACK OF 12 50'S CHRISTMAS TISSUES,12,2011-11-09 17:44:00,0.39,15031.0,United Kingdom,4.68,Sale
549981,22555,PLASTERS IN TIN STRONGMAN,1,2011-04-13 15:49:00,1.65,16348.0,United Kingdom,1.65,Sale
539744,20615,BLUE POLKADOT PASSPORT COVER,2,2010-12-21 15:21:00,4.21,,United Kingdom,8.42,Sale
570239,23100,SILVER BELLS TABLE DECORATION,3,2011-10-09 15:04:00,1.25,16518.0,United Kingdom,3.75,Sale
563181,23199,JUMBO BAG APPLES,10,2011-08-12 14:32:00,2.08,16612.0,United Kingdom,20.8,Sale
567673,22544,MINI JIGSAW SPACEBOY,1,2011-09-21 15:43:00,0.83,,United Kingdom,0.83,Sale
567697,23280,FOLDING BUTTERFLY MIRROR HOT PINK ,12,2011-09-22 08:41:00,0.83,16558.0,United Kingdom,9.96,Sale
543996,22558,CLOTHES PEGS RETROSPOT PACK 24 ,12,2011-02-15 10:46:00,1.49,15811.0,United Kingdom,17.88,Sale
560090,23031,DRAWER KNOB CRACKLE GLAZE PINK,1,2011-07-14 16:46:00,3.29,,United Kingdom,3.29,Sale
550804,21080,SET/20 RED RETROSPOT PAPER NAPKINS ,12,2011-04-20 15:32:00,0.85,16676.0,United Kingdom,10.2,Sale
543367,85049E,SCANDINAVIAN REDS RIBBONS,12,2011-02-07 14:33:00,1.25,18225.0,United Kingdom,15.0,Sale
577844,23084,RABBIT NIGHT LIGHT,40,2011-11-22 10:41:00,4.96,,United Kingdom,198.4,Sale
559817,22279,POCKET BAG BLUE PAISLEY RED SPOT,6,2011-07-12 16:20:00,0.83,,United Kingdom,4.98,Sale
569332,23209,LUNCH BAG VINTAGE DOILY ,2,2011-10-03 13:46:00,1.65,12637.0,France,3.3,Sale
551775,23184,BULL DOG BOTTLE OPENER,4,2011-05-04 11:21:00,4.95,12886.0,United Kingdom,19.8,Sale
558336,22960,JAM MAKING SET WITH JARS,12,2011-06-28 13:17:00,3.75,14364.0,United Kingdom,45.0,Sale
537237,22393,PAPERWEIGHT VINTAGE COLLAGE,1,2010-12-06 09:58:00,5.06,,United Kingdom,5.06,Sale
581166,21212,PACK OF 72 RETROSPOT CAKE CASES,1,2011-12-07 14:43:00,0.55,15525.0,United Kingdom,0.55,Sale
558861,23054,RECYCLED ACAPULCO MAT LAVENDER,2,2011-07-04 12:19:00,8.25,13373.0,United Kingdom,16.5,Sale
578518,22467,GUMBALL COAT RACK,3,2011-11-24 13:54:00,2.55,14606.0,United Kingdom,7.649999999999999,Sale
578324,21034,REX CASH+CARRY JUMBO SHOPPER,1,2011-11-23 17:32:00,0.95,17530.0,United Kingdom,0.95,Sale
553860,37450,CERAMIC CAKE BOWL + HANGING CAKES,1,2011-05-19 13:57:00,2.95,17841.0,United Kingdom,2.95,Sale
579256,20973,12 PENCIL SMALL TUBE WOODLAND,24,2011-11-29 08:07:00,0.65,13349.0,United Kingdom,15.6,Sale
574709,22203,MILK PAN RED RETROSPOT,1,2011-11-06 14:14:00,3.75,17768.0,United Kingdom,3.75,Sale
547658,84218,BOX/12 CHICK & EGG IN BASKET,1,2011-03-24 13:04:00,1.95,13736.0,United Kingdom,1.95,Sale
540646,21380,WOODEN HAPPY BIRTHDAY GARLAND,1,2011-01-10 14:32:00,5.91,,United Kingdom,5.91,Sale
562560,23209,LUNCH BAG VINTAGE DOILY ,3,2011-08-05 17:12:00,1.65,14156.0,EIRE,4.949999999999999,Sale
581074,22633,HAND WARMER UNION JACK,15,2011-12-07 11:27:00,2.1,15568.0,United Kingdom,31.5,Sale
536754,22976,CIRCUS PARADE CHILDRENS EGG CUP ,2,2010-12-02 14:09:00,1.25,14449.0,United Kingdom,2.5,Sale
569491,22853,CAT BOWL VINTAGE CREAM,2,2011-10-04 13:25:00,3.25,14056.0,United Kingdom,6.5,Sale
541274,47566B,TEA TIME PARTY BUNTING,5,2011-01-17 11:24:00,4.65,15696.0,United Kingdom,23.25,Sale
554356,22303,COFFEE MUG APPLES DESIGN,6,2011-05-24 09:25:00,2.55,12670.0,France,15.3,Sale
542646,21947,SET OF 6 HEART CHOPSTICKS,6,2011-01-31 11:42:00,1.25,17220.0,United Kingdom,7.5,Sale
574104,23216,LAUREL HEART ANTIQUE GOLD,12,2011-11-03 10:45:00,1.25,12615.0,France,15.0,Sale
541250,22713,CARD I LOVE LONDON ,12,2011-01-16 13:19:00,0.42,13700.0,United Kingdom,5.04,Sale
578811,22467,GUMBALL COAT RACK,12,2011-11-25 13:28:00,2.55,12438.0,Norway,30.6,Sale
546896,21754,HOME BUILDING BLOCK WORD,2,2011-03-17 18:24:00,11.63,,United Kingdom,23.26,Sale
573546,23100,SILVER BELLS TABLE DECORATION,12,2011-10-31 13:13:00,1.25,15974.0,United Kingdom,15.0,Sale
565478,20724,RED RETROSPOT CHARLOTTE BAG,6,2011-09-05 11:18:00,0.85,15005.0,United Kingdom,5.1,Sale
547247,22077,6 RIBBONS RUSTIC CHARM,12,2011-03-22 09:01:00,1.65,18225.0,United Kingdom,19.8,Sale
555896,22436,12 COLOURED PARTY BALLOONS,10,2011-06-07 16:04:00,0.65,15640.0,United Kingdom,6.5,Sale
551014,22328,ROUND SNACK BOXES SET OF 4 FRUITS ,6,2011-04-26 11:04:00,2.95,13209.0,United Kingdom,17.700000000000003,Sale
573829,22470,HEART OF WICKER LARGE,6,2011-11-01 11:35:00,2.95,16830.0,United Kingdom,17.700000000000003,Sale
560926,22909,SET OF 20 VINTAGE CHRISTMAS NAPKINS,3,2011-07-22 09:20:00,1.63,,United Kingdom,4.89,Sale
566171,22759,SET OF 3 NOTEBOOKS IN PARCEL,4,2011-09-09 12:22:00,1.65,18118.0,United Kingdom,6.6,Sale
552822,22493,PAINT YOUR OWN CANVAS SET,4,2011-05-11 12:59:00,1.65,15521.0,United Kingdom,6.6,Sale
569246,22138,BAKING SET 9 PIECE RETROSPOT ,2,2011-10-03 09:57:00,10.79,14096.0,United Kingdom,21.58,Sale
555397,90185D,CRYSTAL DIAMANTE EXPANDABLE RING,1,2011-06-02 17:26:00,4.15,,United Kingdom,4.15,Sale
547488,84991,60 TEATIME FAIRY CAKE CASES,6,2011-03-23 11:30:00,0.55,13821.0,United Kingdom,3.3000000000000003,Sale
561926,23233,WRAP POPPIES  DESIGN,25,2011-08-01 12:48:00,0.42,12749.0,United Kingdom,10.5,Sale
548208,22077,6 RIBBONS RUSTIC CHARM,12,2011-03-29 17:12:00,1.65,14189.0,United Kingdom,19.8,Sale
556812,85015,SET OF 12  VINTAGE POSTCARD SET,1,2011-06-14 17:25:00,2.46,,United Kingdom,2.46,Sale
562593,22384,LUNCH BAG PINK POLKADOT,2,2011-08-07 15:43:00,1.65,16549.0,United Kingdom,3.3,Sale
577258,20914,SET/5 RED RETROSPOT LID GLASS BOWLS,3,2011-11-18 12:27:00,2.95,16764.0,United Kingdom,8.850000000000001,Sale
566669,21889,WOODEN BOX OF DOMINOES,12,2011-09-14 11:36:00,1.25,18065.0,United Kingdom,15.0,Sale
558068,15058A,BLUE POLKADOT GARDEN PARASOL,1,2011-06-24 15:51:00,10.79,,United Kingdom,10.79,Sale
576384,23456,MEDIUM PARLOUR PICTURE FRAME ,4,2011-11-15 09:32:00,4.15,12883.0,United Kingdom,16.6,Sale
547243,22078,RIBBON REEL LACE DESIGN ,3,2011-03-21 16:59:00,2.1,17231.0,United Kingdom,6.300000000000001,Sale
544316,48194,DOORMAT HEARTS,2,2011-02-17 14:49:00,7.95,16556.0,United Kingdom,15.9,Sale
569220,22727,ALARM CLOCK BAKELIKE RED ,2,2011-10-02 13:26:00,3.75,16007.0,United Kingdom,7.5,Sale
548780,22981,PANTRY APPLE CORER,12,2011-04-04 12:37:00,1.45,13294.0,United Kingdom,17.4,Sale
566976,20719,WOODLAND CHARLOTTE BAG,10,2011-09-16 09:27:00,0.85,15382.0,United Kingdom,8.5,Sale
538177,22594,CHRISTMAS GINGHAM TREE,7,2010-12-10 09:51:00,1.66,,United Kingdom,11.62,Sale
544812,84992,72 SWEETHEART FAIRY CAKE CASES,1,2011-02-23 15:58:00,1.25,,United Kingdom,1.25,Sale
558501,22627,MINT KITCHEN SCALES,2,2011-06-30 10:19:00,8.5,13871.0,United Kingdom,17.0,Sale
555644,22386,JUMBO BAG PINK POLKADOT,1,2011-06-06 13:24:00,2.08,16520.0,United Kingdom,2.08,Sale
579980,22578,WOODEN STAR CHRISTMAS SCANDINAVIAN,10,2011-12-01 11:16:00,0.29,13263.0,United Kingdom,2.9,Sale
571006,23344,JUMBO BAG 50'S CHRISTMAS ,10,2011-10-13 12:06:00,2.08,17063.0,United Kingdom,20.8,Sale
571714,22819,"BIRTHDAY CARD, RETRO SPOT",5,2011-10-18 17:00:00,0.42,,United Kingdom,2.1,Sale
553831,22690,DOORMAT HOME SWEET HOME BLUE ,4,2011-05-19 11:36:00,7.95,14442.0,Channel Islands,31.8,Sale
549787,22670,FRENCH WC SIGN BLUE METAL,3,2011-04-12 11:58:00,1.25,13268.0,United Kingdom,3.75,Sale
552365,22554,PLASTERS IN TIN WOODLAND ANIMALS,3,2011-05-09 12:25:00,1.65,16440.0,United Kingdom,4.949999999999999,Sale
578534,23191,BUNDLE OF 3 RETRO NOTE BOOKS,5,2011-11-24 14:51:00,1.65,15725.0,United Kingdom,8.25,Sale
578344,22596,CHRISTMAS STAR WISH LIST CHALKBOARD,1,2011-11-24 09:21:00,2.46,,United Kingdom,2.46,Sale
557112,84849A,HELLO SAILOR BLUE SOAP HOLDER,2,2011-06-16 16:31:00,3.29,,United Kingdom,6.58,Sale
564057,84030E,ENGLISH ROSE HOT WATER BOTTLE,4,2011-08-22 14:20:00,4.25,15296.0,United Kingdom,17.0,Sale
537081,22751,FELTCRAFT PRINCESS OLIVIA DOLL,16,2010-12-05 12:00:00,3.75,15332.0,Lithuania,60.0,Sale
572335,23500,KEY RING BASEBALL BOOT ASSORTED ,20,2011-10-24 10:27:00,1.25,14493.0,United Kingdom,25.0,Sale
547658,22839,3 TIER CAKE TIN GREEN AND CREAM,1,2011-03-24 13:04:00,14.95,13736.0,United Kingdom,14.95,Sale
559157,23242,TREASURE TIN BUFFALO BILL ,6,2011-07-06 15:53:00,2.08,13999.0,United Kingdom,12.48,Sale
579555,22910,PAPER CHAIN KIT VINTAGE CHRISTMAS,6,2011-11-30 11:08:00,2.95,16241.0,United Kingdom,17.700000000000003,Sale
573340,22661,CHARLOTTE BAG DOLLY GIRL DESIGN,4,2011-10-30 11:55:00,0.85,14159.0,United Kingdom,3.4,Sale
551276,21238,RED RETROSPOT CUP,2,2011-04-27 13:06:00,0.85,16016.0,United Kingdom,1.7,Sale
538664,22470,HEART OF WICKER LARGE,40,2010-12-13 15:46:00,2.55,14733.0,United Kingdom,102.0,Sale
575837,21287,SCENTED VELVET LOUNGE CANDLE ,12,2011-11-11 11:37:00,0.38,12748.0,United Kingdom,4.5600000000000005,Sale
556942,21929,JUMBO BAG PINK VINTAGE PAISLEY,10,2011-06-15 16:42:00,2.08,14222.0,United Kingdom,20.8,Sale
568719,85049H,URBAN BLACK RIBBONS ,3,2011-09-28 16:19:00,0.83,,United Kingdom,2.49,Sale
561519,22596,CHRISTMAS STAR WISH LIST CHALKBOARD,1,2011-07-27 17:01:00,1.25,17870.0,United Kingdom,1.25,Sale
570871,21812,GARLAND WITH HEARTS AND BELLS,3,2011-10-12 16:36:00,3.29,,United Kingdom,9.87,Sale
536862,22697,GREEN REGENCY TEACUP AND SAUCER,2,2010-12-03 11:13:00,5.91,,United Kingdom,11.82,Sale
544598,22993,SET OF 4 PANTRY JELLY MOULDS,1,2011-02-21 18:10:00,2.5,,United Kingdom,2.5,Sale
576147,21484,CHICK GREY HOT WATER BOTTLE,4,2011-11-14 10:49:00,4.25,16303.0,United Kingdom,17.0,Sale
554066,22795,SWEETHEART RECIPE BOOK STAND,12,2011-05-22 10:40:00,6.75,12916.0,United Kingdom,81.0,Sale
563714,22077,6 RIBBONS RUSTIC CHARM,12,2011-08-18 15:51:00,1.65,14565.0,United Kingdom,19.8,Sale
553549,22806,SET OF 6 T-LIGHTS WEDDING CAKE ,1,2011-05-17 16:09:00,5.79,,United Kingdom,5.79,Sale
546896,21786,POLKADOT RAIN HAT ,2,2011-03-17 18:24:00,0.83,,United Kingdom,1.66,Sale
553148,22963,JAM JAR WITH GREEN LID,12,2011-05-13 14:09:00,0.85,,Hong Kong,10.2,Sale
580115,23077,DOUGHNUT LIP GLOSS ,2,2011-12-01 16:22:00,2.46,,United Kingdom,4.92,Sale
544795,22859,EASTER TIN BUNNY BOUQUET,2,2011-02-23 13:21:00,1.65,15858.0,United Kingdom,3.3,Sale
542536,84692,BOX OF 24 COCKTAIL PARASOLS,6,2011-01-28 13:37:00,1.63,,United Kingdom,9.78,Sale
537047,22080,RIBBON REEL POLKADOTS ,1,2010-12-05 11:02:00,1.65,13069.0,United Kingdom,1.65,Sale
576899,22697,GREEN REGENCY TEACUP AND SAUCER,18,2011-11-17 08:49:00,2.95,14911.0,EIRE,53.1,Sale
577078,22065,CHRISTMAS PUDDING TRINKET POT ,3,2011-11-17 15:17:00,1.63,,United Kingdom,4.89,Sale
541658,85099F,JUMBO BAG STRAWBERRY,1,2011-01-20 12:16:00,1.95,15529.0,United Kingdom,1.95,Sale
542622,22909,SET OF 20 VINTAGE CHRISTMAS NAPKINS,1,2011-01-31 09:09:00,1.63,,United Kingdom,1.63,Sale
576927,22630,DOLLY GIRL LUNCH BOX,12,2011-11-17 11:02:00,1.95,12567.0,France,23.4,Sale
569651,84031A,CHARLIE+LOLA RED HOT WATER BOTTLE ,1,2011-10-05 12:49:00,4.65,14534.0,United Kingdom,4.65,Sale
561878,22217,T-LIGHT HOLDER HANGING LACE,8,2011-07-31 12:34:00,1.25,17388.0,United Kingdom,10.0,Sale
575336,16218,CARTOON  PENCIL SHARPENERS,15,2011-11-09 13:58:00,0.06,14968.0,United Kingdom,0.8999999999999999,Sale
577180,21931,JUMBO STORAGE BAG SUKI,20,2011-11-18 11:27:00,2.08,12380.0,Belgium,41.6,Sale
540504,15056P,EDWARDIAN PARASOL PINK,4,2011-01-09 11:02:00,5.95,13668.0,United Kingdom,23.8,Sale
572294,23209,LUNCH BAG VINTAGE DOILY ,5,2011-10-23 13:10:00,1.65,13471.0,United Kingdom,8.25,Sale
540238,85071C,"CHARLIE+LOLA""EXTREMELY BUSY"" SIGN",1,2011-01-05 14:44:00,0.85,,United Kingdom,0.85,Sale
566561,22662,LUNCH BAG DOLLY GIRL DESIGN,10,2011-09-13 12:13:00,1.65,18145.0,United Kingdom,16.5,Sale
581578,84997D,CHILDRENS CUTLERY POLKADOT PINK,8,2011-12-09 12:16:00,4.15,12713.0,Germany,33.2,Sale
578675,22326,ROUND SNACK BOXES SET OF4 WOODLAND ,12,2011-11-24 18:13:00,2.95,14756.0,United Kingdom,35.400000000000006,Sale
572897,22845,VINTAGE CREAM CAT FOOD CONTAINER,2,2011-10-26 14:42:00,12.46,,United Kingdom,24.92,Sale
564857,22996,TRAVEL CARD WALLET VINTAGE TICKET,1,2011-08-31 09:23:00,0.83,,United Kingdom,0.83,Sale
546028,22690,DOORMAT HOME SWEET HOME BLUE ,2,2011-03-09 08:33:00,7.95,17049.0,United Kingdom,15.9,Sale
572726,21561,DINOSAUR LUNCH BOX WITH CUTLERY,6,2011-10-25 15:19:00,2.55,16056.0,United Kingdom,15.3,Sale
543193,22730,ALARM CLOCK BAKELIKE IVORY,4,2011-02-04 12:18:00,3.75,13725.0,United Kingdom,15.0,Sale
536592,22775,PURPLE DRAWERKNOB ACRYLIC EDWARDIAN,3,2010-12-01 17:06:00,2.51,,United Kingdom,7.529999999999999,Sale
565781,21210,SET OF 72 RETROSPOT PAPER  DOILIES,12,2011-09-06 15:34:00,1.45,13098.0,United Kingdom,17.4,Sale
578949,85099B,JUMBO BAG RED RETROSPOT,1,2011-11-27 14:30:00,2.08,14954.0,United Kingdom,2.08,Sale
578265,23494,VINTAGE DOILY DELUXE SEWING KIT ,3,2011-11-23 13:28:00,5.95,13018.0,United Kingdom,17.85,Sale
562101,20719,WOODLAND CHARLOTTE BAG,10,2011-08-02 14:04:00,0.85,13850.0,United Kingdom,8.5,Sale
568719,22062,CERAMIC BOWL WITH LOVE HEART DESIGN,1,2011-09-28 16:19:00,2.46,,United Kingdom,2.46,Sale
553004,23202,JUMBO BAG VINTAGE LEAF,10,2011-05-12 16:11:00,2.08,17764.0,United Kingdom,20.8,Sale
563538,23107,WHITE HEARTS WIRE PLANT POT HOLDER,1,2011-08-17 11:48:00,2.89,17841.0,United Kingdom,2.89,Sale
568657,23285,PINK VINTAGE SPOT BEAKER,1,2011-09-28 12:22:00,0.85,16460.0,United Kingdom,0.85,Sale
569137,21328,BALLOONS  WRITING SET ,3,2011-09-30 14:45:00,3.29,,United Kingdom,9.87,Sale
542255,21071,VINTAGE BILLBOARD DRINK ME MUG,2,2011-01-26 16:43:00,2.46,,United Kingdom,4.92,Sale
548714,22582,PACK OF 6 SWEETIE GIFT BOXES,1,2011-04-03 15:07:00,2.55,17337.0,United Kingdom,2.55,Sale
558774,20727,LUNCH BAG  BLACK SKULL.,2,2011-07-04 10:17:00,4.13,,United Kingdom,8.26,Sale
568915,23100,SILVER BELLS TABLE DECORATION,12,2011-09-29 13:56:00,1.25,14948.0,United Kingdom,15.0,Sale
566255,23174,REGENCY SUGAR BOWL GREEN,24,2011-09-11 12:23:00,3.75,13324.0,United Kingdom,90.0,Sale
577542,23419,HOME SWEET HOME BOTTLE ,3,2011-11-20 14:33:00,2.08,13565.0,United Kingdom,6.24,Sale
570168,21094,SET/6 RED SPOTTY PAPER PLATES,10,2011-10-07 14:05:00,0.85,17596.0,United Kingdom,8.5,Sale
544812,21846,PINK DIAMANTE PEN IN GIFT BOX,1,2011-02-23 15:58:00,4.13,,United Kingdom,4.13,Sale
548780,22986,GINGHAM ROSE WRAP,25,2011-04-04 12:37:00,0.42,13294.0,United Kingdom,10.5,Sale
557570,20767,BLUE PAISLEY JOURNAL ,1,2011-06-21 10:48:00,2.55,15998.0,United Kingdom,2.55,Sale
541221,22551,PLASTERS IN TIN SPACEBOY,1,2011-01-14 14:28:00,3.29,,United Kingdom,3.29,Sale
536787,84406B,CREAM CUPID HEARTS COAT HANGER,8,2010-12-02 15:24:00,2.75,17850.0,United Kingdom,22.0,Sale
562562,23182,TOILET SIGN OCCUPIED OR VACANT,20,2011-08-05 17:43:00,0.83,16271.0,United Kingdom,16.599999999999998,Sale
551944,84946,ANTIQUE SILVER T-LIGHT GLASS,24,2011-05-05 11:08:00,1.25,14553.0,United Kingdom,30.0,Sale
563933,82486,WOOD S/3 CABINET ANT WHITE FINISH,2,2011-08-21 15:54:00,8.95,16536.0,United Kingdom,17.9,Sale
539718,85114B,IVORY ENCHANTED FOREST PLACEMAT,3,2010-12-21 13:06:00,3.36,,United Kingdom,10.08,Sale
569479,23349,ROLL WRAP VINTAGE CHRISTMAS,72,2011-10-04 12:41:00,1.04,13408.0,United Kingdom,74.88,Sale
565234,15058B,PINK POLKADOT GARDEN PARASOL,1,2011-09-02 09:38:00,10.79,,United Kingdom,10.79,Sale
581219,22029,SPACEBOY BIRTHDAY CARD,3,2011-12-08 09:28:00,0.83,,United Kingdom,2.49,Sale
551351,84978,HANGING HEART JAR T-LIGHT HOLDER,36,2011-04-28 10:20:00,1.06,14298.0,United Kingdom,38.16,Sale
573340,85071B,RED CHARLIE+LOLA PERSONAL DOORSIGN,3,2011-10-30 11:55:00,0.39,14159.0,United Kingdom,1.17,Sale
564342,21374,MIRRORED WALL ART SKULLS,2,2011-08-24 14:53:00,1.25,16340.0,United Kingdom,2.5,Sale
554160,23182,TOILET SIGN OCCUPIED OR VACANT,1,2011-05-23 11:49:00,0.83,17841.0,United Kingdom,0.83,Sale
557305,21429,RED GINGHAM ROSE JEWELLERY BOX,1,2011-06-19 14:42:00,1.95,13568.0,United Kingdom,1.95,Sale
537405,15044C,PURPLE PAPER PARASOL,1,2010-12-06 14:51:00,2.95,17841.0,United Kingdom,2.95,Sale
575130,23497,CLASSIC CHROME BICYCLE BELL ,2,2011-11-08 14:38:00,1.45,,United Kingdom,2.9,Sale
566091,22713,CARD I LOVE LONDON ,12,2011-09-09 10:37:00,0.42,17870.0,United Kingdom,5.04,Sale
557315,20828,GLITTER BUTTERFLY CLIPS,4,2011-06-19 16:02:00,2.55,15535.0,United Kingdom,10.2,Sale
572758,21181,PLEASE ONE PERSON METAL SIGN,2,2011-10-25 18:39:00,4.13,,United Kingdom,8.26,Sale
546246,48185,DOORMAT FAIRY CAKE,2,2011-03-10 13:28:00,7.95,14841.0,United Kingdom,15.9,Sale
572069,21914,BLUE HARMONICA IN BOX ,12,2011-10-20 13:24:00,1.25,14911.0,EIRE,15.0,Sale
542932,22151,PLACE SETTING WHITE HEART,24,2011-02-02 10:54:00,0.42,13089.0,United Kingdom,10.08,Sale
565122,23313,VINTAGE CHRISTMAS BUNTING,1,2011-09-01 11:48:00,4.95,13069.0,United Kingdom,4.95,Sale
565617,22758,LARGE PURPLE BABUSHKA NOTEBOOK  ,1,2011-09-05 15:30:00,2.46,,United Kingdom,2.46,Sale
580385,22632,HAND WARMER RED RETROSPOT,3,2011-12-04 10:11:00,2.1,16326.0,United Kingdom,6.300000000000001,Sale
556038,22066,LOVE HEART TRINKET POT,6,2011-06-08 12:38:00,0.39,13184.0,United Kingdom,2.34,Sale
541975,22554,PLASTERS IN TIN WOODLAND ANIMALS,36,2011-01-24 14:24:00,1.65,,Hong Kong,59.4,Sale
560773,20772,GARDEN PATH JOURNAL,2,2011-07-20 16:17:00,2.46,,United Kingdom,4.92,Sale
568311,22766,PHOTO FRAME CORNICE,1,2011-09-26 12:53:00,2.95,17287.0,United Kingdom,2.95,Sale
544434,22964,3 PIECE SPACEBOY COOKIE CUTTER SET,2,2011-02-18 16:12:00,4.13,,United Kingdom,8.26,Sale
567184,23156,SET OF 5 MINI GROCERY MAGNETS,2,2011-09-18 15:41:00,2.08,16033.0,United Kingdom,4.16,Sale
537839,22142,CHRISTMAS CRAFT WHITE FAIRY ,1,2010-12-08 15:02:00,1.45,,United Kingdom,1.45,Sale
540954,20652,BLUE POLKADOT LUGGAGE TAG ,1,2011-01-12 13:19:00,1.25,14606.0,United Kingdom,1.25,Sale
576911,23319,BOX OF 6 MINI 50'S CRACKERS,3,2011-11-17 10:01:00,2.49,17461.0,United Kingdom,7.470000000000001,Sale
569246,22948,METAL DECORATION NAUGHTY CHILDREN ,4,2011-10-03 09:57:00,1.66,14096.0,United Kingdom,6.64,Sale
545937,22630,DOLLY GIRL LUNCH BOX,12,2011-03-08 12:05:00,1.95,12758.0,Portugal,23.4,Sale
576890,23382,BOX OF 6 CHRISTMAS CAKE DECORATIONS,4,2011-11-16 17:25:00,3.75,12662.0,Germany,15.0,Sale
575477,23240,SET OF 4 KNICK KNACK TINS DOILY ,1,2011-11-09 16:14:00,8.29,,United Kingdom,8.29,Sale
539337,21977,PACK OF 60 PINK PAISLEY CAKE CASES,24,2010-12-17 10:46:00,0.55,,EIRE,13.2,Sale
542791,22411,JUMBO SHOPPER VINTAGE RED PAISLEY,10,2011-02-01 10:47:00,1.95,15039.0,United Kingdom,19.5,Sale
572331,23271,CHRISTMAS TABLE SILVER CANDLE SPIKE,32,2011-10-24 10:18:00,0.83,16491.0,United Kingdom,26.56,Sale
571850,23451,SQUARE MINI PORTRAIT FRAME,2,2011-10-19 12:54:00,1.95,14698.0,United Kingdom,3.9,Sale
562417,23051,RECYCLED ACAPULCO MAT BLUE,1,2011-08-04 16:32:00,16.63,,United Kingdom,16.63,Sale
572093,23127,FELTCRAFT GIRL NICOLE KIT,4,2011-10-20 14:51:00,4.95,15121.0,United Kingdom,19.8,Sale
568828,21790,VINTAGE SNAP CARDS,12,2011-09-29 11:31:00,0.85,15175.0,United Kingdom,10.2,Sale
537666,21813,GARLAND WITH STARS AND BELLS,2,2010-12-07 18:36:00,10.17,,United Kingdom,20.34,Sale
536532,22494,EMERGENCY FIRST AID TIN ,24,2010-12-01 13:24:00,1.25,12433.0,Norway,30.0,Sale
579297,22197,POPCORN HOLDER,20,2011-11-29 11:23:00,1.63,,United Kingdom,32.599999999999994,Sale
571082,21452,TOADSTOOL MONEY BOX,1,2011-10-13 15:25:00,5.79,,United Kingdom,5.79,Sale
580986,22027,TEA PARTY BIRTHDAY CARD,12,2011-12-06 16:34:00,0.42,12650.0,France,5.04,Sale
575687,22142,CHRISTMAS CRAFT WHITE FAIRY ,24,2011-11-10 16:03:00,1.45,16126.0,United Kingdom,34.8,Sale
574561,22602,RETROSPOT WOODEN HEART DECORATION,2,2011-11-04 15:52:00,1.63,,United Kingdom,3.26,Sale
545601,22720,SET OF 3 CAKE TINS PANTRY DESIGN ,3,2011-03-04 11:49:00,4.95,15827.0,United Kingdom,14.85,Sale
553385,22383,LUNCH BAG SUKI DESIGN ,2,2011-05-16 15:53:00,1.65,16710.0,United Kingdom,3.3,Sale
572896,22798,ANTIQUE GLASS DRESSING TABLE POT,8,2011-10-26 14:41:00,2.95,12456.0,Switzerland,23.6,Sale
542664,21171,BATHROOM METAL SIGN ,1,2011-01-31 12:14:00,3.29,,United Kingdom,3.29,Sale
563349,85014A,BLACK/BLUE POLKADOT UMBRELLA,1,2011-08-15 13:51:00,5.95,14623.0,United Kingdom,5.95,Sale
549985,22434,BALLOON PUMP WITH 10 BALLOONS,16,2011-04-13 15:58:00,1.95,15640.0,United Kingdom,31.2,Sale
563022,84596F,SMALL MARSHMALLOWS PINK BOWL,2,2011-08-11 13:34:00,0.42,17248.0,United Kingdom,0.84,Sale
541104,85094,CANDY SPOT EGG WARMER RABBIT,4,2011-01-13 14:29:00,0.83,,United Kingdom,3.32,Sale
566734,22427,ENAMEL FLOWER JUG CREAM,1,2011-09-14 14:09:00,5.95,16910.0,United Kingdom,5.95,Sale
576618,22405,MONEY BOX POCKET MONEY DESIGN,1,2011-11-15 17:00:00,2.46,,United Kingdom,2.46,Sale
543448,22423,REGENCY CAKESTAND 3 TIER,11,2011-02-08 12:12:00,24.96,,United Kingdom,274.56,Sale
543196,16219,HOUSE SHAPE PENCIL SHARPENER,12,2011-02-04 12:29:00,0.21,13309.0,United Kingdom,2.52,Sale
569228,22561,WOODEN SCHOOL COLOURING SET,3,2011-10-02 14:47:00,1.65,15547.0,United Kingdom,4.949999999999999,Sale
543467,22251,BIRDHOUSE DECORATION MAGIC GARDEN,1,2011-02-08 14:35:00,2.46,,United Kingdom,2.46,Sale
536638,84991,60 TEATIME FAIRY CAKE CASES,24,2010-12-02 11:41:00,0.55,16244.0,United Kingdom,13.2,Sale
541711,22344,PARTY PIZZA DISH PINK POLKADOT,24,2011-01-21 11:18:00,0.21,14646.0,Netherlands,5.04,Sale
546544,21900,"KEY FOB , SHED",24,2011-03-14 15:41:00,0.65,16570.0,United Kingdom,15.6,Sale
572550,23160,REGENCY TEA SPOON,4,2011-10-24 17:06:00,2.46,,United Kingdom,9.84,Sale
549126,22776,SWEETHEART CAKESTAND 3 TIER,1,2011-04-06 14:23:00,9.95,16031.0,United Kingdom,9.95,Sale
563076,20971,PINK BLUE FELT CRAFT TRINKET BOX,144,2011-08-11 16:12:00,1.06,14646.0,Netherlands,152.64,Sale
571548,35970,ZINC FOLKART SLEIGH BELLS,72,2011-10-18 07:56:00,1.49,15505.0,United Kingdom,107.28,Sale
540480,22326,ROUND SNACK BOXES SET OF4 WOODLAND ,12,2011-01-07 15:27:00,2.95,12480.0,Germany,35.400000000000006,Sale
580160,22299,PIG KEYRING WITH LIGHT & SOUND ,48,2011-12-02 10:47:00,1.25,12700.0,France,60.0,Sale
562772,23298,SPOTTY BUNTING,4,2011-08-09 12:07:00,4.95,13097.0,United Kingdom,19.8,Sale
570719,84508B,STRIPES DESIGN TEDDY,2,2011-10-12 10:45:00,2.55,17913.0,United Kingdom,5.1,Sale
544586,79000,MOROCCAN TEA GLASS,12,2011-02-21 15:04:00,0.85,17338.0,United Kingdom,10.2,Sale
562964,23226,FILIGREE HEART DAISY WHITE,24,2011-08-11 10:29:00,1.25,13488.0,United Kingdom,30.0,Sale
540994,84520B,PACK 20 ENGLISH ROSE PAPER NAPKINS,12,2011-01-13 09:29:00,0.85,13089.0,United Kingdom,10.2,Sale
572217,21232,STRAWBERRY CERAMIC TRINKET BOX,1,2011-10-21 13:03:00,1.25,15311.0,United Kingdom,1.25,Sale
539436,22968,ROSE COTTAGE KEEPSAKE BOX ,2,2010-12-17 14:49:00,20.38,,United Kingdom,40.76,Sale
545477,22665,RECIPE BOX BLUE SKETCHBOOK DESIGN,1,2011-03-03 11:07:00,2.95,14573.0,United Kingdom,2.95,Sale
566025,23406,HOME SWEET HOME KEY HOLDER,1,2011-09-08 12:55:00,6.25,17634.0,United Kingdom,6.25,Sale
578022,23367,SET 12 COLOUR PENCILS SPACEBOY ,1,2011-11-22 13:25:00,0.65,17371.0,United Kingdom,0.65,Sale
567882,22909,SET OF 20 VINTAGE CHRISTMAS NAPKINS,12,2011-09-22 15:03:00,0.85,12906.0,United Kingdom,10.2,Sale
543534,21977,PACK OF 60 PINK PAISLEY CAKE CASES,24,2011-02-09 13:25:00,0.55,13590.0,United Kingdom,13.2,Sale
569110,23209,LUNCH BAG VINTAGE DOILY ,10,2011-09-30 12:44:00,1.65,17675.0,United Kingdom,16.5,Sale
555560,22372,AIRLINE BAG VINTAGE WORLD CHAMPION ,1,2011-06-05 14:20:00,4.25,17346.0,United Kingdom,4.25,Sale
554630,84536B,FAIRY CAKES NOTEBOOK A7 SIZE,8,2011-05-25 11:34:00,0.42,13268.0,United Kingdom,3.36,Sale
569105,85099B,JUMBO BAG RED RETROSPOT,2,2011-09-30 12:35:00,2.08,16729.0,United Kingdom,4.16,Sale
575875,47593B,SCOTTIE DOGS BABY BIB,5,2011-11-11 13:06:00,0.83,,United Kingdom,4.15,Sale
575739,22340,NOEL GARLAND PAINTED ZINC ,14,2011-11-11 09:05:00,0.83,,United Kingdom,11.62,Sale
556905,85175,CACTI T-LIGHT CANDLES,16,2011-06-15 13:05:00,0.42,16904.0,United Kingdom,6.72,Sale
554489,22614,PACK OF 12 SPACEBOY TISSUES,24,2011-05-24 13:46:00,0.29,17272.0,United Kingdom,6.959999999999999,Sale
573311,22535,MAGIC DRAWING SLATE BUNNIES ,2,2011-10-28 16:45:00,0.42,14071.0,United Kingdom,0.84,Sale
578067,85032C,CURIOUS IMAGES GIFT WRAP SET,1,2011-11-22 15:43:00,1.63,,United Kingdom,1.63,Sale
581492,21648,ASSORTED TUTTI FRUTTI SMALL PURSE,2,2011-12-09 10:03:00,2.46,,United Kingdom,4.92,Sale
536592,22583,PACK OF 6 HANDBAG GIFT BOXES,1,2010-12-01 17:06:00,5.06,,United Kingdom,5.06,Sale
579414,22969,HOMEMADE JAM SCENTED CANDLES,12,2011-11-29 12:52:00,1.45,14719.0,United Kingdom,17.4,Sale
577768,22568,FELTCRAFT CUSHION OWL,2,2011-11-21 15:18:00,7.46,,United Kingdom,14.92,Sale
577356,22469,HEART OF WICKER SMALL,12,2011-11-18 15:53:00,1.65,16350.0,United Kingdom,19.8,Sale
575875,23228,FILIGREE HEART BIRD WHITE ,1,2011-11-11 13:06:00,2.46,,United Kingdom,2.46,Sale
566625,21136,PAINTED METAL PEARS ASSORTED,8,2011-09-14 09:38:00,1.69,14911.0,EIRE,13.52,Sale
544666,21174,POTTERING IN THE SHED METAL SIGN,4,2011-02-22 15:00:00,2.08,16907.0,United Kingdom,8.32,Sale
580727,22728,ALARM CLOCK BAKELIKE PINK,4,2011-12-05 17:17:00,7.46,14096.0,United Kingdom,29.84,Sale
570467,47590A,BLUE HAPPY BIRTHDAY BUNTING,3,2011-10-10 16:06:00,5.45,12607.0,USA,16.35,Sale
537381,85231B,CINAMMON SET OF 9 T-LIGHTS,6,2010-12-06 13:13:00,0.85,14667.0,United Kingdom,5.1,Sale
573770,23359,SET OF 12 T-LIGHTS VINTAGE DOILY,12,2011-11-01 10:12:00,1.95,15214.0,United Kingdom,23.4,Sale
581021,22393,PAPERWEIGHT VINTAGE COLLAGE,12,2011-12-07 10:24:00,0.39,14769.0,United Kingdom,4.68,Sale
568698,22735,RIBBON REEL SOCKS AND MITTENS,10,2011-09-28 14:57:00,1.65,14911.0,EIRE,16.5,Sale
563567,22805,BLUE DRAWER KNOB ACRYLIC EDWARDIAN,12,2011-08-17 14:44:00,1.25,13004.0,United Kingdom,15.0,Sale
578262,20712,JUMBO BAG WOODLAND ANIMALS,2,2011-11-23 13:27:00,2.08,18283.0,United Kingdom,4.16,Sale
573542,23414,ZINC BOX SIGN HOME,1,2011-10-31 13:03:00,9.95,14702.0,United Kingdom,9.95,Sale
571036,22595,GINGHAM HEART DECORATION,14,2011-10-13 12:52:00,0.85,17567.0,United Kingdom,11.9,Sale
568901,22429,ENAMEL MEASURING JUG CREAM,6,2011-09-29 13:22:00,4.25,15050.0,United Kingdom,25.5,Sale
537567,22498,WOODEN REGATTA BUNTING,1,2010-12-07 11:59:00,5.95,18119.0,United Kingdom,5.95,Sale
567666,22819,"BIRTHDAY CARD, RETRO SPOT",12,2011-09-21 15:23:00,0.42,12520.0,Germany,5.04,Sale
575867,22629,SPACEBOY LUNCH BOX ,2,2011-11-11 12:44:00,1.95,15034.0,United Kingdom,3.9,Sale
580509,90201B,BLACK ENAMEL FLOWER RING,6,2011-12-04 13:45:00,2.95,12719.0,France,17.700000000000003,Sale
568167,23147,SINGLE ANTIQUE ROSE HOOK IVORY,12,2011-09-25 12:45:00,1.45,15706.0,United Kingdom,17.4,Sale
563348,23012,GLASS APOTHECARY BOTTLE PERFUME,4,2011-08-15 13:48:00,3.95,13078.0,United Kingdom,15.8,Sale
544667,22980,PANTRY SCRUBBING BRUSH,48,2011-02-22 15:09:00,1.45,17511.0,United Kingdom,69.6,Sale
559693,21718,RED METAL BEACH SPADE ,1,2011-07-11 16:21:00,2.46,,United Kingdom,2.46,Sale
540505,85180A,RED HEARTS LIGHT CHAIN ,12,2011-01-09 11:05:00,1.25,17095.0,United Kingdom,15.0,Sale
540026,22216,T-LIGHT HOLDER WHITE LACE,5,2011-01-04 13:25:00,0.81,,United Kingdom,4.050000000000001,Sale
581196,21210,SET OF 72 RETROSPOT PAPER  DOILIES,12,2011-12-07 17:25:00,1.45,12935.0,United Kingdom,17.4,Sale
580729,22815,CARD PSYCHEDELIC APPLES,18,2011-12-05 17:24:00,0.42,,United Kingdom,7.56,Sale
557308,21210,SET OF 72 RETROSPOT PAPER  DOILIES,1,2011-06-19 15:13:00,1.45,16744.0,United Kingdom,1.45,Sale
546429,22023,EMPIRE BIRTHDAY CARD,12,2011-03-13 15:25:00,0.42,17611.0,United Kingdom,5.04,Sale
567850,79321,CHILLI LIGHTS,4,2011-09-22 13:18:00,5.75,15067.0,United Kingdom,23.0,Sale
564141,22222,CAKE PLATE LOVEBIRD WHITE,1,2011-08-23 11:47:00,4.95,17841.0,United Kingdom,4.95,Sale
546223,85194S,HANGING SPRING FLOWER EGG SMALL,24,2011-03-10 12:22:00,0.65,14854.0,United Kingdom,15.6,Sale
576339,22195,LARGE HEART MEASURING SPOONS,5,2011-11-14 15:27:00,3.29,14096.0,United Kingdom,16.45,Sale
559660,22402,MAGNETS PACK OF 4 VINTAGE COLLAGE,36,2011-07-11 13:19:00,0.39,16701.0,United Kingdom,14.04,Sale
541932,22957,SET 3 PAPER VINTAGE CHICK PAPER EGG,24,2011-01-24 11:39:00,2.95,14439.0,Greece,70.80000000000001,Sale
552358,22918,HERB MARKER PARSLEY,12,2011-05-09 12:20:00,0.65,15673.0,United Kingdom,7.800000000000001,Sale
547964,DOT,DOTCOM POSTAGE,1,2011-03-28 15:45:00,184.6,,United Kingdom,184.6,Sale
546440,22084,PAPER CHAIN KIT EMPIRE,6,2011-03-14 10:31:00,2.95,16871.0,United Kingdom,17.700000000000003,Sale
548194,84637,KITCHEN FLOWER POTS WALL PLAQUE,1,2011-03-29 15:30:00,4.96,,United Kingdom,4.96,Sale
572237,23293,SET OF 12 FAIRY CAKE BAKING CASES,8,2011-10-21 14:49:00,0.83,15152.0,United Kingdom,6.64,Sale
560997,21967,PACK OF 12 SKULL TISSUES,24,2011-07-22 13:59:00,0.29,12627.0,Germany,6.959999999999999,Sale
553148,22325,MOBILE VINTAGE HEARTS ,3,2011-05-13 14:09:00,4.95,,Hong Kong,14.85,Sale
581219,21733,RED HANGING HEART T-LIGHT HOLDER,2,2011-12-08 09:28:00,5.79,,United Kingdom,11.58,Sale
576597,22086,PAPER CHAIN KIT 50'S CHRISTMAS ,12,2011-11-15 14:57:00,2.95,14194.0,United Kingdom,35.400000000000006,Sale
566081,23426,METAL SIGN DROP YOUR PANTS,6,2011-09-09 10:09:00,2.89,16293.0,United Kingdom,17.34,Sale
559817,20768,GREEN FERN JOURNAL ,1,2011-07-12 16:20:00,2.46,,United Kingdom,2.46,Sale
575691,22072,RED RETROSPOT TEA CUP AND SAUCER ,4,2011-11-10 16:21:00,3.75,14180.0,United Kingdom,15.0,Sale
549949,22784,LANTERN CREAM GAZEBO ,2,2011-04-13 12:57:00,4.95,13208.0,United Kingdom,9.9,Sale
575410,23355,HOT WATER BOTTLE KEEP CALM,4,2011-11-09 15:50:00,4.95,17705.0,United Kingdom,19.8,Sale
560527,23309,SET OF 60 I LOVE LONDON CAKE CASES ,48,2011-07-19 11:57:00,0.55,15727.0,United Kingdom,26.4,Sale
576696,23293,SET OF 12 FAIRY CAKE BAKING CASES,2,2011-11-16 12:26:00,0.83,16669.0,United Kingdom,1.66,Sale
567672,22575,METAL MERRY CHRISTMAS WREATH,4,2011-09-21 15:39:00,1.95,16085.0,United Kingdom,7.8,Sale
581238,23300,GARDENERS KNEELING PAD CUP OF TEA ,3,2011-12-08 10:53:00,3.29,,United Kingdom,9.87,Sale
580064,23498,CLASSIC BICYCLE CLIPS ,6,2011-12-01 13:32:00,1.45,18077.0,United Kingdom,8.7,Sale
559092,21880,RED RETROSPOT TAPE,12,2011-07-06 10:48:00,0.65,16829.0,United Kingdom,7.800000000000001,Sale
557151,22971,QUEENS GUARD COFFEE MUG,1,2011-06-17 11:04:00,2.55,,United Kingdom,2.55,Sale
538354,22492,MINI PAINT SET VINTAGE ,144,2010-12-10 15:45:00,0.65,16873.0,United Kingdom,93.6,Sale
546983,84755,COLOUR GLASS T-LIGHT HOLDER HANGING,16,2011-03-18 12:27:00,0.65,16626.0,United Kingdom,10.4,Sale
553833,20724,RED RETROSPOT CHARLOTTE BAG,5,2011-05-19 11:41:00,0.85,17346.0,United Kingdom,4.25,Sale
577855,22399,MAGNETS PACK OF 4 CHILDHOOD MEMORY,1,2011-11-22 11:18:00,1.25,15877.0,United Kingdom,1.25,Sale
540098,22084,PAPER CHAIN KIT EMPIRE,2,2011-01-04 15:50:00,2.95,16241.0,United Kingdom,5.9,Sale
574049,20972,PINK CREAM FELT CRAFT TRINKET BOX ,144,2011-11-02 13:40:00,1.06,13316.0,United Kingdom,152.64,Sale
559055,20754,RETROSPOT RED WASHING UP GLOVES,1,2011-07-05 17:09:00,4.13,,United Kingdom,4.13,Sale
576639,22142,CHRISTMAS CRAFT WHITE FAIRY ,12,2011-11-16 09:43:00,1.45,13894.0,United Kingdom,17.4,Sale
576880,23126,FELTCRAFT GIRL AMELIE KIT,4,2011-11-16 17:03:00,4.95,14911.0,EIRE,19.8,Sale
544598,22863,SOAP DISH BROCANTE,1,2011-02-21 18:10:00,5.79,,United Kingdom,5.79,Sale
554520,22219,LOVEBIRD HANGING DECORATION WHITE ,1,2011-05-24 17:03:00,0.85,17841.0,United Kingdom,0.85,Sale
542065,22839,3 TIER CAKE TIN GREEN AND CREAM,1,2011-01-25 12:03:00,14.95,14527.0,United Kingdom,14.95,Sale
580729,22835,HOT WATER BOTTLE I AM SO POORLY,7,2011-12-05 17:24:00,10.79,,United Kingdom,75.53,Sale
574297,22620,4 TRADITIONAL SPINNING TOPS,12,2011-11-03 15:54:00,1.45,16602.0,United Kingdom,17.4,Sale
575875,84568,GIRLS ALPHABET IRON ON PATCHES ,21,2011-11-11 13:06:00,0.42,,United Kingdom,8.82,Sale
564640,22759,SET OF 3 NOTEBOOKS IN PARCEL,12,2011-08-26 13:00:00,1.65,14837.0,United Kingdom,19.8,Sale
552683,21935,SUKI  SHOULDER BAG,1,2011-05-10 15:09:00,4.13,,United Kingdom,4.13,Sale
574717,23322,LARGE WHITE HEART OF WICKER,40,2011-11-06 14:35:00,2.55,18170.0,United Kingdom,102.0,Sale
563371,20725,LUNCH BAG RED RETROSPOT,10,2011-08-16 09:39:00,1.65,14006.0,United Kingdom,16.5,Sale
572094,23203,JUMBO BAG VINTAGE DOILY ,10,2011-10-20 14:52:00,2.08,17420.0,United Kingdom,20.8,Sale
539453,20770,ABSTRACT CIRCLE JOURNAL ,2,2010-12-17 17:08:00,2.51,,United Kingdom,5.02,Sale
576141,22138,BAKING SET 9 PIECE RETROSPOT ,6,2011-11-14 10:47:00,4.95,14911.0,EIRE,29.700000000000003,Sale
548703,22296,HEART IVORY TRELLIS LARGE,3,2011-04-03 11:37:00,1.65,16010.0,United Kingdom,4.949999999999999,Sale
565438,85099C,JUMBO  BAG BAROQUE BLACK WHITE,10,2011-09-04 13:56:00,2.08,17229.0,United Kingdom,20.8,Sale
580754,22898,CHILDRENS APRON APPLES DESIGN,6,2011-12-06 10:05:00,4.96,,United Kingdom,29.76,Sale
541592,85169A,IVORY LOVE BIRD CANDLE,45,2011-01-19 15:08:00,0.83,,United Kingdom,37.35,Sale
565231,23301,GARDENERS KNEELING PAD KEEP CALM ,1,2011-09-02 09:26:00,3.29,,United Kingdom,3.29,Sale
571845,23461,SWEETHEART BIRD HOUSE,2,2011-10-19 12:34:00,4.15,16869.0,United Kingdom,8.3,Sale
551727,21627,ELEPHANT CARNIVAL POUFFE,1,2011-05-04 08:40:00,14.95,14245.0,United Kingdom,14.95,Sale
567901,82484,WOOD BLACK BOARD ANT WHITE FINISH,1,2011-09-22 16:28:00,16.63,,United Kingdom,16.63,Sale
542399,35971,ROSE FOLKART HEART DECORATIONS,12,2011-01-27 15:38:00,1.25,15549.0,United Kingdom,15.0,Sale
554906,21915,RED  HARMONICA IN BOX ,12,2011-05-27 11:41:00,1.25,14194.0,United Kingdom,15.0,Sale
578953,23497,CLASSIC CHROME BICYCLE BELL ,1,2011-11-27 14:50:00,1.45,13546.0,United Kingdom,1.45,Sale
581238,21876,POTTERING MUG,2,2011-12-08 10:53:00,3.29,,United Kingdom,6.58,Sale
538890,21977,PACK OF 60 PINK PAISLEY CAKE CASES,5,2010-12-14 16:39:00,0.55,12867.0,United Kingdom,2.75,Sale
581492,22997,TRAVEL CARD WALLET UNION JACK,1,2011-12-09 10:03:00,0.83,,United Kingdom,0.83,Sale
553678,22966,GINGERBREAD MAN COOKIE CUTTER,12,2011-05-18 13:00:00,1.25,14009.0,United Kingdom,15.0,Sale
575512,23126,FELTCRAFT GIRL AMELIE KIT,4,2011-11-10 10:36:00,4.95,14121.0,United Kingdom,19.8,Sale
541594,20712,JUMBO BAG WOODLAND ANIMALS,10,2011-01-19 15:30:00,1.95,14916.0,United Kingdom,19.5,Sale
554514,21211,SET OF 72 SKULL PAPER  DOILIES,1,2011-05-24 15:58:00,2.92,,United Kingdom,2.92,Sale
568044,22594,CHRISTMAS GINGHAM TREE,12,2011-09-23 12:10:00,0.85,15763.0,United Kingdom,10.2,Sale
560393,23338,EGG FRYING PAN RED ,1,2011-07-18 13:33:00,2.08,14808.0,United Kingdom,2.08,Sale
561081,22197,POPCORN HOLDER,10,2011-07-24 16:15:00,0.85,13230.0,United Kingdom,8.5,Sale
539451,22582,PACK OF 6 SWEETIE GIFT BOXES,1,2010-12-17 16:59:00,5.06,,United Kingdom,5.06,Sale
546306,22090,PAPER BUNTING RETROSPOT,1,2011-03-10 16:16:00,5.79,,United Kingdom,5.79,Sale
572567,23113,PANTRY CHOPPING BOARD,6,2011-10-25 10:27:00,4.95,12398.0,Switzerland,29.700000000000003,Sale
563720,21710,FOLDING UMBRELLA PINKWHITE POLKADOT,1,2011-08-18 16:24:00,4.95,15867.0,United Kingdom,4.95,Sale
555406,22564,ALPHABET STENCIL CRAFT,2,2011-06-02 19:50:00,1.25,17231.0,United Kingdom,2.5,Sale
575760,85099C,JUMBO  BAG BAROQUE BLACK WHITE,3,2011-11-11 10:50:00,2.08,15965.0,United Kingdom,6.24,Sale
575334,23084,RABBIT NIGHT LIGHT,6,2011-11-09 13:54:00,2.08,14493.0,United Kingdom,12.48,Sale
572302,21902,"KEY FOB , FRONT  DOOR ",6,2011-10-23 14:47:00,0.65,15427.0,United Kingdom,3.9,Sale
545078,40003,WHITE BAMBOO RIBS LAMPSHADE,1,2011-02-28 10:15:00,3.29,,United Kingdom,3.29,Sale
555931,23147,SINGLE ANTIQUE ROSE HOOK IVORY,12,2011-06-08 08:31:00,1.45,17828.0,Malta,17.4,Sale
565235,22973,CHILDREN'S CIRCUS PARADE MUG,12,2011-09-02 09:43:00,1.65,13418.0,United Kingdom,19.8,Sale
558067,23300,GARDENERS KNEELING PAD CUP OF TEA ,12,2011-06-24 15:51:00,1.65,14156.0,EIRE,19.8,Sale
543246,22050,PINK PAISLEY ROSE GIFT WRAP,25,2011-02-04 14:14:00,0.42,17315.0,United Kingdom,10.5,Sale
577773,23119,PACK OF 6 LARGE FRUIT STRAWS ,6,2011-11-21 15:57:00,0.62,16712.0,United Kingdom,3.72,Sale
542936,84596E,SMALL LICORICE DES PINK BOWL,1,2011-02-02 11:10:00,1.25,,United Kingdom,1.25,Sale
541516,84968F,SET OF 16 VINTAGE SKY BLUE CUTLERY,3,2011-01-18 17:34:00,8.29,,United Kingdom,24.87,Sale
548666,22293,HANGING CHICK GREEN DECORATION,24,2011-04-01 14:58:00,1.45,13124.0,United Kingdom,34.8,Sale
545897,21905,MORE BUTTER METAL SIGN ,3,2011-03-07 17:22:00,1.63,,United Kingdom,4.89,Sale
565805,22662,LUNCH BAG DOLLY GIRL DESIGN,20,2011-09-07 10:51:00,1.65,18229.0,United Kingdom,33.0,Sale
556475,23245,SET OF 3 REGENCY CAKE TINS,4,2011-06-12 12:03:00,4.95,18109.0,United Kingdom,19.8,Sale
562558,21559,STRAWBERRY LUNCH BOX WITH CUTLERY,2,2011-08-05 16:43:00,2.55,13451.0,United Kingdom,5.1,Sale
540352,85199S,SMALL HANGING IVORY/RED WOOD BIRD,1,2011-01-06 14:27:00,0.85,,United Kingdom,0.85,Sale
547488,22727,ALARM CLOCK BAKELIKE RED ,2,2011-03-23 11:30:00,3.75,13821.0,United Kingdom,7.5,Sale
553389,22996,TRAVEL CARD WALLET VINTAGE TICKET,3,2011-05-16 16:37:00,0.83,,United Kingdom,2.49,Sale
577791,22138,BAKING SET 9 PIECE RETROSPOT ,3,2011-11-21 16:36:00,4.95,17100.0,United Kingdom,14.85,Sale
578944,21592,RETROSPOT CIGAR BOX MATCHES ,1,2011-11-27 13:41:00,1.25,16005.0,United Kingdom,1.25,Sale
559824,23322,LARGE WHITE HEART OF WICKER,5,2011-07-12 17:23:00,2.95,17576.0,United Kingdom,14.75,Sale
561513,85099B,JUMBO BAG RED RETROSPOT,1,2011-07-27 15:12:00,4.13,,United Kingdom,4.13,Sale
541406,22220,CAKE STAND LOVEBIRD 2 TIER WHITE,1,2011-01-17 15:19:00,9.95,14657.0,United Kingdom,9.95,Sale
577202,23284,DOORMAT KEEP CALM AND COME IN,30,2011-11-18 11:47:00,7.08,12989.0,United Kingdom,212.4,Sale
576563,23491,VINTAGE JINGLE BELLS HEART,3,2011-11-15 13:27:00,8.25,17564.0,United Kingdom,24.75,Sale
541683,22439,6 ROCKET BALLOONS ,20,2011-01-20 15:01:00,0.65,14085.0,United Kingdom,13.0,Sale
578508,22533,MAGIC DRAWING SLATE BAKE A CAKE ,1,2011-11-24 13:06:00,0.42,16892.0,United Kingdom,0.42,Sale
557324,84992,72 SWEETHEART FAIRY CAKE CASES,1,2011-06-20 09:41:00,1.25,,United Kingdom,1.25,Sale
570857,22936,BAKING MOULD ROSE WHITE CHOCOLATE,1,2011-10-12 15:06:00,3.25,15555.0,United Kingdom,3.25,Sale
569693,23391, I LOVE LONDON MINI BACKPACK,2,2011-10-05 15:18:00,4.15,17837.0,United Kingdom,8.3,Sale
566781,22556,PLASTERS IN TIN CIRCUS PARADE ,12,2011-09-15 10:11:00,1.65,17333.0,United Kingdom,19.8,Sale
542087,22723,SET OF 6 HERB TINS SKETCHBOOK,4,2011-01-25 12:35:00,3.95,14849.0,United Kingdom,15.8,Sale
557502,23250,VINTAGE RED TRIM ENAMEL BOWL ,1,2011-06-20 15:32:00,2.46,,United Kingdom,2.46,Sale
552313,48116,DOORMAT MULTICOLOUR STRIPE,4,2011-05-08 16:03:00,7.95,13139.0,United Kingdom,31.8,Sale
551440,22673,FRENCH GARDEN SIGN BLUE METAL,2,2011-04-28 15:29:00,1.25,15311.0,United Kingdom,2.5,Sale
563506,22220,CAKE STAND LOVEBIRD 2 TIER WHITE,2,2011-08-17 09:48:00,9.95,17398.0,United Kingdom,19.9,Sale
559542,85123A,WHITE HANGING HEART T-LIGHT HOLDER,3,2011-07-10 13:32:00,2.95,17126.0,United Kingdom,8.850000000000001,Sale
558368,23027,DRAWER KNOB VINTAGE GLASS HEXAGON,6,2011-06-28 15:36:00,2.08,14329.0,United Kingdom,12.48,Sale
573289,22892,SET OF SALT AND PEPPER TOADSTOOLS,12,2011-10-28 14:44:00,1.25,12705.0,Germany,15.0,Sale
551287,21094,SET/6 RED SPOTTY PAPER PLATES,8,2011-04-27 14:17:00,0.85,17961.0,United Kingdom,6.8,Sale
559693,22697,GREEN REGENCY TEACUP AND SAUCER,1,2011-07-11 16:21:00,5.79,,United Kingdom,5.79,Sale
536800,22099,CARAVAN SQUARE TISSUE BOX,12,2010-12-02 16:12:00,1.25,14829.0,United Kingdom,15.0,Sale
566601,23332,IVORY WICKER HEART LARGE,2,2011-09-13 15:57:00,1.65,16469.0,United Kingdom,3.3,Sale
561859,84926E,FLOWERS TILE COASTER,24,2011-07-29 17:19:00,0.29,17750.0,United Kingdom,6.959999999999999,Sale
554016,22839,3 TIER CAKE TIN GREEN AND CREAM,1,2011-05-20 13:14:00,14.95,13243.0,United Kingdom,14.95,Sale
549558,20845,ZINC HEART LATTICE 2 WALL PLANTER,1,2011-04-10 13:21:00,6.35,15058.0,United Kingdom,6.35,Sale
564355,85212,MINI PAINTED GARDEN DECORATION ,24,2011-08-24 15:12:00,0.29,13507.0,United Kingdom,6.959999999999999,Sale
576078,22632,HAND WARMER RED RETROSPOT,6,2011-11-13 16:22:00,2.1,14432.0,United Kingdom,12.6,Sale
564552,21035,SET/2 RED RETROSPOT TEA TOWELS ,6,2011-08-25 17:22:00,3.25,16670.0,United Kingdom,19.5,Sale
565726,23225,CHERUB HEART DECORATION SILVER ,12,2011-09-06 11:58:00,0.83,14360.0,United Kingdom,9.96,Sale
544294,22431,WATERING CAN BLUE ELEPHANT,6,2011-02-17 12:42:00,1.95,15601.0,United Kingdom,11.7,Sale
571243,79144C,PAINTED LIGHTBULB RAINBOW DESIGN,6,2011-10-14 15:26:00,0.42,14595.0,United Kingdom,2.52,Sale
553549,22626,BLACK KITCHEN SCALES,1,2011-05-17 16:09:00,16.63,,United Kingdom,16.63,Sale
578827,85174,S/4 CACTI CANDLES,1,2011-11-25 14:25:00,10.79,,United Kingdom,10.79,Sale
546850,21171,BATHROOM METAL SIGN ,5,2011-03-17 13:20:00,1.45,13268.0,United Kingdom,7.25,Sale
550615,21925,UNION STRIPE CUSHION COVER ,10,2011-04-19 12:41:00,1.25,16730.0,United Kingdom,12.5,Sale
539053,22151,PLACE SETTING WHITE HEART,15,2010-12-15 16:32:00,0.42,16725.0,United Kingdom,6.3,Sale
548006,20727,LUNCH BAG  BLACK SKULL.,10,2011-03-29 10:50:00,1.65,18226.0,United Kingdom,16.5,Sale
537240,21068,VINTAGE BILLBOARD LOVE/HATE MUG,1,2010-12-06 10:08:00,2.51,,United Kingdom,2.51,Sale
555653,22561,WOODEN SCHOOL COLOURING SET,3,2011-06-06 14:12:00,1.65,17673.0,United Kingdom,4.949999999999999,Sale
570842,23209,LUNCH BAG VINTAGE DOILY ,10,2011-10-12 14:21:00,1.65,17676.0,United Kingdom,16.5,Sale
560718,84378,SET OF 3 HEART COOKIE CUTTERS,12,2011-07-20 13:30:00,1.25,17677.0,United Kingdom,15.0,Sale
573075,84341B,SMALL PINK MAGIC CHRISTMAS TREE,2,2011-10-27 14:04:00,0.38,17545.0,United Kingdom,0.76,Sale
554718,84879,ASSORTED COLOUR BIRD ORNAMENT,8,2011-05-26 11:16:00,1.69,12942.0,United Kingdom,13.52,Sale
575176,84380,SET OF 3 BUTTERFLY COOKIE CUTTERS,1,2011-11-08 18:29:00,2.46,,United Kingdom,2.46,Sale
543013,22664,TOY TIDY DOLLY GIRL DESIGN,1,2011-02-02 13:35:00,4.13,,United Kingdom,4.13,Sale
566974,22385,JUMBO BAG SPACEBOY DESIGN,10,2011-09-16 09:24:00,2.08,13599.0,United Kingdom,20.8,Sale
537608,21868,POTTING SHED TEA MUG,3,2010-12-07 13:20:00,1.25,15024.0,United Kingdom,3.75,Sale
567530,23008,DOLLY GIRL BABY GIFT SET,1,2011-09-21 09:33:00,16.95,12390.0,Belgium,16.95,Sale
564754,48194,DOORMAT HEARTS,1,2011-08-30 10:29:00,15.79,,United Kingdom,15.79,Sale
568515,22367,CHILDRENS APRON SPACEBOY DESIGN,10,2011-09-27 12:44:00,1.95,14466.0,United Kingdom,19.5,Sale
548505,82482,WOODEN PICTURE FRAME WHITE FINISH,1,2011-03-31 14:34:00,4.96,,United Kingdom,4.96,Sale
575073,23256,CHILDRENS CUTLERY SPACEBOY ,2,2011-11-08 13:10:00,4.15,13975.0,United Kingdom,8.3,Sale
540848,90114,SUMMER DAISIES BAG CHARM,1,2011-01-12 09:26:00,2.51,,United Kingdom,2.51,Sale
568665,22210,WOOD STAMP SET BEST WISHES,12,2011-09-28 12:52:00,0.83,13018.0,United Kingdom,9.96,Sale
567297,23445,ICE CREAM BUBBLES,20,2011-09-19 12:27:00,0.83,15594.0,United Kingdom,16.599999999999998,Sale
545462,21563,RED HEART SHAPE LOVE BUCKET ,6,2011-03-03 08:24:00,2.95,17567.0,United Kingdom,17.700000000000003,Sale
550772,22800,ANTIQUE TALL SWIRLGLASS TRINKET POT,12,2011-04-20 13:13:00,3.75,17856.0,United Kingdom,45.0,Sale
546561,21625,VINTAGE UNION JACK APRON,3,2011-03-15 10:34:00,6.95,18260.0,United Kingdom,20.85,Sale
574545,23167,SMALL CERAMIC TOP STORAGE JAR ,48,2011-11-04 14:54:00,0.83,17084.0,United Kingdom,39.84,Sale
565851,20679,EDWARDIAN PARASOL RED,3,2011-09-07 13:06:00,5.95,14911.0,EIRE,17.85,Sale
542664,22162,HEART GARLAND RUSTIC PADDED,5,2011-01-31 12:14:00,3.29,,United Kingdom,16.45,Sale
543391,85099B,JUMBO BAG RED RETROSPOT,10,2011-02-08 10:12:00,1.95,14475.0,United Kingdom,19.5,Sale
562955,48184,DOORMAT ENGLISH ROSE ,3,2011-08-11 10:14:00,14.13,,United Kingdom,42.39,Sale
564037,23310,BUBBLEGUM RING ASSORTED,36,2011-08-22 12:26:00,0.42,14800.0,United Kingdom,15.12,Sale
579196,21441,BLUE BIRDHOUSE DECORATION,2,2011-11-28 15:54:00,1.63,14096.0,United Kingdom,3.26,Sale
543291,21843,RED RETROSPOT CAKE STAND,1,2011-02-07 10:50:00,10.95,14180.0,United Kingdom,10.95,Sale
563720,21668,RED STRIPE CERAMIC DRAWER KNOB,2,2011-08-18 16:24:00,1.25,15867.0,United Kingdom,2.5,Sale
578844,23247,BISCUIT TIN 50'S CHRISTMAS,1,2011-11-25 16:14:00,5.79,,United Kingdom,5.79,Sale
537762,85099B,JUMBO BAG RED RETROSPOT,10,2010-12-08 12:01:00,1.95,16558.0,United Kingdom,19.5,Sale
550500,22120,WELCOME  WOODEN BLOCK LETTERS,1,2011-04-18 15:26:00,19.96,,United Kingdom,19.96,Sale
563710,85066,CREAM SWEETHEART MINI CHEST,2,2011-08-18 15:28:00,12.75,17742.0,United Kingdom,25.5,Sale
581439,20733,GOLD MINI TAPE MEASURE ,4,2011-12-08 16:30:00,0.83,,United Kingdom,3.32,Sale
563922,23309,SET OF 60 I LOVE LONDON CAKE CASES ,1,2011-08-21 14:10:00,0.55,14529.0,United Kingdom,0.55,Sale
579943,35970,ZINC FOLKART SLEIGH BELLS,12,2011-12-01 10:38:00,1.69,13040.0,United Kingdom,20.28,Sale
581492,21200,MULTICOLOUR HONEYCOMB PAPER GARLAND,6,2011-12-09 10:03:00,3.29,,United Kingdom,19.74,Sale
580115,20777,CHRYSANTHEMUM NOTEBOOK,1,2011-12-01 16:22:00,1.63,,United Kingdom,1.63,Sale
541596,22931,BAKING MOULD HEART WHITE CHOCOLATE,2,2011-01-19 16:18:00,2.55,17602.0,United Kingdom,5.1,Sale
562881,22553,PLASTERS IN TIN SKULLS,24,2011-08-10 10:57:00,1.65,15632.0,United Kingdom,39.6,Sale
552290,21507,"ELEPHANT, BIRTHDAY CARD, ",12,2011-05-08 13:32:00,0.42,16007.0,United Kingdom,5.04,Sale
579689,22413,METAL SIGN TAKE IT OR LEAVE IT ,1,2011-11-30 14:00:00,2.95,14606.0,United Kingdom,2.95,Sale
552731,22329,ROUND CONTAINER SET OF 5 RETROSPOT,12,2011-05-11 10:43:00,1.65,12372.0,Denmark,19.8,Sale
577150,22737,RIBBON REEL CHRISTMAS PRESENT ,1,2011-11-18 09:48:00,4.13,,United Kingdom,4.13,Sale
579941,23534,WALL ART STOP FOR TEA ,3,2011-12-01 10:31:00,5.95,16496.0,United Kingdom,17.85,Sale
570258,22501,PICNIC BASKET WICKER LARGE,1,2011-10-10 09:56:00,20.79,,United Kingdom,20.79,Sale
567167,22730,ALARM CLOCK BAKELIKE IVORY,1,2011-09-18 12:21:00,3.75,15547.0,United Kingdom,3.75,Sale
560225,22268,DECORATION SITTING BUNNY,4,2011-07-15 16:27:00,0.63,,United Kingdom,2.52,Sale
550322,21328,BALLOONS  WRITING SET ,1,2011-04-17 12:53:00,1.65,14524.0,United Kingdom,1.65,Sale
575930,22928,YELLOW GIANT GARDEN THERMOMETER,1,2011-11-11 17:58:00,12.46,,United Kingdom,12.46,Sale
580073,84596B,SMALL DOLLY MIX DESIGN ORANGE BOWL,8,2011-12-01 14:03:00,0.42,16813.0,United Kingdom,3.36,Sale
556926,22079,RIBBON REEL HEARTS DESIGN ,5,2011-06-15 14:26:00,1.65,16324.0,United Kingdom,8.25,Sale
570880,22941,CHRISTMAS LIGHTS 10 REINDEER,4,2011-10-13 09:16:00,8.5,14291.0,United Kingdom,34.0,Sale
538071,21982,PACK OF 12 SUKI TISSUES ,5,2010-12-09 14:09:00,0.85,,United Kingdom,4.25,Sale
545928,21169,YOU'RE CONFUSING ME METAL SIGN ,12,2011-03-08 11:59:00,1.69,14407.0,United Kingdom,20.28,Sale
556459,21680,WOODLAND  STICKERS,1,2011-06-10 17:25:00,1.63,,United Kingdom,1.63,Sale
579557,22725,ALARM CLOCK BAKELIKE CHOCOLATE,1,2011-11-30 11:18:00,8.29,,United Kingdom,8.29,Sale
545979,22384,LUNCH BAG PINK POLKADOT,2,2011-03-08 12:30:00,1.65,12748.0,United Kingdom,3.3,Sale
564358,21624,VINTAGE UNION JACK DOORSTOP,1,2011-08-24 16:00:00,5.95,17869.0,United Kingdom,5.95,Sale
542266,21985,PACK OF 12 HEARTS DESIGN TISSUES ,12,2011-01-26 17:37:00,0.29,16918.0,United Kingdom,3.4799999999999995,Sale
550292,21217,RED RETROSPOT ROUND CAKE TINS,1,2011-04-15 15:31:00,9.95,14527.0,United Kingdom,9.95,Sale
550015,20971,PINK BLUE FELT CRAFT TRINKET BOX,12,2011-04-14 10:54:00,1.25,17735.0,United Kingdom,15.0,Sale
564359,23205,CHARLOTTE BAG VINTAGE ALPHABET ,2,2011-08-24 16:02:00,0.85,14056.0,United Kingdom,1.7,Sale
577772,23504,PLAYING CARDS JUBILEE UNION JACK,24,2011-11-21 15:53:00,1.25,18139.0,United Kingdom,30.0,Sale
565617,72817,SET OF 2 CHRISTMAS DECOUPAGE CANDLE,1,2011-09-05 15:30:00,1.63,,United Kingdom,1.63,Sale
541219,22851,SET 20 NAPKINS FAIRY CAKES DESIGN ,1,2011-01-14 14:06:00,1.63,,United Kingdom,1.63,Sale
578022,21329,DINOSAURS  WRITING SET ,1,2011-11-22 13:25:00,1.65,17371.0,United Kingdom,1.65,Sale
549711,21888,BINGO SET,4,2011-04-11 14:07:00,3.75,13654.0,United Kingdom,15.0,Sale
544681,84598,BOYS ALPHABET IRON ON PATCHES,4,2011-02-22 16:28:00,0.42,,United Kingdom,1.68,Sale
562024,22659,LUNCH BOX I LOVE LONDON,2,2011-08-01 16:07:00,4.13,,United Kingdom,8.26,Sale
574332,84997D,CHILDRENS CUTLERY POLKADOT PINK,72,2011-11-04 09:24:00,3.75,12664.0,Finland,270.0,Sale
559420,82552,WASHROOM METAL SIGN,12,2011-07-08 11:52:00,1.45,17663.0,United Kingdom,17.4,Sale
569246,22096,PINK PAISLEY SQUARE TISSUE BOX ,2,2011-10-03 09:57:00,2.46,14096.0,United Kingdom,4.92,Sale
564754,23295,SET OF 12 MINI LOAF BAKING CASES,1,2011-08-30 10:29:00,2.46,,United Kingdom,2.46,Sale
547400,21100,CHARLIE AND LOLA CHARLOTTE BAG,1,2011-03-22 16:56:00,4.13,,United Kingdom,4.13,Sale
571797,20828,GLITTER BUTTERFLY CLIPS,2,2011-10-19 11:41:00,4.96,,United Kingdom,9.92,Sale
539455,21787,RAIN PONCHO RETROSPOT,3,2010-12-17 17:17:00,0.85,12748.0,United Kingdom,2.55,Sale
571931,23113,PANTRY CHOPPING BOARD,2,2011-10-19 16:59:00,10.79,,United Kingdom,21.58,Sale
558552,22386,JUMBO BAG PINK POLKADOT,100,2011-06-30 12:42:00,1.75,13694.0,United Kingdom,175.0,Sale
547250,22628,PICNIC BOXES SET OF 3 RETROSPOT ,1,2011-03-22 09:30:00,9.96,,United Kingdom,9.96,Sale
560996,23067,HANGING ENGRAVED METAL HEART,4,2011-07-22 13:53:00,4.15,17625.0,United Kingdom,16.6,Sale
544644,22349,DOG BOWL CHASING BALL DESIGN,6,2011-02-22 11:46:00,3.75,17002.0,United Kingdom,22.5,Sale
571061,84032B,CHARLIE + LOLA RED HOT WATER BOTTLE,1,2011-10-13 14:33:00,3.29,,United Kingdom,3.29,Sale
540026,47591B,SCOTTIES CHILDRENS APRON,5,2011-01-04 13:25:00,1.66,,United Kingdom,8.299999999999999,Sale
580367,85049E,SCANDINAVIAN REDS RIBBONS,2,2011-12-02 16:39:00,2.46,,United Kingdom,4.92,Sale
562099,79321,CHILLI LIGHTS,4,2011-08-02 13:46:00,5.75,14688.0,United Kingdom,23.0,Sale
568311,23129,HEART SHAPED HOLLY WREATH,3,2011-09-26 12:53:00,4.15,17287.0,United Kingdom,12.45,Sale
574093,23076,ICE CREAM SUNDAE LIP GLOSS,24,2011-11-03 09:43:00,1.25,12437.0,France,30.0,Sale
562893,23245,SET OF 3 REGENCY CAKE TINS,4,2011-08-10 12:25:00,4.95,17442.0,United Kingdom,19.8,Sale
577165,23265,SET OF 3 WOODEN TREE DECORATIONS,12,2011-11-18 10:27:00,1.25,13171.0,United Kingdom,15.0,Sale
560590,23237,SET OF 4 KNICK KNACK TINS LEAF,6,2011-07-19 15:55:00,4.15,12560.0,Germany,24.9,Sale
552660,82600,NO SINGING METAL SIGN,1,2011-05-10 15:03:00,4.13,,United Kingdom,4.13,Sale
568428,23152,IVORY SWEETHEART WIRE LETTER RACK ,2,2011-09-27 11:27:00,3.75,14419.0,United Kingdom,7.5,Sale
576857,21990,MODERN FLORAL STATIONERY SET,1,2011-11-16 15:52:00,1.25,12748.0,United Kingdom,1.25,Sale
564173,23326,HANGING MINI COLOURED BOTTLES,48,2011-08-23 14:23:00,0.63,12567.0,France,30.24,Sale
562717,22124,SET OF 2 TEA TOWELS PING MICROWAVE,1,2011-08-08 15:42:00,2.46,,United Kingdom,2.46,Sale
581498,84832,ZINC WILLIE WINKIE  CANDLE STICK,26,2011-12-09 10:26:00,1.63,,United Kingdom,42.38,Sale
569846,23243,SET OF TEA COFFEE SUGAR TINS PANTRY,4,2011-10-06 13:42:00,4.95,13422.0,United Kingdom,19.8,Sale
544165,85123A,WHITE HANGING HEART T-LIGHT HOLDER,6,2011-02-16 13:11:00,2.95,14210.0,United Kingdom,17.700000000000003,Sale
554103,22983,CARD BILLBOARD FONT,12,2011-05-22 13:51:00,0.42,15555.0,United Kingdom,5.04,Sale
568411,82600,NO SINGING METAL SIGN,2,2011-09-27 10:52:00,4.13,,United Kingdom,8.26,Sale
548388,85175,CACTI T-LIGHT CANDLES,32,2011-03-30 16:52:00,0.42,13268.0,United Kingdom,13.44,Sale
542718,21630,FLOOR CUSHION ELEPHANT CARNIVAL,2,2011-01-31 14:13:00,8.95,15602.0,United Kingdom,17.9,Sale
554098,23172,REGENCY TEA PLATE PINK,2,2011-05-22 13:01:00,1.65,14769.0,United Kingdom,3.3,Sale
569545,21902,"KEY FOB , FRONT  DOOR ",1,2011-10-04 16:37:00,1.63,,United Kingdom,1.63,Sale
548993,84843,WHITE SOAP RACK WITH 2 BOTTLES,18,2011-04-05 13:56:00,4.65,12753.0,Japan,83.7,Sale
540268,85152,HAND OVER THE CHOCOLATE   SIGN ,12,2011-01-06 11:25:00,2.1,13458.0,United Kingdom,25.200000000000003,Sale
581419,21495,SKULLS AND CROSSBONES WRAP,25,2011-12-08 15:03:00,0.42,15484.0,United Kingdom,10.5,Sale
539958,22459,CAST IRON HOOK GARDEN TROWEL,1,2010-12-23 13:26:00,5.06,,United Kingdom,5.06,Sale
559338,22682,FRENCH BLUE METAL DOOR SIGN 7,1,2011-07-07 16:30:00,2.46,,United Kingdom,2.46,Sale
574550,21001,ROSE DU SUD WASHBAG ,4,2011-11-04 15:18:00,5.95,12484.0,Spain,23.8,Sale
575176,21240,BLUE POLKADOT CUP,1,2011-11-08 18:29:00,1.63,,United Kingdom,1.63,Sale
552520,21043,APRON MODERN VINTAGE COTTON,1,2011-05-09 16:34:00,4.13,,United Kingdom,4.13,Sale
558104,21257,VICTORIAN SEWING BOX MEDIUM,1,2011-06-26 14:28:00,7.95,13668.0,United Kingdom,7.95,Sale
537850,21679,SKULLS  STICKERS,12,2010-12-08 15:38:00,0.85,16722.0,United Kingdom,10.2,Sale
576093,21158,MOODY GIRL DOOR HANGER ,24,2011-11-14 09:05:00,0.39,17744.0,United Kingdom,9.36,Sale
568567,22474,SPACEBOY TV DINNER TRAY,1,2011-09-27 18:41:00,10.79,,United Kingdom,10.79,Sale
547485,20974,12 PENCILS SMALL TUBE SKULL,6,2011-03-23 11:16:00,0.65,17019.0,United Kingdom,3.9,Sale
546486,22315,200 RED + WHITE BENDY STRAWS,1,2011-03-14 11:41:00,1.25,15039.0,United Kingdom,1.25,Sale
559693,23032,DRAWER KNOB CRACKLE GLAZE IVORY,1,2011-07-11 16:21:00,3.29,,United Kingdom,3.29,Sale
545304,22978,PANTRY ROLLING PIN,6,2011-03-01 12:51:00,3.75,16212.0,United Kingdom,22.5,Sale
545056,82578,KITCHEN METAL SIGN,25,2011-02-27 12:48:00,0.55,16745.0,United Kingdom,13.750000000000002,Sale
563909,84509A,SET OF 4 ENGLISH ROSE PLACEMATS,2,2011-08-21 12:36:00,3.75,15701.0,United Kingdom,7.5,Sale
549559,POST,POSTAGE,3,2011-04-10 13:25:00,15.0,12447.0,Belgium,45.0,Sale
570492,21259,VICTORIAN SEWING BOX SMALL ,2,2011-10-11 08:23:00,5.95,14194.0,United Kingdom,11.9,Sale
556491,20723,STRAWBERRY CHARLOTTE BAG,5,2011-06-12 14:15:00,0.85,16794.0,United Kingdom,4.25,Sale
575875,23240,SET OF 4 KNICK KNACK TINS DOILY ,1,2011-11-11 13:06:00,8.29,,United Kingdom,8.29,Sale
558876,22467,GUMBALL COAT RACK,3,2011-07-04 13:36:00,2.55,17841.0,United Kingdom,7.649999999999999,Sale
544473,22425,ENAMEL COLANDER CREAM,3,2011-02-21 09:45:00,4.95,14229.0,United Kingdom,14.85,Sale
554293,21033,JUMBO BAG CHARLIE AND LOLA TOYS,1,2011-05-23 14:19:00,4.13,,United Kingdom,4.13,Sale
567666,POST,POSTAGE,4,2011-09-21 15:23:00,18.0,12520.0,Germany,72.0,Sale
580367,23625,SET 6 CARDS SPARKLY REINDEER 17262,1,2011-12-02 16:39:00,4.99,,United Kingdom,4.99,Sale
580367,21025,SPACE FROG,2,2011-12-02 16:39:00,2.46,,United Kingdom,4.92,Sale
555523,22328,ROUND SNACK BOXES SET OF 4 FRUITS ,24,2011-06-05 11:36:00,2.95,12468.0,Germany,70.80000000000001,Sale
580712,21485,RETROSPOT HEART HOT WATER BOTTLE,3,2011-12-05 16:37:00,4.95,13021.0,United Kingdom,14.85,Sale
552332,22302,COFFEE MUG PEARS  DESIGN,6,2011-05-09 10:24:00,2.55,13908.0,United Kingdom,15.3,Sale
577358,21356,TOAST ITS - FAIRY FLOWER,9,2011-11-18 15:59:00,0.83,,United Kingdom,7.47,Sale
555531,POST,POSTAGE,11,2011-06-05 11:53:00,18.0,12678.0,France,198.0,Sale
562784,23209,LUNCH BAG VINTAGE DOILY ,1,2011-08-09 13:22:00,1.65,16791.0,United Kingdom,1.65,Sale
576087,20719,WOODLAND CHARLOTTE BAG,10,2011-11-14 08:31:00,0.85,12689.0,France,8.5,Sale
562043,15036,ASSORTED COLOURS SILK FAN,12,2011-08-02 10:19:00,0.83,15342.0,United Kingdom,9.96,Sale
558196,21876,POTTERING MUG,6,2011-06-27 12:38:00,1.25,16033.0,United Kingdom,7.5,Sale
540014,22423,REGENCY CAKESTAND 3 TIER,1,2011-01-04 11:34:00,12.75,14606.0,United Kingdom,12.75,Sale
563374,47599A,PINK PARTY BAGS,6,2011-08-16 10:03:00,2.1,13953.0,United Kingdom,12.6,Sale
551774,37448,CERAMIC CAKE DESIGN SPOTTED MUG,1,2011-05-04 11:12:00,1.49,14606.0,United Kingdom,1.49,Sale
543355,22829,SWEETHEART WIRE WALL TIDY,1,2011-02-07 13:50:00,9.95,16033.0,United Kingdom,9.95,Sale
543907,22195,LARGE HEART MEASURING SPOONS,1,2011-02-14 12:16:00,1.65,17346.0,United Kingdom,1.65,Sale
581219,22516,CHILDS GARDEN RAKE BLUE,1,2011-12-08 09:28:00,4.13,,United Kingdom,4.13,Sale
566010,22732,3D VINTAGE CHRISTMAS STICKERS ,18,2011-09-08 12:05:00,1.25,13700.0,United Kingdom,22.5,Sale
577152,21212,PACK OF 72 RETROSPOT CAKE CASES,24,2011-11-18 09:53:00,0.55,14277.0,France,13.2,Sale
575647,22554,PLASTERS IN TIN WOODLAND ANIMALS,6,2011-11-10 14:16:00,1.65,16440.0,United Kingdom,9.9,Sale
575186,22424,ENAMEL BREAD BIN CREAM,2,2011-11-09 09:01:00,12.75,17611.0,United Kingdom,25.5,Sale
565684,23032,DRAWER KNOB CRACKLE GLAZE IVORY,6,2011-09-06 10:46:00,1.65,16455.0,United Kingdom,9.9,Sale
569827,23343,JUMBO BAG VINTAGE CHRISTMAS ,10,2011-10-06 12:26:00,2.08,13591.0,United Kingdom,20.8,Sale
546888,22228,BUNNY WOODEN PAINTED WITH BIRD ,1,2011-03-17 18:15:00,1.63,,United Kingdom,1.63,Sale
572563,21929,JUMBO BAG PINK VINTAGE PAISLEY,10,2011-10-25 09:31:00,2.08,12928.0,United Kingdom,20.8,Sale
566557,22086,PAPER CHAIN KIT 50'S CHRISTMAS ,120,2011-09-13 11:47:00,2.55,14646.0,Netherlands,306.0,Sale
564201,84879,ASSORTED COLOUR BIRD ORNAMENT,40,2011-08-24 08:09:00,1.69,12540.0,Spain,67.6,Sale
563709,23100,SILVER BELLS TABLE DECORATION,3,2011-08-18 15:17:00,1.25,15472.0,United Kingdom,3.75,Sale
539453,90177B,DROP DIAMANTE EARRINGS BLACK DIAMON,1,2010-12-17 17:08:00,2.96,,United Kingdom,2.96,Sale
553718,21025,SPACE FROG,1,2011-05-18 16:14:00,2.46,,United Kingdom,2.46,Sale
574944,21811,HANGING HEART WITH BELL,48,2011-11-08 08:16:00,0.39,13710.0,United Kingdom,18.72,Sale
544485,22933,BAKING MOULD EASTER EGG MILK CHOC,2,2011-02-21 11:35:00,2.95,17757.0,United Kingdom,5.9,Sale
547962,21523,DOORMAT FANCY FONT HOME SWEET HOME,2,2011-03-28 15:38:00,7.95,12957.0,United Kingdom,15.9,Sale
569228,22617,BAKING SET SPACEBOY DESIGN,3,2011-10-02 14:47:00,4.95,15547.0,United Kingdom,14.85,Sale
540026,90161C,ANT COPPER LIME BOUDICCA BRACELET,1,2011-01-04 13:25:00,5.09,,United Kingdom,5.09,Sale
564342,21975,PACK OF 60 DINOSAUR CAKE CASES,2,2011-08-24 14:53:00,0.55,16340.0,United Kingdom,1.1,Sale
575867,22326,ROUND SNACK BOXES SET OF4 WOODLAND ,2,2011-11-11 12:44:00,2.95,15034.0,United Kingdom,5.9,Sale
547079,22477,WATERING CAN GARDEN MARKER,2,2011-03-20 15:02:00,1.25,15408.0,United Kingdom,2.5,Sale
579508,22687,DOORMAT CHRISTMAS VILLAGE,1,2011-11-29 16:33:00,16.63,,United Kingdom,16.63,Sale
573371,23328,SET 6 SCHOOL MILK BOTTLES IN CRATE,24,2011-10-30 13:34:00,3.39,13113.0,United Kingdom,81.36,Sale
568519,23340,VINTAGE CHRISTMAS CAKE FRILL,12,2011-09-27 12:57:00,1.65,16607.0,United Kingdom,19.8,Sale
575610,22759,SET OF 3 NOTEBOOKS IN PARCEL,12,2011-11-10 12:45:00,1.65,16628.0,United Kingdom,19.8,Sale
572549,22817,CARD SUKI BIRTHDAY,5,2011-10-24 17:03:00,0.42,,United Kingdom,2.1,Sale
546105,23194,GYMKHANA TREASURE BOOK BOX,6,2011-03-09 12:21:00,2.25,14662.0,United Kingdom,13.5,Sale
568049,23183,MOTHER'S KITCHEN SPOON REST ,1,2011-09-23 12:38:00,3.75,17841.0,United Kingdom,3.75,Sale
556541,22055,MINI CAKE STAND  HANGING STRAWBERY,16,2011-06-13 12:52:00,1.65,13552.0,United Kingdom,26.4,Sale
555722,84595E,LARGE TORTILLA DESIGN RED BOWL,1,2011-06-06 16:06:00,3.29,,United Kingdom,3.29,Sale
578833,21430,SET/3 RED GINGHAM ROSE STORAGE BOX,2,2011-11-25 15:23:00,7.46,,United Kingdom,14.92,Sale
554669,22037,ROBOT BIRTHDAY CARD,12,2011-05-25 15:31:00,0.42,15203.0,United Kingdom,5.04,Sale
542621,22423,REGENCY CAKESTAND 3 TIER,1,2011-01-31 09:05:00,12.75,12528.0,Germany,12.75,Sale
538366,22169,FAMILY ALBUM WHITE PICTURE FRAME,15,2010-12-12 10:47:00,7.65,18109.0,United Kingdom,114.75,Sale
569412,23271,CHRISTMAS TABLE SILVER CANDLE SPIKE,16,2011-10-04 09:51:00,0.83,13650.0,United Kingdom,13.28,Sale
544790,21986,PACK OF 12 PINK POLKADOT TISSUES,12,2011-02-23 12:27:00,0.29,16940.0,United Kingdom,3.4799999999999995,Sale
568949,22065,CHRISTMAS PUDDING TRINKET POT ,1,2011-09-29 15:13:00,1.63,,United Kingdom,1.63,Sale
540702,22505,MEMO BOARD COTTAGE DESIGN,4,2011-01-11 09:58:00,4.95,13491.0,United Kingdom,19.8,Sale
562560,22964,3 PIECE SPACEBOY COOKIE CUTTER SET,2,2011-08-05 17:12:00,2.1,14156.0,EIRE,4.2,Sale
539588,22835,HOT WATER BOTTLE I AM SO POORLY,2,2010-12-20 13:11:00,4.65,14527.0,United Kingdom,9.3,Sale
537381,84029E,RED WOOLLY HOTTIE WHITE HEART.,6,2010-12-06 13:13:00,3.75,14667.0,United Kingdom,22.5,Sale
539665,21011,GLITTER SNOW PEAR TREE DECORATION,2,2010-12-21 10:35:00,1.45,,United Kingdom,2.9,Sale
543629,22023,EMPIRE BIRTHDAY CARD,1,2011-02-10 15:55:00,0.83,,United Kingdom,0.83,Sale
537823,37447,CERAMIC CAKE DESIGN SPOTTED PLATE,7,2010-12-08 14:25:00,3.36,,United Kingdom,23.52,Sale
559155,22398,MAGNETS PACK OF 4 SWALLOWS,12,2011-07-06 15:49:00,0.39,13418.0,United Kingdom,4.68,Sale
576219,22646,CERAMIC STRAWBERRY CAKE MONEY BANK,144,2011-11-14 12:58:00,1.25,15838.0,United Kingdom,180.0,Sale
576078,23380,PACK OF 12 VINTAGE DOILY TISSUES,12,2011-11-13 16:22:00,0.39,14432.0,United Kingdom,4.68,Sale
572964,23273,HEART T-LIGHT HOLDER WILLIE WINKIE,12,2011-10-27 10:41:00,1.65,12630.0,Finland,19.8,Sale
545460,22385,JUMBO BAG SPACEBOY DESIGN,3,2011-03-02 17:33:00,1.95,13230.0,United Kingdom,5.85,Sale
538529,22941,CHRISTMAS LIGHTS 10 REINDEER,24,2010-12-13 10:24:00,7.65,14290.0,United Kingdom,183.6,Sale
574076,22698,PINK REGENCY TEACUP AND SAUCER,2,2011-11-02 15:38:00,5.79,,United Kingdom,11.58,Sale
538094,22763,KEY CABINET MA CAMPAGNE,2,2010-12-09 14:50:00,9.95,13117.0,United Kingdom,19.9,Sale
578093,21430,SET/3 RED GINGHAM ROSE STORAGE BOX,4,2011-11-22 17:21:00,3.75,14911.0,EIRE,15.0,Sale
565801,23236,STORAGE TIN VINTAGE DOILY ,6,2011-09-07 10:28:00,2.89,12685.0,France,17.34,Sale
581352,22723,SET OF 6 HERB TINS SKETCHBOOK,5,2011-12-08 12:26:00,1.25,14698.0,United Kingdom,6.25,Sale
553577,21212,PACK OF 72 RETROSPOT CAKE CASES,24,2011-05-18 10:34:00,0.55,12437.0,France,13.2,Sale
557662,22778,GLASS CLOCHE SMALL,1,2011-06-21 17:51:00,3.95,13630.0,United Kingdom,3.95,Sale
547087,POST,POSTAGE,1,2011-03-20 15:58:00,18.0,12726.0,France,18.0,Sale
568204,23076,ICE CREAM SUNDAE LIP GLOSS,24,2011-09-25 15:25:00,1.25,13670.0,United Kingdom,30.0,Sale
562715,22465,HANGING METAL STAR LANTERN,2,2011-08-08 15:34:00,3.29,,United Kingdom,6.58,Sale
578270,23216,LAUREL HEART ANTIQUE GOLD,1,2011-11-23 13:39:00,2.46,14096.0,United Kingdom,2.46,Sale
538566,22643,SET OF 4 NAPKIN CHARMS LEAVES   ,1,2010-12-13 11:21:00,5.06,,United Kingdom,5.06,Sale
563638,22139,RETROSPOT TEA SET CERAMIC 11 PC ,2,2011-08-18 10:36:00,4.95,15311.0,United Kingdom,9.9,Sale
569545,15036,ASSORTED COLOURS SILK FAN,1,2011-10-04 16:37:00,1.63,,United Kingdom,1.63,Sale
560368,23147,SINGLE ANTIQUE ROSE HOOK IVORY,1,2011-07-18 12:25:00,1.45,17841.0,United Kingdom,1.45,Sale
569005,22960,JAM MAKING SET WITH JARS,6,2011-09-29 18:30:00,4.25,16268.0,United Kingdom,25.5,Sale
550899,21843,RED RETROSPOT CAKE STAND,3,2011-04-21 12:07:00,10.95,13505.0,Switzerland,32.849999999999994,Sale
568938,23250,VINTAGE RED TRIM ENAMEL BOWL ,4,2011-09-29 14:46:00,1.25,17220.0,United Kingdom,5.0,Sale
579980,82482,WOODEN PICTURE FRAME WHITE FINISH,3,2011-12-01 11:16:00,2.95,13263.0,United Kingdom,8.850000000000001,Sale
539453,22759,SET OF 3 NOTEBOOKS IN PARCEL,1,2010-12-17 17:08:00,3.36,,United Kingdom,3.36,Sale
537823,22595,CHRISTMAS GINGHAM HEART,1,2010-12-08 14:25:00,1.66,,United Kingdom,1.66,Sale
581478,22749,FELTCRAFT PRINCESS CHARLOTTE DOLL,4,2011-12-09 08:59:00,3.75,17364.0,United Kingdom,15.0,Sale
541244,22647,CERAMIC LOVE HEART MONEY BANK,4,2011-01-16 12:35:00,1.45,15535.0,United Kingdom,5.8,Sale
574701,23012,GLASS APOTHECARY BOTTLE PERFUME,2,2011-11-06 13:54:00,3.95,15426.0,United Kingdom,7.9,Sale
541816,22744,MAKE YOUR OWN MONSOON CARD KIT,3,2011-01-21 15:56:00,2.95,17799.0,United Kingdom,8.850000000000001,Sale
568040,22197,POPCORN HOLDER,12,2011-09-23 12:09:00,0.85,12681.0,France,10.2,Sale
538884,84032A,CHARLIE+LOLA PINK HOT WATER BOTTLE,3,2010-12-14 15:56:00,5.91,,United Kingdom,17.73,Sale
557324,22616,PACK OF 12 LONDON TISSUES ,1,2011-06-20 09:41:00,0.83,,United Kingdom,0.83,Sale
555537,21411,GINGHAM HEART  DOORSTOP RED,1,2011-06-05 12:37:00,4.25,15453.0,United Kingdom,4.25,Sale
564734,22992,REVOLVER WOODEN RULER ,6,2011-08-28 13:32:00,1.95,12484.0,Spain,11.7,Sale
563917,21992,VINTAGE PAISLEY STATIONERY SET,2,2011-08-21 13:46:00,1.25,14572.0,United Kingdom,2.5,Sale
571433,23382,BOX OF 6 CHRISTMAS CAKE DECORATIONS,8,2011-10-17 13:19:00,3.75,13015.0,United Kingdom,30.0,Sale
576623,21843,RED RETROSPOT CAKE STAND,132,2011-11-15 17:12:00,4.0,12748.0,United Kingdom,528.0,Sale
557278,21519,GIN & TONIC DIET GREETING CARD ,12,2011-06-19 12:08:00,0.42,13089.0,United Kingdom,5.04,Sale
537441,22766,PHOTO FRAME CORNICE,4,2010-12-06 17:26:00,2.95,13564.0,United Kingdom,11.8,Sale
543306,21156,RETROSPOT CHILDRENS APRON,1,2011-02-07 11:56:00,1.95,16686.0,United Kingdom,1.95,Sale
543804,22078,RIBBON REEL LACE DESIGN ,5,2011-02-13 12:17:00,2.1,16434.0,United Kingdom,10.5,Sale
577495,23252,VINTAGE RED ENAMEL TRIM JUG ,1,2011-11-20 12:20:00,3.75,14704.0,United Kingdom,3.75,Sale
539958,90200B,BLACK SWEETHEART BRACELET,1,2010-12-23 13:26:00,4.24,,United Kingdom,4.24,Sale
550315,21703,BAG 125g SWIRLY MARBLES,24,2011-04-17 11:44:00,0.42,17990.0,United Kingdom,10.08,Sale
541969,85132C,CHARLIE AND LOLA FIGURES TINS,1,2011-01-24 13:46:00,8.29,,United Kingdom,8.29,Sale
569089,22621,TRADITIONAL KNITTING NANCY,6,2011-09-30 12:03:00,1.65,13764.0,United Kingdom,9.9,Sale
548919,22980,PANTRY SCRUBBING BRUSH,12,2011-04-05 10:18:00,1.65,13013.0,United Kingdom,19.8,Sale
566520,22617,BAKING SET SPACEBOY DESIGN,1,2011-09-13 11:26:00,4.95,17757.0,United Kingdom,4.95,Sale
580501,22167, OVAL WALL MIRROR DIAMANTE ,1,2011-12-04 13:00:00,9.95,14546.0,United Kingdom,9.95,Sale
565397,84596F,SMALL MARSHMALLOWS PINK BOWL,8,2011-09-02 16:43:00,0.42,14171.0,United Kingdom,3.36,Sale
556636,90085,CRYSTAL STILETTO PHONE CHARM,2,2011-06-13 15:30:00,1.63,,United Kingdom,3.26,Sale
553916,21245,GREEN POLKADOT PLATE ,8,2011-05-20 08:18:00,1.69,17166.0,United Kingdom,13.52,Sale
555107,20712,JUMBO BAG WOODLAND ANIMALS,10,2011-05-31 14:14:00,2.08,12594.0,Italy,20.8,Sale
546100,85123A,WHITE HANGING HEART T-LIGHT HOLDER,6,2011-03-09 12:04:00,2.95,16572.0,United Kingdom,17.700000000000003,Sale
544089,22630,DOLLY GIRL LUNCH BOX,2,2011-02-15 17:51:00,1.95,,United Kingdom,3.9,Sale
538347,22689,DOORMAT MERRY CHRISTMAS RED ,1,2010-12-10 14:54:00,7.95,17220.0,United Kingdom,7.95,Sale
575336,21591,COSY HOUR CIGAR BOX MATCHES ,4,2011-11-09 13:58:00,1.25,14968.0,United Kingdom,5.0,Sale
581096,21914,BLUE HARMONICA IN BOX ,12,2011-12-07 11:36:00,1.25,17412.0,United Kingdom,15.0,Sale
540544,47599B,BLUE PARTY BAGS ,6,2011-01-09 15:32:00,2.1,18032.0,United Kingdom,12.6,Sale
559746,23108,SET OF 10 LED DOLLY LIGHTS,2,2011-07-12 11:16:00,6.25,16515.0,United Kingdom,12.5,Sale
570720,23245,SET OF 3 REGENCY CAKE TINS,4,2011-10-12 10:50:00,4.95,17934.0,United Kingdom,19.8,Sale
560250,20974,12 PENCILS SMALL TUBE SKULL,10,2011-07-17 12:31:00,0.65,14659.0,United Kingdom,6.5,Sale
564189,82482,WOODEN PICTURE FRAME WHITE FINISH,6,2011-08-23 15:34:00,2.55,14769.0,United Kingdom,15.3,Sale
577252,22633,HAND WARMER UNION JACK,1,2011-11-18 12:22:00,2.1,18034.0,United Kingdom,2.1,Sale
546414,21531,RED RETROSPOT SUGAR JAM BOWL,1,2011-03-13 10:25:00,2.55,16768.0,United Kingdom,2.55,Sale
549911,22716,CARD CIRCUS PARADE,24,2011-04-13 08:26:00,0.42,14060.0,United Kingdom,10.08,Sale
567670,21871,SAVE THE PLANET MUG,1,2011-09-21 15:32:00,3.29,,United Kingdom,3.29,Sale
550208,22456,NATURAL SLATE CHALKBOARD LARGE ,3,2011-04-15 10:39:00,9.96,,United Kingdom,29.880000000000003,Sale
546753,21828,EIGHT PIECE SNAKE  SET,6,2011-03-16 13:00:00,1.25,16383.0,United Kingdom,7.5,Sale
543108,84879,ASSORTED COLOUR BIRD ORNAMENT,8,2011-02-03 12:37:00,1.69,14085.0,United Kingdom,13.52,Sale
564734,47591D,PINK FAIRY CAKE CHILDRENS APRON,4,2011-08-28 13:32:00,1.95,12484.0,Spain,7.8,Sale
539446,22892,SET OF SALT AND PEPPER TOADSTOOLS,12,2010-12-17 15:58:00,1.25,12705.0,Germany,15.0,Sale
562046,20725,LUNCH BAG RED RETROSPOT,20,2011-08-02 10:34:00,1.65,12378.0,Switzerland,33.0,Sale
538252,22627,MINT KITCHEN SCALES,2,2010-12-10 12:29:00,8.5,16019.0,United Kingdom,17.0,Sale
570721,23484,HEART TRELLIS TRIPLE T-LIGHT HOLDER,8,2011-10-12 10:51:00,2.89,13842.0,United Kingdom,23.12,Sale
575366,22114,HOT WATER BOTTLE TEA AND SYMPATHY,4,2011-11-09 15:02:00,4.25,14621.0,United Kingdom,17.0,Sale
554055,22178,VICTORIAN GLASS HANGING T-LIGHT,96,2011-05-20 15:39:00,1.06,18198.0,United Kingdom,101.76,Sale
557311,23288,GREEN VINTAGE SPOT BEAKER,6,2011-06-19 15:36:00,0.85,15700.0,United Kingdom,5.1,Sale
539982,22723,SET OF 6 HERB TINS SKETCHBOOK,1,2010-12-23 14:40:00,3.95,15311.0,United Kingdom,3.95,Sale
553863,21179,NO JUNK MAIL METAL SIGN,6,2011-05-19 14:05:00,1.25,13418.0,United Kingdom,7.5,Sale
552255,35810A,ENAMEL PINK COFFEE CONTAINER,12,2011-05-08 10:33:00,0.83,14005.0,United Kingdom,9.96,Sale
575176,23424,GINGHAM RECIPE BOOK BOX,1,2011-11-08 18:29:00,10.79,,United Kingdom,10.79,Sale
577751,23148,MINIATURE ANTIQUE ROSE HOOK IVORY,2,2011-11-21 14:34:00,0.83,12904.0,United Kingdom,1.66,Sale
539743,22135,MINI LADLE LOVE HEART PINK,1,2010-12-21 15:20:00,0.85,,United Kingdom,0.85,Sale
559316,POST,POSTAGE,1,2011-07-07 13:54:00,18.0,12647.0,Germany,18.0,Sale
562789,20723,STRAWBERRY CHARLOTTE BAG,100,2011-08-09 13:50:00,0.72,14646.0,Netherlands,72.0,Sale
558996,21791,VINTAGE HEADS AND TAILS CARD GAME ,12,2011-07-05 12:11:00,1.25,13085.0,United Kingdom,15.0,Sale
567477,23168,CLASSIC CAFE SUGAR DISPENSER,8,2011-09-20 13:20:00,1.25,16327.0,United Kingdom,10.0,Sale
573277,21619,4 VANILLA BOTANICAL CANDLES,1,2011-10-28 13:18:00,1.25,14606.0,United Kingdom,1.25,Sale
564857,20665,RED RETROSPOT PURSE ,1,2011-08-31 09:23:00,5.79,,United Kingdom,5.79,Sale
565431,21694,SMALL REGAL  SILVER CANDLEPOT ,1,2011-09-04 13:15:00,2.95,14965.0,United Kingdom,2.95,Sale
538177,85132A,CHARLIE + LOLA BISCUITS TINS,1,2010-12-10 09:51:00,8.47,,United Kingdom,8.47,Sale
578551,21986,PACK OF 12 PINK POLKADOT TISSUES,12,2011-11-24 15:05:00,0.39,12937.0,United Kingdom,4.68,Sale
553389,22501,PICNIC BASKET WICKER LARGE,2,2011-05-16 16:37:00,20.79,,United Kingdom,41.58,Sale
566914,23256,CHILDRENS CUTLERY SPACEBOY ,2,2011-09-15 14:08:00,4.15,15466.0,United Kingdom,8.3,Sale
554104,23108,SET OF 10 LED DOLLY LIGHTS,4,2011-05-22 14:03:00,6.25,12705.0,Germany,25.0,Sale
559816,21226,POCKET MIRROR WOODLAND,2,2011-07-12 16:11:00,0.83,,United Kingdom,1.66,Sale
553167,23298,SPOTTY BUNTING,1,2011-05-13 16:19:00,10.79,,United Kingdom,10.79,Sale
536401,82580,BATHROOM METAL SIGN,1,2010-12-01 11:21:00,0.55,15862.0,United Kingdom,0.55,Sale
560381,22595,GINGHAM HEART DECORATION,12,2011-07-18 12:42:00,0.85,14733.0,United Kingdom,10.2,Sale
540514,22469,HEART OF WICKER SMALL,3,2011-01-09 11:43:00,1.65,15708.0,United Kingdom,4.949999999999999,Sale
549981,21891,TRADITIONAL WOODEN SKIPPING ROPE,2,2011-04-13 15:49:00,1.45,16348.0,United Kingdom,2.9,Sale
560300,21500,PINK POLKADOT WRAP ,25,2011-07-18 10:29:00,0.42,14911.0,EIRE,10.5,Sale
578075,84988,SET OF 72 PINK HEART PAPER DOILIES,6,2011-11-22 16:11:00,1.45,15039.0,United Kingdom,8.7,Sale
558068,22617,BAKING SET SPACEBOY DESIGN,1,2011-06-24 15:51:00,10.79,,United Kingdom,10.79,Sale
541279,85099C,JUMBO  BAG BAROQUE BLACK WHITE,10,2011-01-17 11:55:00,1.95,18223.0,United Kingdom,19.5,Sale
556776,21716,BOYS VINTAGE TIN SEASIDE BUCKET,2,2011-06-14 12:24:00,2.55,14730.0,United Kingdom,5.1,Sale
546007,DOT,DOTCOM POSTAGE,1,2011-03-08 15:34:00,146.1,,United Kingdom,146.1,Sale
575138,21218,RED SPOTTY BISCUIT TIN,5,2011-11-08 15:24:00,8.29,,United Kingdom,41.45,Sale
536876,21651,HANGING GLASS ETCHED TEALIGHT,2,2010-12-03 11:36:00,3.36,,United Kingdom,6.72,Sale
539958,85174,S/4 CACTI CANDLES,3,2010-12-23 13:26:00,4.21,,United Kingdom,12.63,Sale
536781,22865,HAND WARMER OWL DESIGN,24,2010-12-02 15:14:00,2.1,17460.0,United Kingdom,50.400000000000006,Sale
551173,37446,MINI CAKE STAND WITH HANGING CAKES,1,2011-04-26 16:54:00,3.29,,United Kingdom,3.29,Sale
578079,23084,RABBIT NIGHT LIGHT,12,2011-11-22 16:26:00,2.08,13985.0,United Kingdom,24.96,Sale
562444,23290,SPACEBOY CHILDRENS BOWL,4,2011-08-04 18:44:00,1.25,14713.0,United Kingdom,5.0,Sale
573274,35970,ZINC FOLKART SLEIGH BELLS,3,2011-10-28 13:10:00,4.13,,United Kingdom,12.39,Sale
567656,22928,YELLOW GIANT GARDEN THERMOMETER,1,2011-09-21 14:40:00,12.46,14096.0,United Kingdom,12.46,Sale
537237,90132,LIGHT TOPAZ TEAL/AQUA COL NECKLACE,1,2010-12-06 09:58:00,5.09,,United Kingdom,5.09,Sale
539074,22894,TABLECLOTH RED APPLES DESIGN ,1,2010-12-15 17:15:00,8.5,,United Kingdom,8.5,Sale
572127,84596F,SMALL MARSHMALLOWS PINK BOWL,16,2011-10-21 09:20:00,0.42,14911.0,EIRE,6.72,Sale
538888,21621,VINTAGE UNION JACK BUNTING,4,2010-12-14 16:23:00,8.5,17912.0,United Kingdom,34.0,Sale
571239,23256,CHILDRENS CUTLERY SPACEBOY ,4,2011-10-14 14:54:00,4.15,12744.0,Singapore,16.6,Sale
542994,22423,REGENCY CAKESTAND 3 TIER,16,2011-02-02 12:03:00,10.95,17230.0,United Kingdom,175.2,Sale
576771,23437, 50'S CHRISTMAS GIFT BAG LARGE,12,2011-11-16 13:19:00,1.25,13285.0,United Kingdom,15.0,Sale
567901,21811,HANGING HEART WITH BELL,4,2011-09-22 16:28:00,0.83,,United Kingdom,3.32,Sale
541871,22182,CAKE STAND VICTORIAN FILIGREE SMALL,2,2011-01-24 09:41:00,4.13,,United Kingdom,8.26,Sale
568134,35964,FOLKART CLIP ON STARS,1,2011-09-23 17:02:00,0.83,,United Kingdom,0.83,Sale
569638,22750,FELTCRAFT PRINCESS LOLA DOLL,4,2011-10-05 12:15:00,3.75,16140.0,United Kingdom,15.0,Sale
568908,22567,20 DOLLY PEGS RETROSPOT,12,2011-09-29 13:38:00,1.45,16653.0,United Kingdom,17.4,Sale
572037,23371,SET 36 COLOUR PENCILS SPACEBOY ,1,2011-10-20 12:07:00,1.25,17365.0,United Kingdom,1.25,Sale
536488,22960,JAM MAKING SET WITH JARS,8,2010-12-01 12:31:00,4.25,17897.0,United Kingdom,34.0,Sale
553702,21756,BATH BUILDING BLOCK WORD,1,2011-05-18 14:50:00,5.95,13263.0,United Kingdom,5.95,Sale
557064,82583,HOT BATHS METAL SIGN,7,2011-06-16 15:07:00,2.1,13263.0,United Kingdom,14.7,Sale
571104,20725,LUNCH BAG RED RETROSPOT,10,2011-10-13 15:58:00,1.65,18130.0,United Kingdom,16.5,Sale
541678,22082,RIBBON REEL STRIPES DESIGN ,5,2011-01-20 14:13:00,1.65,17771.0,United Kingdom,8.25,Sale
565303,22138,BAKING SET 9 PIECE RETROSPOT ,2,2011-09-02 12:17:00,4.95,,Unspecified,9.9,Sale
577699,21383,PACK OF 12 STICKY BUNNIES,24,2011-11-21 12:06:00,0.65,13971.0,United Kingdom,15.6,Sale
577554,22112,CHOCOLATE HOT WATER BOTTLE,2,2011-11-20 15:35:00,4.95,15533.0,United Kingdom,9.9,Sale
548612,21448,12 DAISY PEGS IN WOOD BOX,10,2011-04-01 11:34:00,1.65,13137.0,United Kingdom,16.5,Sale
560047,84870B,BLUE GEISHA GIRL ,2,2011-07-14 15:01:00,3.75,17259.0,United Kingdom,7.5,Sale
562517,85183B,CHARLIE & LOLA WASTEPAPER BIN FLORA,2,2011-08-05 12:27:00,1.25,15719.0,United Kingdom,2.5,Sale
537256,22633,HAND WARMER UNION JACK,96,2010-12-06 11:06:00,1.85,16210.0,United Kingdom,177.60000000000002,Sale
555284,20655,QUEEN OF SKIES LUGGAGE TAG,12,2011-06-02 09:37:00,1.06,14298.0,United Kingdom,12.72,Sale
542664,82580,BATHROOM METAL SIGN,1,2011-01-31 12:14:00,1.25,,United Kingdom,1.25,Sale
560537,23206,LUNCH BAG APPLE DESIGN,5,2011-07-19 12:19:00,1.65,17779.0,United Kingdom,8.25,Sale
548313,22499,WOODEN UNION JACK BUNTING,6,2011-03-30 12:15:00,5.95,15353.0,United Kingdom,35.7,Sale
546896,17012A,ORIGAMI VANILLA INCENSE/CANDLE SET ,1,2011-03-17 18:24:00,2.46,,United Kingdom,2.46,Sale
560535,82483,WOOD 2 DRAWER CABINET WHITE FINISH,2,2011-07-19 12:13:00,6.95,13167.0,United Kingdom,13.9,Sale
564201,23158,SET OF 5 LUCKY CAT MAGNETS ,24,2011-08-24 08:09:00,2.08,12540.0,Spain,49.92,Sale
557500,23084,RABBIT NIGHT LIGHT,8,2011-06-20 15:27:00,4.13,,United Kingdom,33.04,Sale
565595,22383,LUNCH BAG SUKI DESIGN ,10,2011-09-05 14:13:00,1.65,13192.0,United Kingdom,16.5,Sale
536602,21071,VINTAGE BILLBOARD DRINK ME MUG,6,2010-12-02 08:34:00,1.06,17850.0,United Kingdom,6.36,Sale
537781,22743,MAKE YOUR OWN FLOWERPOWER CARD KIT,1,2010-12-08 12:46:00,2.95,17341.0,United Kingdom,2.95,Sale
544569,21080,SET/20 RED RETROSPOT PAPER NAPKINS ,12,2011-02-21 12:58:00,0.85,16980.0,United Kingdom,10.2,Sale
538011,21899,"KEY FOB , GARAGE DESIGN",25,2010-12-09 12:24:00,0.65,14896.0,United Kingdom,16.25,Sale
562024,21914,BLUE HARMONICA IN BOX ,1,2011-08-01 16:07:00,2.46,,United Kingdom,2.46,Sale
577331,22586,FELTCRAFT HAIRBAND PINK AND BLUE,1,2011-11-18 14:23:00,0.85,14667.0,United Kingdom,0.85,Sale
579792,23210,WHITE ROCKING HORSE HAND PAINTED,24,2011-11-30 15:43:00,1.25,12714.0,France,30.0,Sale
564150,21535,RED RETROSPOT SMALL MILK JUG,6,2011-08-23 12:30:00,2.55,14936.0,Channel Islands,15.3,Sale
566557,22659,LUNCH BOX I LOVE LONDON,64,2011-09-13 11:47:00,1.65,14646.0,Netherlands,105.6,Sale
558777,22037,ROBOT BIRTHDAY CARD,1,2011-07-04 10:23:00,0.83,,United Kingdom,0.83,Sale
551137,22721,SET OF 3 CAKE TINS SKETCHBOOK,1,2011-04-26 13:05:00,4.95,15581.0,United Kingdom,4.95,Sale
569714,23388,WOODLAND MINI BACKPACK,1,2011-10-05 17:28:00,4.15,18033.0,United Kingdom,4.15,Sale
548011,22399,MAGNETS PACK OF 4 CHILDHOOD MEMORY,108,2011-03-29 11:14:00,1.06,14646.0,Netherlands,114.48,Sale
553149,21984,PACK OF 12 PINK PAISLEY TISSUES ,24,2011-05-13 14:16:00,0.29,14226.0,United Kingdom,6.959999999999999,Sale
557891,85123A,WHITE HANGING HEART T-LIGHT HOLDER,12,2011-06-23 14:05:00,2.95,17652.0,United Kingdom,35.400000000000006,Sale
562173,23130,MISTLETOE HEART WREATH GREEN,1,2011-08-03 12:12:00,4.15,14530.0,United Kingdom,4.15,Sale
552703,85053,FRENCH ENAMEL CANDLEHOLDER,2,2011-05-10 16:00:00,2.1,14462.0,United Kingdom,4.2,Sale
548990,23126,FELTCRAFT GIRL AMELIE KIT,4,2011-04-05 13:42:00,4.95,16170.0,United Kingdom,19.8,Sale
550503,22800,ANTIQUE TALL SWIRLGLASS TRINKET POT,4,2011-04-18 15:31:00,3.75,15508.0,United Kingdom,15.0,Sale
571441,22413,METAL SIGN TAKE IT OR LEAVE IT ,2,2011-10-17 13:31:00,5.79,14096.0,United Kingdom,11.58,Sale
546525,72130,COLUMBIAN CANDLE ROUND,36,2011-03-14 12:58:00,0.53,14733.0,United Kingdom,19.08,Sale
579470,22537,MAGIC DRAWING SLATE DINOSAUR,1,2011-11-29 15:06:00,0.42,16549.0,United Kingdom,0.42,Sale
559887,20914,SET/5 RED RETROSPOT LID GLASS BOWLS,2,2011-07-13 11:44:00,2.95,13263.0,United Kingdom,5.9,Sale
559542,22400,MAGNETS PACK OF 4 HOME SWEET HOME,3,2011-07-10 13:32:00,0.39,17126.0,United Kingdom,1.17,Sale
577768,23082,SET 6 PAPER TABLE LANTERN HEARTS ,1,2011-11-21 15:18:00,7.46,,United Kingdom,7.46,Sale
549917,22710,WRAP I LOVE LONDON ,25,2011-04-13 09:42:00,0.42,16607.0,United Kingdom,10.5,Sale
548185,21544,SKULLS  WATER TRANSFER TATTOOS ,12,2011-03-29 14:58:00,0.85,15628.0,United Kingdom,10.2,Sale
579002,22208,WOOD STAMP SET THANK YOU,1,2011-11-27 16:27:00,0.83,14093.0,United Kingdom,0.83,Sale
552000,21000,ROSE DU SUD COSMETICS BAG,1,2011-05-05 15:56:00,3.29,,United Kingdom,3.29,Sale
550496,22996,TRAVEL CARD WALLET VINTAGE TICKET,1,2011-04-18 15:05:00,0.83,,United Kingdom,0.83,Sale
540161,17003,BROCADE RING PURSE ,108,2011-01-05 11:52:00,0.21,16719.0,United Kingdom,22.68,Sale
552058,21868,POTTING SHED TEA MUG,12,2011-05-06 10:36:00,1.25,15218.0,United Kingdom,15.0,Sale
562789,22993,SET OF 4 PANTRY JELLY MOULDS,72,2011-08-09 13:50:00,1.06,14646.0,Netherlands,76.32000000000001,Sale
557273,84077,WORLD WAR 2 GLIDERS ASSTD DESIGNS,48,2011-06-19 11:44:00,0.29,16050.0,United Kingdom,13.919999999999998,Sale
556039,84509A,SET OF 4 ENGLISH ROSE PLACEMATS,4,2011-06-08 12:40:00,3.75,13001.0,United Kingdom,15.0,Sale
545027,22499,WOODEN UNION JACK BUNTING,1,2011-02-25 14:59:00,8.29,,United Kingdom,8.29,Sale
565917,23399,HOME SWEET HOME HANGING HEART,6,2011-09-07 16:15:00,2.08,,United Kingdom,12.48,Sale
557009,22691,DOORMAT WELCOME SUNRISE,2,2011-06-16 11:38:00,7.95,14321.0,United Kingdom,15.9,Sale
550193,22646,CERAMIC STRAWBERRY CAKE MONEY BANK,12,2011-04-15 09:27:00,1.45,13952.0,United Kingdom,17.4,Sale
568721,22340,NOEL GARLAND PAINTED ZINC ,1,2011-09-28 16:24:00,0.83,,United Kingdom,0.83,Sale
556441,22178,VICTORIAN GLASS HANGING T-LIGHT,12,2011-06-10 15:07:00,1.25,14415.0,United Kingdom,15.0,Sale
537645,21889,WOODEN BOX OF DOMINOES,1,2010-12-07 15:34:00,3.36,,United Kingdom,3.36,Sale
578275,84029G,KNITTED UNION FLAG HOT WATER BOTTLE,1,2011-11-23 13:46:00,4.25,15916.0,United Kingdom,4.25,Sale
549222,22371,AIRLINE BAG VINTAGE TOKYO 78,4,2011-04-07 10:43:00,4.25,12347.0,Iceland,17.0,Sale
567673,23551,PACK OF 12 PAISLEY PARK TISSUES ,3,2011-09-21 15:43:00,0.83,,United Kingdom,2.49,Sale
541696,85180A,RED HEARTS LIGHT CHAIN ,4,2011-01-20 18:08:00,2.46,,United Kingdom,9.84,Sale
553035,23173,REGENCY TEAPOT ROSES ,1,2011-05-12 20:13:00,9.95,17337.0,United Kingdom,9.95,Sale
539653,82613C,"METAL SIGN,CUPCAKE SINGLE HOOK",20,2010-12-20 16:50:00,0.42,13564.0,United Kingdom,8.4,Sale
572037,22743,MAKE YOUR OWN FLOWERPOWER CARD KIT,3,2011-10-20 12:07:00,2.95,17365.0,United Kingdom,8.850000000000001,Sale
561869,85014A,BLACK/BLUE POLKADOT UMBRELLA,1,2011-07-31 11:38:00,5.95,16764.0,United Kingdom,5.95,Sale
556484,22149,FELTCRAFT 6 FLOWER FRIENDS,3,2011-06-12 13:17:00,2.1,16938.0,United Kingdom,6.300000000000001,Sale
573070,21873,IF YOU CAN'T STAND THE HEAT MUG,1,2011-10-27 13:59:00,1.25,13263.0,United Kingdom,1.25,Sale
573278,22114,HOT WATER BOTTLE TEA AND SYMPATHY,12,2011-10-28 13:19:00,4.25,16102.0,United Kingdom,51.0,Sale
547253,22429,ENAMEL MEASURING JUG CREAM,4,2011-03-22 10:44:00,4.25,13869.0,United Kingdom,17.0,Sale
538518,21730,GLASS STAR FROSTED T-LIGHT HOLDER,2,2010-12-12 16:14:00,4.95,14505.0,United Kingdom,9.9,Sale
568719,21992,VINTAGE PAISLEY STATIONERY SET,2,2011-09-28 16:19:00,2.46,,United Kingdom,4.92,Sale
567818,22112,CHOCOLATE HOT WATER BOTTLE,3,2011-09-22 12:41:00,4.95,14395.0,United Kingdom,14.85,Sale
574660,23234,BISCUIT TIN VINTAGE CHRISTMAS,1,2011-11-06 11:55:00,2.89,15407.0,United Kingdom,2.89,Sale
558262,22131,FOOD CONTAINER SET 3 LOVE HEART ,72,2011-06-28 08:45:00,1.65,14646.0,Netherlands,118.8,Sale
577483,23380,PACK OF 12 VINTAGE DOILY TISSUES,4,2011-11-20 11:50:00,0.39,14502.0,United Kingdom,1.56,Sale
545083,22619,SET OF 6 SOLDIER SKITTLES,4,2011-02-28 10:40:00,3.75,15724.0,United Kingdom,15.0,Sale
564825,47590A,BLUE HAPPY BIRTHDAY BUNTING,1,2011-08-30 12:26:00,10.79,,United Kingdom,10.79,Sale
566364,22491,PACK OF 12 COLOURED PENCILS,12,2011-09-12 12:32:00,0.85,15253.0,United Kingdom,10.2,Sale
561885,21648,ASSORTED TUTTI FRUTTI SMALL PURSE,2,2011-07-31 13:13:00,1.25,15532.0,United Kingdom,2.5,Sale
564095,23240,SET OF 4 KNICK KNACK TINS DOILEY ,6,2011-08-23 10:31:00,4.15,14930.0,Channel Islands,24.9,Sale
570650,21818,GLITTER HEART DECORATION,10,2011-10-11 13:13:00,0.39,13263.0,United Kingdom,3.9,Sale
543300,84987,SET OF 36 TEATIME PAPER DOILIES,6,2011-02-07 11:42:00,1.45,13334.0,United Kingdom,8.7,Sale
545697,22169,FAMILY ALBUM WHITE PICTURE FRAME,1,2011-03-06 14:38:00,8.5,14504.0,United Kingdom,8.5,Sale
566427,21485,RETROSPOT HEART HOT WATER BOTTLE,1,2011-09-12 14:24:00,4.95,17433.0,United Kingdom,4.95,Sale
545464,47585A,PINK FAIRY CAKE CUSHION COVER,1,2011-03-03 09:10:00,9.96,,United Kingdom,9.96,Sale
560864,23344,JUMBO BAG 50'S CHRISTMAS ,10,2011-07-21 13:54:00,2.08,14407.0,United Kingdom,20.8,Sale
539676,22396,MAGNETS PACK OF 4 RETRO PHOTO,24,2010-12-21 10:54:00,0.42,12423.0,Belgium,10.08,Sale
575152,23083,SET 6 PAPER TABLE LANTERN STARS ,6,2011-11-08 16:12:00,3.75,16284.0,United Kingdom,22.5,Sale
545081,21539,RED RETROSPOT BUTTER DISH,3,2011-02-28 10:35:00,4.95,16057.0,United Kingdom,14.85,Sale
542398,22822,CREAM WALL PLANTER HEART SHAPED,2,2011-01-27 15:36:00,5.95,13174.0,United Kingdom,11.9,Sale
577512,23174,REGENCY SUGAR BOWL GREEN,6,2011-11-20 12:55:00,4.15,12523.0,France,24.9,Sale
573585,20749,ASSORTED COLOUR MINI CASES,1,2011-10-31 14:41:00,16.63,,United Kingdom,16.63,Sale
556935,22171,3 HOOK PHOTO SHELF ANTIQUE WHITE,2,2011-06-15 15:57:00,8.5,17651.0,United Kingdom,17.0,Sale
538566,21313,GLASS HEART T-LIGHT HOLDER ,6,2010-12-13 11:21:00,1.66,,United Kingdom,9.96,Sale
563924,82551,LAUNDRY 15C METAL SIGN,1,2011-08-21 14:32:00,1.45,15984.0,United Kingdom,1.45,Sale
565366,21931,JUMBO STORAGE BAG SUKI,10,2011-09-02 14:56:00,2.08,17091.0,United Kingdom,20.8,Sale
568210,23240,SET OF 4 KNICK KNACK TINS DOILY ,6,2011-09-25 15:56:00,4.15,17159.0,United Kingdom,24.9,Sale
551016,84971S,SMALL HEART FLOWERS HOOK ,6,2011-04-26 11:09:00,0.85,17975.0,United Kingdom,5.1,Sale
578946,22360,GLASS JAR ENGLISH CONFECTIONERY,3,2011-11-27 13:47:00,2.95,16005.0,United Kingdom,8.850000000000001,Sale
554937,15044D,RED PAPER PARASOL,6,2011-05-27 13:32:00,2.95,15402.0,United Kingdom,17.700000000000003,Sale
574328,21984,PACK OF 12 PINK PAISLEY TISSUES ,24,2011-11-04 09:05:00,0.39,13081.0,United Kingdom,9.36,Sale
561820,21155,RED RETROSPOT PEG BAG,1,2011-07-29 16:00:00,4.96,,United Kingdom,4.96,Sale
580778,22355,CHARLOTTE BAG SUKI DESIGN,10,2011-12-06 11:07:00,0.85,16949.0,United Kingdom,8.5,Sale
573035,47503A,ASS FLORAL PRINT MULTI SCREWDRIVER,24,2011-10-27 13:43:00,0.42,12433.0,Norway,10.08,Sale
568346,21990,MODERN FLORAL STATIONERY SET,4,2011-09-26 15:28:00,2.46,14096.0,United Kingdom,9.84,Sale
551963,23298,SPOTTY BUNTING,6,2011-05-05 12:52:00,4.95,13266.0,United Kingdom,29.700000000000003,Sale
560776,21448,12 DAISY PEGS IN WOOD BOX,12,2011-07-21 08:44:00,1.65,13995.0,United Kingdom,19.8,Sale
539735,22207,FRYING PAN UNION FLAG,1,2010-12-21 15:17:00,8.47,,United Kingdom,8.47,Sale
579443,22746,POPPY'S PLAYHOUSE LIVINGROOM ,2,2011-11-29 13:40:00,2.1,16479.0,United Kingdom,4.2,Sale
575067,23570,TRADITIONAL PICK UP STICKS GAME ,12,2011-11-08 12:45:00,1.25,12583.0,France,15.0,Sale
541497,22107,PIZZA PLATE IN BOX,1,2011-01-18 15:19:00,7.46,,United Kingdom,7.46,Sale
576696,23169,CLASSIC GLASS COOKIE JAR,6,2011-11-16 12:26:00,4.15,16669.0,United Kingdom,24.9,Sale
552229,90103,PURPLE FRANGIPANI NECKLACE,1,2011-05-06 15:40:00,2.48,,United Kingdom,2.48,Sale
559338,85025B,EAU DE NILE HEART SHAPE PHOTO FRAME,1,2011-07-07 16:30:00,3.29,,United Kingdom,3.29,Sale
578347,22691,DOORMAT WELCOME SUNRISE,2,2011-11-24 09:26:00,15.79,,United Kingdom,31.58,Sale
569136,22097,SWALLOW SQUARE TISSUE BOX,3,2011-09-30 14:41:00,0.39,15834.0,United Kingdom,1.17,Sale
565150,22784,LANTERN CREAM GAZEBO ,6,2011-09-01 14:26:00,4.25,14298.0,United Kingdom,25.5,Sale
537237,21868,POTTING SHED TEA MUG,3,2010-12-06 09:58:00,3.36,,United Kingdom,10.08,Sale
550471,22572,ROCKING HORSE GREEN CHRISTMAS ,1,2011-04-18 13:52:00,1.63,,United Kingdom,1.63,Sale
544060,22385,JUMBO BAG SPACEBOY DESIGN,1,2011-02-15 13:08:00,1.95,13623.0,United Kingdom,1.95,Sale
547249,82581,TOILET METAL SIGN,1,2011-03-22 09:27:00,1.25,,United Kingdom,1.25,Sale
549520,22178,VICTORIAN GLASS HANGING T-LIGHT,96,2011-04-08 15:19:00,1.06,13265.0,United Kingdom,101.76,Sale
579307,22604,SET OF 4 NAPKIN CHARMS CUTLERY,6,2011-11-29 11:34:00,2.55,17655.0,United Kingdom,15.3,Sale
566308,23236,STORAGE TIN VINTAGE DOILY ,6,2011-09-12 09:38:00,2.89,15865.0,United Kingdom,17.34,Sale
555941,21829,DINOSAUR KEYRINGS ASSORTED,36,2011-06-08 10:10:00,0.21,12726.0,France,7.56,Sale
536749,22867,HAND WARMER BIRD DESIGN,1,2010-12-02 13:49:00,2.1,17976.0,United Kingdom,2.1,Sale
575491,21758,VINTAGE SHELLS PRINT,2,2011-11-09 17:47:00,6.45,15531.0,United Kingdom,12.9,Sale
560445,23205,CHARLOTTE BAG VINTAGE ALPHABET ,100,2011-07-19 09:08:00,0.72,14156.0,EIRE,72.0,Sale
549733,85231G,ORANGE SCENTED SET/9 T-LIGHTS,6,2011-04-11 16:56:00,0.85,17827.0,United Kingdom,5.1,Sale
536876,22810,SET OF 6 T-LIGHTS SNOWMEN,1,2010-12-03 11:36:00,5.91,,United Kingdom,5.91,Sale
567859,22750,FELTCRAFT PRINCESS LOLA DOLL,4,2011-09-22 13:51:00,3.75,12936.0,United Kingdom,15.0,Sale
577741,22632,HAND WARMER RED RETROSPOT,24,2011-11-21 13:40:00,2.1,12921.0,United Kingdom,50.400000000000006,Sale
575073,85099C,JUMBO  BAG BAROQUE BLACK WHITE,4,2011-11-08 13:10:00,2.08,13975.0,United Kingdom,8.32,Sale
567138,20727,LUNCH BAG  BLACK SKULL.,10,2011-09-16 14:39:00,1.65,17652.0,United Kingdom,16.5,Sale
539663,22481,BLACK TEA TOWEL CLASSIC DESIGN,4,2010-12-21 10:26:00,1.25,17961.0,United Kingdom,5.0,Sale
549880,79030G,TUMBLER NEW ENGLAND,24,2011-04-12 15:30:00,0.39,15932.0,United Kingdom,9.36,Sale
550890,21212,PACK OF 72 RETROSPOT CAKE CASES,1,2011-04-21 12:00:00,0.55,14711.0,United Kingdom,0.55,Sale
559665,84755,COLOUR GLASS T-LIGHT HOLDER HANGING,8,2011-07-11 13:35:00,0.65,12556.0,Spain,5.2,Sale
562779,22212,FOUR HOOK  WHITE LOVEBIRDS,1,2011-08-09 12:58:00,2.1,17841.0,United Kingdom,2.1,Sale
577633,22993,SET OF 4 PANTRY JELLY MOULDS,12,2011-11-21 10:35:00,1.25,14194.0,United Kingdom,15.0,Sale
578065,23368,SET 12 COLOUR PENCILS DOLLY GIRL ,98,2011-11-22 15:41:00,1.25,,United Kingdom,122.5,Sale
580136,21927,BLUE/CREAM STRIPE CUSHION COVER ,10,2011-12-01 19:42:00,1.25,17841.0,United Kingdom,12.5,Sale
574090,23241,TREASURE TIN GYMKHANA DESIGN,6,2011-11-03 09:17:00,2.08,17442.0,United Kingdom,12.48,Sale
541104,22136,LOVE HEART SOCK HANGER,1,2011-01-13 14:29:00,3.29,,United Kingdom,3.29,Sale
577748,84378,SET OF 3 HEART COOKIE CUTTERS,24,2011-11-21 14:24:00,1.45,15159.0,United Kingdom,34.8,Sale
580540,23497,CLASSIC CHROME BICYCLE BELL ,12,2011-12-05 08:49:00,1.45,13417.0,United Kingdom,17.4,Sale
540455,22728,ALARM CLOCK BAKELIKE PINK,12,2011-01-07 12:07:00,3.75,12583.0,France,45.0,Sale
543629,48185,DOORMAT FAIRY CAKE,1,2011-02-10 15:55:00,14.13,,United Kingdom,14.13,Sale
568712,85049G,CHOCOLATE BOX RIBBONS ,1,2011-09-28 15:50:00,1.25,17841.0,United Kingdom,1.25,Sale
577531,22358,KINGS CHOICE TEA CADDY ,1,2011-11-20 13:58:00,5.79,,United Kingdom,5.79,Sale
581238,21216,"SET 3 RETROSPOT TEA,COFFEE,SUGAR",2,2011-12-08 10:53:00,10.79,,United Kingdom,21.58,Sale
566771,84879,ASSORTED COLOUR BIRD ORNAMENT,24,2011-09-15 09:34:00,1.69,15322.0,United Kingdom,40.56,Sale
569898,47566,PARTY BUNTING,1,2011-10-06 16:08:00,10.79,,United Kingdom,10.79,Sale
554933,22098,BOUDOIR SQUARE TISSUE BOX,3,2011-05-27 13:26:00,1.25,13232.0,United Kingdom,3.75,Sale
551997,21930,JUMBO STORAGE BAG SKULLS,6,2011-05-05 15:47:00,2.08,,United Kingdom,12.48,Sale
560294,22672,FRENCH BATHROOM SIGN BLUE METAL,1,2011-07-18 10:20:00,3.29,,United Kingdom,3.29,Sale
540680,22355,CHARLOTTE BAG SUKI DESIGN,100,2011-01-10 16:24:00,0.72,15311.0,United Kingdom,72.0,Sale
574921,23354,6 GIFT TAGS 50'S CHRISTMAS ,12,2011-11-07 16:36:00,0.83,16070.0,United Kingdom,9.96,Sale
577518,22697,GREEN REGENCY TEACUP AND SAUCER,6,2011-11-20 13:17:00,2.95,14359.0,United Kingdom,17.700000000000003,Sale
548516,82494L,WOODEN FRAME ANTIQUE WHITE ,19,2011-03-31 16:28:00,2.55,,United Kingdom,48.45,Sale
570465,21873,IF YOU CAN'T STAND THE HEAT MUG,1,2011-10-10 16:02:00,3.29,,United Kingdom,3.29,Sale
544598,21915,RED  HARMONICA IN BOX ,3,2011-02-21 18:10:00,2.46,,United Kingdom,7.38,Sale
574967,23205,CHARLOTTE BAG VINTAGE ALPHABET ,6,2011-11-08 10:51:00,2.46,,United Kingdom,14.76,Sale
563566,21935,SUKI  SHOULDER BAG,10,2011-08-17 14:25:00,1.65,13655.0,United Kingdom,16.5,Sale
547381,22077,6 RIBBONS RUSTIC CHARM,2,2011-03-22 15:25:00,1.65,18041.0,United Kingdom,3.3,Sale
537688,22423,REGENCY CAKESTAND 3 TIER,16,2010-12-08 10:35:00,10.95,17406.0,United Kingdom,175.2,Sale
557020,20723,STRAWBERRY CHARLOTTE BAG,10,2011-06-16 12:51:00,0.85,13246.0,United Kingdom,8.5,Sale
579161,23313,VINTAGE CHRISTMAS BUNTING,1,2011-11-28 13:56:00,4.95,17379.0,United Kingdom,4.95,Sale
571564,23503,PLAYING CARDS KEEP CALM & CARRY ON,12,2011-10-18 10:16:00,1.25,16019.0,United Kingdom,15.0,Sale
580615,23234,BISCUIT TIN VINTAGE CHRISTMAS,6,2011-12-05 12:05:00,2.89,16873.0,United Kingdom,17.34,Sale
548516,22477,WATERING CAN GARDEN MARKER,1,2011-03-31 16:28:00,2.46,,United Kingdom,2.46,Sale
550297,22549,PICTURE DOMINOES,1,2011-04-15 15:58:00,1.45,14056.0,United Kingdom,1.45,Sale
539744,21259,VICTORIAN SEWING BOX SMALL ,1,2010-12-21 15:21:00,12.72,,United Kingdom,12.72,Sale
569722,23389,SPACEBOY MINI BACKPACK,4,2011-10-06 09:31:00,4.15,12431.0,Australia,16.6,Sale
538566,22668,PINK BABY BUNTING,2,2010-12-13 11:21:00,5.91,,United Kingdom,11.82,Sale
553890,22255,FELT TOADSTOOL  SMALL,2,2011-05-19 16:32:00,1.63,,United Kingdom,3.26,Sale
575500,22680,FRENCH BLUE METAL DOOR SIGN 5,10,2011-11-10 09:57:00,1.25,16003.0,United Kingdom,12.5,Sale
568567,22445,PENCIL CASE LIFE IS BEAUTIFUL,1,2011-09-27 18:41:00,5.79,,United Kingdom,5.79,Sale
565322,22356,CHARLOTTE BAG PINK POLKADOT,10,2011-09-02 13:15:00,0.85,12437.0,France,8.5,Sale
555284,15034,PAPER POCKET TRAVELING FAN ,240,2011-06-02 09:37:00,0.07,14298.0,United Kingdom,16.8,Sale
538177,22196,SMALL HEART MEASURING SPOONS,5,2010-12-10 09:51:00,1.66,,United Kingdom,8.299999999999999,Sale
542192,22858,EASTER TIN KEEPSAKE,6,2011-01-26 11:27:00,1.65,14049.0,United Kingdom,9.9,Sale
580256,16258A,SWIRLY CIRCULAR RUBBERS IN BAG,1,2011-12-02 12:24:00,0.19,14688.0,United Kingdom,0.19,Sale
565388,22588,CARD HOLDER GINGHAM HEART,3,2011-09-02 15:56:00,2.89,14415.0,United Kingdom,8.67,Sale
576840,23000,TRAVEL CARD WALLET TRANSPORT,1,2011-11-16 15:23:00,0.83,,United Kingdom,0.83,Sale
569262,22969,HOMEMADE JAM SCENTED CANDLES,12,2011-10-03 11:36:00,1.45,14815.0,United Kingdom,17.4,Sale
547397,85099B,JUMBO BAG RED RETROSPOT,1,2011-03-22 16:55:00,4.13,,United Kingdom,4.13,Sale
545071,22880,NUMBER TILE VINTAGE FONT 1,2,2011-02-27 15:59:00,1.95,15996.0,United Kingdom,3.9,Sale
569641,22083,PAPER CHAIN KIT RETROSPOT,8,2011-10-05 12:27:00,2.95,12841.0,United Kingdom,23.6,Sale
542596,48138,DOORMAT UNION FLAG,5,2011-01-30 10:27:00,7.95,14532.0,United Kingdom,39.75,Sale
551994,22147,FELTCRAFT BUTTERFLY HEARTS,12,2011-05-05 15:42:00,1.45,12868.0,United Kingdom,17.4,Sale
552888,48116,DOORMAT MULTICOLOUR STRIPE,20,2011-05-12 10:23:00,6.75,15061.0,United Kingdom,135.0,Sale
579187,22348,TEA BAG PLATE RED RETROSPOT,2,2011-11-28 15:31:00,1.63,,United Kingdom,3.26,Sale
558068,22798,ANTIQUE GLASS DRESSING TABLE POT,1,2011-06-24 15:51:00,5.79,,United Kingdom,5.79,Sale
555850,22630,DOLLY GIRL LUNCH BOX,2,2011-06-07 13:35:00,1.95,16550.0,United Kingdom,3.9,Sale
565396,23307,SET OF 60 PANTRY DESIGN CAKE CASES ,1,2011-09-02 16:39:00,1.25,,United Kingdom,1.25,Sale
542906,22736,RIBBON REEL MAKING SNOWMEN ,1,2011-02-01 15:12:00,3.29,,United Kingdom,3.29,Sale
549560,22919,HERB MARKER MINT,1,2011-04-10 13:26:00,0.65,15058.0,United Kingdom,0.65,Sale
558568,22848,BREAD BIN DINER STYLE PINK,1,2011-06-30 14:37:00,16.95,16316.0,United Kingdom,16.95,Sale
556323,22697,GREEN REGENCY TEACUP AND SAUCER,24,2011-06-10 10:59:00,2.55,17819.0,United Kingdom,61.2,Sale
546561,22149,FELTCRAFT 6 FLOWER FRIENDS,6,2011-03-15 10:34:00,2.1,18260.0,United Kingdom,12.6,Sale
571498,21989,PACK OF 20 SKULL PAPER NAPKINS,1,2011-10-17 15:06:00,0.85,17841.0,United Kingdom,0.85,Sale
563183,23206,LUNCH BAG APPLE DESIGN,10,2011-08-12 14:47:00,1.65,14110.0,United Kingdom,16.5,Sale
570592,20677,PINK POLKADOT BOWL,3,2011-10-11 11:37:00,2.46,,United Kingdom,7.38,Sale
564756,85039B,S/4 IVORY MINI ROSE CANDLE IN BOWL,4,2011-08-30 10:33:00,1.63,,United Kingdom,6.52,Sale
548504,20655,QUEEN OF SKIES LUGGAGE TAG,1,2011-03-31 14:33:00,2.46,,United Kingdom,2.46,Sale
574713,22989,SET 2 PANTRY DESIGN TEA TOWELS,6,2011-11-06 14:26:00,3.25,12628.0,Germany,19.5,Sale
553175,21989,PACK OF 20 SKULL PAPER NAPKINS,1,2011-05-15 11:17:00,0.85,,United Kingdom,0.85,Sale
578234,22192,BLUE DINER WALL CLOCK,2,2011-11-23 12:22:00,8.5,13650.0,United Kingdom,17.0,Sale
560901,POST,POSTAGE,7,2011-07-21 17:39:00,18.0,12476.0,Germany,126.0,Sale
566932,23408,PHOTO FRAME LINEN AND LACE SMALL,6,2011-09-15 15:29:00,2.08,17576.0,United Kingdom,12.48,Sale
575739,35953,FOLKART STAR CHRISTMAS DECORATIONS,4,2011-11-11 09:05:00,0.61,,United Kingdom,2.44,Sale
574856,22995,TRAVEL CARD WALLET SUKI,1,2011-11-07 12:06:00,0.83,,United Kingdom,0.83,Sale
569137,22699,ROSES REGENCY TEACUP AND SAUCER ,4,2011-09-30 14:45:00,5.79,,United Kingdom,23.16,Sale
555160,23204,CHARLOTTE BAG APPLES DESIGN,100,2011-06-01 09:18:00,0.72,14646.0,Netherlands,72.0,Sale
547017,46776B,WOVEN BERRIES CUSHION COVER ,2,2011-03-18 14:51:00,4.95,13468.0,United Kingdom,9.9,Sale
541421,21879,HEARTS GIFT TAPE,11,2011-01-17 17:44:00,0.42,,United Kingdom,4.62,Sale
546950,22960,JAM MAKING SET WITH JARS,2,2011-03-18 11:24:00,4.25,16511.0,United Kingdom,8.5,Sale
575919,22673,FRENCH GARDEN SIGN BLUE METAL,3,2011-11-11 17:00:00,1.25,15311.0,United Kingdom,3.75,Sale
572994,23312,VINTAGE CHRISTMAS GIFT SACK,4,2011-10-27 11:10:00,4.15,17684.0,United Kingdom,16.6,Sale
540995,DOT,DOTCOM POSTAGE,1,2011-01-13 09:30:00,404.49,,United Kingdom,404.49,Sale
566190,21983,PACK OF 12 BLUE PAISLEY TISSUES ,24,2011-09-09 13:20:00,0.39,12748.0,United Kingdom,9.36,Sale
558460,21931,JUMBO STORAGE BAG SUKI,10,2011-06-29 14:53:00,2.08,16779.0,United Kingdom,20.8,Sale
564626,21218,RED SPOTTY BISCUIT TIN,6,2011-08-26 11:40:00,3.25,18167.0,United Kingdom,19.5,Sale
564740,15056N,EDWARDIAN PARASOL NATURAL,1,2011-08-28 14:39:00,5.95,14044.0,United Kingdom,5.95,Sale
541987,21447,12 IVORY ROSE PEG PLACE SETTINGS,2,2011-01-24 16:05:00,1.25,14130.0,United Kingdom,2.5,Sale
542578,22767,TRIPLE PHOTO FRAME CORNICE ,2,2011-01-28 14:57:00,9.95,13709.0,United Kingdom,19.9,Sale
539084,21175,GIN + TONIC DIET METAL SIGN,12,2010-12-16 09:31:00,2.1,13890.0,United Kingdom,25.200000000000003,Sale
549295,72807C,SET/3 VANILLA SCENTED CANDLE IN BOX,1,2011-04-07 19:49:00,8.29,,United Kingdom,8.29,Sale
577861,22287,DECORATION WOBBLY CHICKEN,24,2011-11-22 11:28:00,0.39,13924.0,United Kingdom,9.36,Sale
553190,22295,HEART FILIGREE DOVE LARGE,3,2011-05-15 13:14:00,1.65,15164.0,United Kingdom,4.949999999999999,Sale
543641,21833,CAMOUFLAGE LED TORCH,36,2011-02-10 17:19:00,1.69,14555.0,United Kingdom,60.84,Sale
580256,47310M,SMALL POP BOX FUNKY MONKEY,25,2011-12-02 12:24:00,1.25,14688.0,United Kingdom,31.25,Sale
577735,22577,WOODEN HEART CHRISTMAS SCANDINAVIAN,48,2011-11-21 13:14:00,0.29,14482.0,United Kingdom,13.919999999999998,Sale
537638,21894,POTTING SHED SEED ENVELOPES,2,2010-12-07 15:28:00,2.51,,United Kingdom,5.02,Sale
562204,90209B,GREEN ENAMEL+GLASS HAIR COMB,1,2011-08-03 12:54:00,2.1,16324.0,United Kingdom,2.1,Sale
575930,23087,ZINC  HEART T-LIGHT HOLDER,1,2011-11-11 17:58:00,2.46,,United Kingdom,2.46,Sale
549282,22423,REGENCY CAKESTAND 3 TIER,2,2011-04-07 13:24:00,12.75,13718.0,United Kingdom,25.5,Sale
542858,22469,HEART OF WICKER SMALL,2,2011-02-01 11:40:00,1.65,17228.0,United Kingdom,3.3,Sale
538657,48184,DOORMAT ENGLISH ROSE ,2,2010-12-13 15:26:00,7.95,15867.0,United Kingdom,15.9,Sale
575973,22666,RECIPE BOX PANTRY YELLOW DESIGN,6,2011-11-13 13:03:00,2.95,,EIRE,17.700000000000003,Sale
537666,22379,RECYCLING BAG RETROSPOT ,4,2010-12-07 18:36:00,4.21,,United Kingdom,16.84,Sale
537219,22111,SCOTTIE DOG HOT WATER BOTTLE,1,2010-12-05 15:47:00,4.95,14081.0,United Kingdom,4.95,Sale
569699,22027,TEA PARTY BIRTHDAY CARD,12,2011-10-05 15:52:00,0.42,12723.0,France,5.04,Sale
574749,23031,DRAWER KNOB CRACKLE GLAZE PINK,6,2011-11-07 08:54:00,1.65,15150.0,United Kingdom,9.9,Sale
547066,21974,SET OF 36 PAISLEY FLOWER DOILIES,12,2011-03-20 13:41:00,1.45,12921.0,United Kingdom,17.4,Sale
576665,23263,SET OF 3 WOODEN HEART DECORATIONS,12,2011-11-16 11:46:00,1.25,17841.0,United Kingdom,15.0,Sale
577071,22339,CHRISTMAS TREE PAINTED ZINC ,8,2011-11-17 14:56:00,0.19,13969.0,United Kingdom,1.52,Sale
578998,22554,PLASTERS IN TIN WOODLAND ANIMALS,2,2011-11-27 16:05:00,1.65,15436.0,United Kingdom,3.3,Sale
573548,23284,DOORMAT KEEP CALM AND COME IN,2,2011-10-31 13:22:00,8.25,13680.0,United Kingdom,16.5,Sale
562621,23202,JUMBO BAG VINTAGE LEAF,10,2011-08-08 12:36:00,2.08,14415.0,United Kingdom,20.8,Sale
543985,82482,WOODEN PICTURE FRAME WHITE FINISH,1,2011-02-15 09:44:00,4.96,,United Kingdom,4.96,Sale
571229,23093,SMALL PARISIENNE HEART PHOTO FRAME ,1,2011-10-14 14:04:00,2.49,15453.0,United Kingdom,2.49,Sale
572302,23265,SET OF 3 WOODEN TREE DECORATIONS,1,2011-10-23 14:47:00,1.25,15427.0,United Kingdom,1.25,Sale
541696,85173,SET/6 FROG PRINCE T-LIGHT CANDLES,2,2011-01-20 18:08:00,2.46,,United Kingdom,4.92,Sale
576837,23296,SET OF 6 TEA TIME BAKING CASES,3,2011-11-16 15:16:00,3.29,,United Kingdom,9.87,Sale
556912,84596B,SMALL DOLLY MIX DESIGN ORANGE BOWL,8,2011-06-15 13:26:00,0.42,15005.0,United Kingdom,3.36,Sale
547068,22384,LUNCH BAG PINK POLKADOT,10,2011-03-20 13:48:00,1.65,13985.0,United Kingdom,16.5,Sale
556812,23192,BUNDLE OF 3 ALPHABET EXERCISE BOOKS,3,2011-06-14 17:25:00,3.29,,United Kingdom,9.87,Sale
580914,23404,HOME SWEET HOME BLACKBOARD,2,2011-12-06 13:42:00,4.95,14871.0,United Kingdom,9.9,Sale
555602,47504K,ENGLISH ROSE GARDEN SECATEURS,12,2011-06-06 11:26:00,1.95,16235.0,United Kingdom,23.4,Sale
557147,47593B,SCOTTIE DOGS BABY BIB,48,2011-06-17 10:51:00,0.39,12408.0,Belgium,18.72,Sale
563722,22487,WHITE WOOD GARDEN PLANT LADDER,2,2011-08-18 16:32:00,9.95,17720.0,United Kingdom,19.9,Sale
573264,22632,HAND WARMER RED RETROSPOT,2,2011-10-28 12:36:00,2.1,14415.0,United Kingdom,4.2,Sale
576181,23023,RIDGED BONNE JAM JAR T-LIGHT HOLDER,6,2011-11-14 11:19:00,1.65,15572.0,United Kingdom,9.9,Sale
565232,23236,STORAGE TIN VINTAGE DOILY ,1,2011-09-02 09:30:00,5.79,,United Kingdom,5.79,Sale
580705,84997C,CHILDRENS CUTLERY POLKADOT BLUE,4,2011-12-05 16:28:00,4.15,12683.0,France,16.6,Sale
543448,22665,RECIPE BOX BLUE SKETCHBOOK DESIGN,3,2011-02-08 12:12:00,6.63,,United Kingdom,19.89,Sale
546384,82483,WOOD 2 DRAWER CABINET WHITE FINISH,2,2011-03-11 13:03:00,6.95,15311.0,United Kingdom,13.9,Sale
545217,82580,BATHROOM METAL SIGN,3,2011-02-28 16:59:00,1.25,,United Kingdom,3.75,Sale
544801,22383,LUNCH BAG SUKI  DESIGN ,10,2011-02-23 13:48:00,1.65,16145.0,United Kingdom,16.5,Sale
551194,84510A,SET OF 4 ENGLISH ROSE COASTERS,6,2011-04-27 11:12:00,1.25,14606.0,United Kingdom,7.5,Sale
560918,21916,SET 12 RETRO WHITE CHALK STICKS,24,2011-07-21 18:27:00,0.42,14849.0,United Kingdom,10.08,Sale
541424,85163A,WHITE BAROQUE WALL CLOCK ,3,2011-01-17 17:57:00,8.29,,United Kingdom,24.87,Sale
548516,22260,FELT EGG COSY BLUE RABBIT ,5,2011-03-31 16:28:00,1.63,,United Kingdom,8.149999999999999,Sale
546670,22267,EASTER DECORATION EGG BUNNY ,3,2011-03-15 15:37:00,1.25,13451.0,United Kingdom,3.75,Sale
550965,85174,S/4 CACTI CANDLES,2,2011-04-21 16:53:00,4.95,16750.0,United Kingdom,9.9,Sale
568894,23206,LUNCH BAG APPLE DESIGN,1,2011-09-29 13:04:00,1.65,17528.0,United Kingdom,1.65,Sale
560119,23198,PANTRY MAGNETIC  SHOPPING LIST,12,2011-07-15 10:21:00,1.45,12815.0,Poland,17.4,Sale
546888,22335,HEART DECORATION PAINTED ZINC ,1,2011-03-17 18:15:00,1.25,,United Kingdom,1.25,Sale
578479,20728,LUNCH BAG CARS BLUE,1,2011-11-24 12:48:00,1.65,15858.0,United Kingdom,1.65,Sale
545988,20713,JUMBO BAG OWLS,10,2011-03-08 12:52:00,1.95,12662.0,Germany,19.5,Sale
576202,22697,GREEN REGENCY TEACUP AND SAUCER,12,2011-11-14 12:22:00,2.95,13767.0,United Kingdom,35.400000000000006,Sale
581439,23484,HEART TRELLIS TRIPLE T-LIGHT HOLDER,1,2011-12-08 16:30:00,5.79,,United Kingdom,5.79,Sale
537666,20832,RED FLOCK LOVE HEART PHOTO FRAME,2,2010-12-07 18:36:00,1.66,,United Kingdom,3.32,Sale
568662,23390,DOLLY GIRL MINI BACKPACK,2,2011-09-28 12:36:00,4.15,16764.0,United Kingdom,8.3,Sale
574298,23404,HOME SWEET HOME BLACKBOARD,1,2011-11-03 15:56:00,10.79,,United Kingdom,10.79,Sale
545058,22697,GREEN REGENCY TEACUP AND SAUCER,6,2011-02-27 13:03:00,2.95,13767.0,United Kingdom,17.700000000000003,Sale
555746,21206,STRAWBERRY HONEYCOMB  GARLAND ,2,2011-06-07 10:55:00,1.65,14606.0,United Kingdom,3.3,Sale
566010,23377,PACK OF 12 DOLLY GIRL TISSUES,36,2011-09-08 12:05:00,0.39,13700.0,United Kingdom,14.04,Sale
547243,22267,EASTER DECORATION EGG BUNNY ,3,2011-03-21 16:59:00,1.25,17231.0,United Kingdom,3.75,Sale
539243,20751,FUNKY WASHING UP GLOVES ASSORTED,2,2010-12-16 13:21:00,2.1,18116.0,United Kingdom,4.2,Sale
566296,22507,MEMO BOARD RETROSPOT  DESIGN,3,2011-09-11 15:47:00,4.95,17841.0,United Kingdom,14.85,Sale
576618,22144,CHRISTMAS CRAFT LITTLE FRIENDS,2,2011-11-15 17:00:00,4.13,,United Kingdom,8.26,Sale
562999,84755,COLOUR GLASS T-LIGHT HOLDER HANGING,16,2011-08-11 11:51:00,0.65,15117.0,United Kingdom,10.4,Sale
549690,22670,FRENCH WC SIGN BLUE METAL,1,2011-04-11 13:41:00,1.25,17841.0,United Kingdom,1.25,Sale
557950,23172,REGENCY TEA PLATE PINK,2,2011-06-23 17:35:00,1.65,17848.0,United Kingdom,3.3,Sale
574550,35911A,MULTICOLOUR RABBIT EGG WARMER,2,2011-11-04 15:18:00,0.85,12484.0,Spain,1.7,Sale
555395,22421,LIPSTICK PEN FUSCHIA,24,2011-06-02 17:04:00,0.42,12971.0,United Kingdom,10.08,Sale
553686,47566,PARTY BUNTING,4,2011-05-18 13:58:00,4.95,14911.0,EIRE,19.8,Sale
558540,23173,REGENCY TEAPOT ROSES ,6,2011-06-30 12:15:00,9.95,17706.0,United Kingdom,59.7,Sale
571911,23202,JUMBO BAG VINTAGE LEAF,10,2011-10-19 15:15:00,2.08,17562.0,United Kingdom,20.8,Sale
576646,22326,ROUND SNACK BOXES SET OF4 WOODLAND ,6,2011-11-16 10:18:00,2.95,,Unspecified,17.700000000000003,Sale
556515,22474,SPACEBOY TV DINNER TRAY,1,2011-06-13 10:45:00,10.79,,United Kingdom,10.79,Sale
552285,22488,NATURAL SLATE RECTANGLE CHALKBOARD,1,2011-05-08 12:58:00,1.65,14684.0,United Kingdom,1.65,Sale
563706,22910,PAPER CHAIN KIT VINTAGE CHRISTMAS,6,2011-08-18 14:48:00,2.95,14189.0,United Kingdom,17.700000000000003,Sale
543040,22090,PAPER BUNTING RETROSPOT,2,2011-02-02 17:06:00,2.95,17337.0,United Kingdom,5.9,Sale
553175,23084,RABBIT NIGHT LIGHT,1,2011-05-15 11:17:00,2.08,,United Kingdom,2.08,Sale
578944,23335,EGG FRYING PAN IVORY ,1,2011-11-27 13:41:00,2.08,16005.0,United Kingdom,2.08,Sale
554827,23083,SET 6 PAPER TABLE LANTERN STARS ,48,2011-05-26 15:19:00,3.29,14646.0,Netherlands,157.92000000000002,Sale
541570,22553,PLASTERS IN TIN SKULLS,96,2011-01-19 12:34:00,1.45,14646.0,Netherlands,139.2,Sale
565723,21166,COOK WITH WINE METAL SIGN ,48,2011-09-06 11:29:00,1.85,14408.0,United Kingdom,88.80000000000001,Sale
541219,22664,TOY TIDY DOLLY GIRL DESIGN,1,2011-01-14 14:06:00,4.13,,United Kingdom,4.13,Sale
539451,22113,GREY HEART HOT WATER BOTTLE,1,2010-12-17 16:59:00,7.62,,United Kingdom,7.62,Sale
571713,22661,CHARLOTTE BAG DOLLY GIRL DESIGN,1,2011-10-18 16:58:00,1.63,,United Kingdom,1.63,Sale
544569,22747,POPPY'S PLAYHOUSE BATHROOM,1,2011-02-21 12:58:00,2.1,16980.0,United Kingdom,2.1,Sale
551152,21231,SWEETHEART CERAMIC TRINKET BOX,2,2011-04-26 14:47:00,1.25,13230.0,United Kingdom,2.5,Sale
557499,23245,SET OF 3 REGENCY CAKE TINS,4,2011-06-20 15:25:00,4.95,16320.0,Unspecified,19.8,Sale
562843,21094,SET/6 RED SPOTTY PAPER PLATES,4,2011-08-09 17:37:00,0.83,,United Kingdom,3.32,Sale
577358,21790,VINTAGE SNAP CARDS,3,2011-11-18 15:59:00,1.63,,United Kingdom,4.89,Sale
581502,22155,STAR DECORATION RUSTIC,6,2011-12-09 10:51:00,0.42,15910.0,United Kingdom,2.52,Sale
562965,21984,PACK OF 12 PINK PAISLEY TISSUES ,24,2011-08-11 10:45:00,0.29,18226.0,United Kingdom,6.959999999999999,Sale
571463,22739,RIBBON REEL CHRISTMAS SOCK BAUBLE,20,2011-10-17 14:23:00,1.65,16463.0,United Kingdom,33.0,Sale
548864,22963,JAM JAR WITH GREEN LID,1,2011-04-04 14:00:00,0.85,15756.0,United Kingdom,0.85,Sale
566202,23028,DRAWER KNOB CRACKLE GLAZE BLUE,6,2011-09-09 14:22:00,1.65,15652.0,United Kingdom,9.9,Sale
567024,23168,CLASSIC CAFE SUGAR DISPENSER,5,2011-09-16 11:23:00,3.29,,United Kingdom,16.45,Sale
546008,21985,PACK OF 12 HEARTS DESIGN TISSUES ,1,2011-03-08 15:43:00,0.83,,United Kingdom,0.83,Sale
554974,23172,REGENCY TEA PLATE PINK,12,2011-05-27 17:14:00,1.65,14031.0,United Kingdom,19.8,Sale
562892,21974,SET OF 36 PAISLEY FLOWER DOILIES,12,2011-08-10 12:24:00,1.45,16292.0,United Kingdom,17.4,Sale
574890,20725,LUNCH BAG RED RETROSPOT,100,2011-11-07 14:23:00,1.45,18229.0,United Kingdom,145.0,Sale
553668,84509A,SET OF 4 ENGLISH ROSE PLACEMATS,12,2011-05-18 12:21:00,3.75,13993.0,United Kingdom,45.0,Sale
557933,22667,RECIPE BOX RETROSPOT ,6,2011-06-23 15:07:00,2.95,13014.0,United Kingdom,17.700000000000003,Sale
550622,82580,BATHROOM METAL SIGN,10,2011-04-19 13:49:00,0.55,13735.0,United Kingdom,5.5,Sale
570237,22596,CHRISTMAS STAR WISH LIST CHALKBOARD,3,2011-10-09 14:48:00,1.25,13212.0,United Kingdom,3.75,Sale
576910,21426,WOODLAND STORAGE BOX SMALL,6,2011-11-17 09:51:00,2.1,12477.0,Germany,12.6,Sale
579400,23163,REGENCY SUGAR TONGS,8,2011-11-29 12:10:00,2.49,17306.0,United Kingdom,19.92,Sale
562158,23000,TRAVEL CARD WALLET TRANSPORT,1,2011-08-03 11:45:00,0.42,15039.0,United Kingdom,0.42,Sale
543985,21210,SET OF 72 RETROSPOT PAPER  DOILIES,1,2011-02-15 09:44:00,2.92,,United Kingdom,2.92,Sale
557622,23192,BUNDLE OF 3 ALPHABET EXERCISE BOOKS,2,2011-06-21 14:15:00,1.65,17960.0,United Kingdom,3.3,Sale
556302,22144,CHRISTMAS CRAFT LITTLE FRIENDS,80,2011-06-10 10:24:00,1.85,15267.0,United Kingdom,148.0,Sale
559878,48111,DOORMAT 3 SMILEY CATS,1,2011-07-13 11:19:00,7.95,15493.0,United Kingdom,7.95,Sale
546089,21479,WHITE SKULL HOT WATER BOTTLE ,3,2011-03-09 11:44:00,3.75,17864.0,United Kingdom,11.25,Sale
559163,21198,WHITE HEART CONFETTI IN TUBE,3,2011-07-06 16:33:00,0.83,,United Kingdom,2.49,Sale
537224,82551,LAUNDRY 15C METAL SIGN,3,2010-12-05 16:24:00,1.45,13174.0,United Kingdom,4.35,Sale
556080,22426,ENAMEL WASH BOWL CREAM,1,2011-06-08 15:21:00,8.29,,United Kingdom,8.29,Sale
559163,84876B,GREEN HEART COMPACT MIRROR,1,2011-07-06 16:33:00,2.46,,United Kingdom,2.46,Sale
575138,85049e,SCANDINAVIAN REDS RIBBONS,1,2011-11-08 15:24:00,3.29,,United Kingdom,3.29,Sale
559134,21949,SET OF 6 STRAWBERRY CHOPSTICKS,12,2011-07-06 13:14:00,1.25,12700.0,France,15.0,Sale
570791,23344,JUMBO BAG 50'S CHRISTMAS ,20,2011-10-12 11:58:00,2.08,17346.0,United Kingdom,41.6,Sale
546164,21974,SET OF 36 PAISLEY FLOWER DOILIES,12,2011-03-10 10:04:00,1.45,15939.0,United Kingdom,17.4,Sale
578626,21094,SET/6 RED SPOTTY PAPER PLATES,24,2011-11-24 15:38:00,0.85,12709.0,Germany,20.4,Sale
573275,22637,PIGGY BANK RETROSPOT ,2,2011-10-28 13:12:00,2.55,15311.0,United Kingdom,5.1,Sale
539434,22467,GUMBALL COAT RACK,1,2010-12-17 14:41:00,5.06,,United Kingdom,5.06,Sale
558904,20992,JAZZ HEARTS PURSE NOTEBOOK,2,2011-07-04 16:18:00,0.83,,United Kingdom,1.66,Sale
566163,23190,BUNDLE OF 3 SCHOOL EXERCISE BOOKS  ,12,2011-09-09 11:48:00,1.65,12637.0,France,19.8,Sale
574837,22383,LUNCH BAG SUKI DESIGN ,10,2011-11-07 11:33:00,1.65,15785.0,United Kingdom,16.5,Sale
545215,22800,ANTIQUE TALL SWIRLGLASS TRINKET POT,1,2011-02-28 16:47:00,7.46,,United Kingdom,7.46,Sale
566483,21891,TRADITIONAL WOODEN SKIPPING ROPE,12,2011-09-13 09:47:00,1.45,13880.0,United Kingdom,17.4,Sale
545895,22934,BAKING MOULD EASTER EGG WHITE CHOC,1,2011-03-07 17:14:00,5.79,,United Kingdom,5.79,Sale
536528,22585,PACK OF 6 BIRDY GIFT TAGS,6,2010-12-01 13:17:00,1.25,15525.0,United Kingdom,7.5,Sale
576658,23582,VINTAGE DOILY JUMBO BAG RED ,10,2011-11-16 11:05:00,2.08,14534.0,United Kingdom,20.8,Sale
577754,22965,3 TRADITIONAl BISCUIT CUTTERS  SET,24,2011-11-21 14:47:00,2.1,18139.0,United Kingdom,50.400000000000006,Sale
581492,21257,VICTORIAN SEWING BOX MEDIUM,2,2011-12-09 10:03:00,15.79,,United Kingdom,31.58,Sale
575087,22355,CHARLOTTE BAG SUKI DESIGN,1,2011-11-08 13:57:00,0.85,16549.0,United Kingdom,0.85,Sale
549526,21931,JUMBO STORAGE BAG SUKI,3,2011-04-08 15:49:00,2.08,13630.0,United Kingdom,6.24,Sale
545550,20749,ASSORTED COLOUR MINI CASES,3,2011-03-03 15:11:00,7.95,18041.0,United Kingdom,23.85,Sale
545217,22439,6 ROCKET BALLOONS ,1,2011-02-28 16:59:00,1.25,,United Kingdom,1.25,Sale
561386,23293,SET OF 12 FAIRY CAKE BAKING CASES,12,2011-07-27 09:14:00,0.83,15660.0,United Kingdom,9.96,Sale
538638,22738,RIBBON REEL SNOWY VILLAGE,1,2010-12-13 14:16:00,1.65,17231.0,United Kingdom,1.65,Sale
561043,22193,RED DINER WALL CLOCK,1,2011-07-24 12:20:00,8.5,15708.0,United Kingdom,8.5,Sale
572077,22114,HOT WATER BOTTLE TEA AND SYMPATHY,8,2011-10-20 14:09:00,4.25,15807.0,United Kingdom,34.0,Sale
560209,21892,TRADITIONAL WOODEN CATCH CUP GAME ,4,2011-07-15 14:05:00,1.25,15004.0,United Kingdom,5.0,Sale
561820,21210,SET OF 72 RETROSPOT PAPER  DOILIES,3,2011-07-29 16:00:00,2.92,,United Kingdom,8.76,Sale
559897,90214C,"LETTER ""C"" BLING KEY RING",12,2011-07-13 12:18:00,1.25,16779.0,United Kingdom,15.0,Sale
568699,22635,CHILDS BREAKFAST SET DOLLY GIRL ,2,2011-09-28 14:58:00,9.95,12352.0,Norway,19.9,Sale
558534,85159B,"WHITE TEA,COFFEE,SUGAR JARS",12,2011-06-30 11:54:00,1.95,13988.0,United Kingdom,23.4,Sale
567661,21989,PACK OF 20 SKULL PAPER NAPKINS,4,2011-09-21 15:06:00,0.85,13959.0,United Kingdom,3.4,Sale
568703,35933,PINK STOCKING CHRISTMAS DECORATION,24,2011-09-28 15:21:00,0.38,12748.0,United Kingdom,9.12,Sale
548807,47599B,BLUE PARTY BAGS ,144,2011-04-04 12:54:00,1.69,16422.0,United Kingdom,243.36,Sale
581165,20831,GOLD PHOTO FRAME,12,2011-12-07 14:39:00,0.79,15701.0,United Kingdom,9.48,Sale
581183,22059,CERAMIC STRAWBERRY DESIGN MUG,24,2011-12-07 16:24:00,0.39,12569.0,Germany,9.36,Sale
559698,21495,SKULLS AND CROSSBONES WRAP,25,2011-07-11 17:07:00,0.42,17589.0,United Kingdom,10.5,Sale
556876,23208,LUNCH BAG VINTAGE LEAF DESIGN,1,2011-06-15 11:56:00,1.65,16241.0,United Kingdom,1.65,Sale
558475,22661,CHARLOTTE BAG DOLLY GIRL DESIGN,1,2011-06-29 15:58:00,1.63,,United Kingdom,1.63,Sale
551426,22560,TRADITIONAL MODELLING CLAY,24,2011-04-28 14:39:00,1.25,14022.0,United Kingdom,30.0,Sale
565453,85099B,JUMBO BAG RED RETROSPOT,10,2011-09-04 16:05:00,2.08,15136.0,United Kingdom,20.8,Sale
561515,84596L,BISCUITS SMALL BOWL LIGHT BLUE,5,2011-07-27 15:16:00,0.83,,United Kingdom,4.15,Sale
571696,21313,GLASS HEART T-LIGHT HOLDER ,12,2011-10-18 14:47:00,0.85,15604.0,United Kingdom,10.2,Sale
575222,23284,DOORMAT KEEP CALM AND COME IN,7,2011-11-09 11:33:00,8.25,16880.0,United Kingdom,57.75,Sale
565766,22189,CREAM HEART CARD HOLDER,1,2011-09-06 14:23:00,3.95,17841.0,United Kingdom,3.95,Sale
574941,23343,JUMBO BAG VINTAGE CHRISTMAS ,215,2011-11-07 17:42:00,4.95,,United Kingdom,1064.25,Sale
558621,22028,PENNY FARTHING BIRTHDAY CARD,24,2011-06-30 16:43:00,0.42,13745.0,United Kingdom,10.08,Sale
574052,20914,SET/5 RED RETROSPOT LID GLASS BOWLS,1,2011-11-02 13:50:00,2.95,16706.0,United Kingdom,2.95,Sale
545471,84568,GIRLS ALPHABET IRON ON PATCHES ,288,2011-03-03 10:34:00,0.21,15087.0,United Kingdom,60.48,Sale
549154,37370,RETRO COFFEE MUGS ASSORTED,12,2011-04-06 16:47:00,1.25,17690.0,United Kingdom,15.0,Sale
545871,23231,WRAP DOILEY DESIGN,25,2011-03-07 14:51:00,0.42,17092.0,United Kingdom,10.5,Sale
563952,22169,FAMILY ALBUM WHITE PICTURE FRAME,2,2011-08-22 10:44:00,8.5,15572.0,United Kingdom,17.0,Sale
574731,22697,GREEN REGENCY TEACUP AND SAUCER,6,2011-11-06 15:09:00,2.95,17831.0,United Kingdom,17.700000000000003,Sale
559693,22976,CIRCUS PARADE CHILDRENS EGG CUP ,1,2011-07-11 16:21:00,2.46,,United Kingdom,2.46,Sale
572758,22114,HOT WATER BOTTLE TEA AND SYMPATHY,2,2011-10-25 18:39:00,8.29,,United Kingdom,16.58,Sale
581414,22445,PENCIL CASE LIFE IS BEAUTIFUL,2,2011-12-08 14:39:00,2.95,14730.0,United Kingdom,5.9,Sale
578258,21479,WHITE SKULL HOT WATER BOTTLE ,1,2011-11-23 13:01:00,4.25,13263.0,United Kingdom,4.25,Sale
580612,84032A,CHARLIE+LOLA PINK HOT WATER BOTTLE,2,2011-12-05 11:58:00,5.79,,United Kingdom,11.58,Sale
564078,85099B,JUMBO BAG RED RETROSPOT,10,2011-08-22 15:43:00,2.08,17083.0,United Kingdom,20.8,Sale
577741,22566,FELTCRAFT HAIRBAND PINK AND PURPLE,12,2011-11-21 13:40:00,0.85,12921.0,United Kingdom,10.2,Sale
539958,22309,TEA COSY RED  STRIPE,1,2010-12-23 13:26:00,5.06,,United Kingdom,5.06,Sale
568680,23404,HOME SWEET HOME BLACKBOARD,6,2011-09-28 14:10:00,4.95,18265.0,United Kingdom,29.700000000000003,Sale
552838,22384,LUNCH BAG PINK POLKADOT,10,2011-05-11 14:24:00,1.65,15732.0,United Kingdom,16.5,Sale
551860,22789,T-LIGHT HOLDER SWEETHEART HANGING,4,2011-05-04 15:41:00,1.95,15508.0,United Kingdom,7.8,Sale
579980,23454,THREE MINI HANGING FRAMES,2,2011-12-01 11:16:00,4.15,13263.0,United Kingdom,8.3,Sale
576339,22727,ALARM CLOCK BAKELIKE RED ,2,2011-11-14 15:27:00,7.46,14096.0,United Kingdom,14.92,Sale
560453,22024,RAINY LADIES BIRTHDAY CARD,24,2011-07-19 09:52:00,0.42,13209.0,United Kingdom,10.08,Sale
549249,22399,MAGNETS PACK OF 4 CHILDHOOD MEMORY,12,2011-04-07 12:04:00,1.25,12423.0,Belgium,15.0,Sale
573500,22306,SILVER MUG BONE CHINA TREE OF LIFE,6,2011-10-31 12:01:00,1.06,16931.0,United Kingdom,6.36,Sale
581492,85053,FRENCH ENAMEL CANDLEHOLDER,1,2011-12-09 10:03:00,4.13,,United Kingdom,4.13,Sale
557267,21907,I'M ON HOLIDAY METAL SIGN,1,2011-06-19 11:23:00,2.1,16805.0,United Kingdom,2.1,Sale
572442,21576,LETS GO SHOPPING COTTON TOTE BAG,6,2011-10-24 12:09:00,2.25,12546.0,Spain,13.5,Sale
543604,22861,EASTER TIN CHICKS IN GARDEN,6,2011-02-10 13:54:00,1.65,16558.0,United Kingdom,9.9,Sale
576357,22423,REGENCY CAKESTAND 3 TIER,1,2011-11-14 16:57:00,12.75,15660.0,United Kingdom,12.75,Sale
558750,23321,SMALL WHITE HEART OF WICKER,12,2011-07-03 10:47:00,1.65,18226.0,United Kingdom,19.8,Sale
573585,21242,RED RETROSPOT PLATE ,2,2011-10-31 14:41:00,3.29,,United Kingdom,6.58,Sale
554520,21955,DOORMAT UNION JACK GUNS AND ROSES,1,2011-05-24 17:03:00,7.95,17841.0,United Kingdom,7.95,Sale
569236,22469,HEART OF WICKER SMALL,6,2011-10-02 15:49:00,1.65,14432.0,United Kingdom,9.9,Sale
560035,85099B,JUMBO BAG RED RETROSPOT,10,2011-07-14 13:41:00,2.08,17706.0,United Kingdom,20.8,Sale
537045,21175,GIN + TONIC DIET METAL SIGN,1,2010-12-05 10:54:00,2.1,15038.0,United Kingdom,2.1,Sale
568376,23338,EGG FRYING PAN RED ,10,2011-09-26 17:20:00,2.08,14031.0,United Kingdom,20.8,Sale
576538,84031A,CHARLIE+LOLA RED HOT WATER BOTTLE ,1,2011-11-15 12:42:00,4.65,14725.0,United Kingdom,4.65,Sale
549059,47566,PARTY BUNTING,12,2011-04-06 10:46:00,4.95,15529.0,United Kingdom,59.400000000000006,Sale
581376,23301,GARDENERS KNEELING PAD KEEP CALM ,1,2011-12-08 12:43:00,1.65,14719.0,United Kingdom,1.65,Sale
567507,20685,DOORMAT RED RETROSPOT,3,2011-09-20 14:46:00,16.63,,United Kingdom,49.89,Sale
546444,22980,PANTRY SCRUBBING BRUSH,1,2011-03-14 10:47:00,1.65,,United Kingdom,1.65,Sale
548163,22135,MINI LADLE LOVE HEART PINK,1,2011-03-29 13:43:00,0.83,,United Kingdom,0.83,Sale
537354,21930,JUMBO STORAGE BAG SKULLS,2,2010-12-06 12:23:00,1.95,12748.0,United Kingdom,3.9,Sale
550740,22491,PACK OF 12 COLOURED PENCILS,1,2011-04-20 11:33:00,1.63,,United Kingdom,1.63,Sale
537434,21035,SET/2 RED RETROSPOT TEA TOWELS ,1,2010-12-06 16:57:00,5.91,,United Kingdom,5.91,Sale
545338,85038,6 CHOCOLATE LOVE HEART T-LIGHTS,2,2011-03-01 17:32:00,2.1,17449.0,United Kingdom,4.2,Sale
537065,21982,PACK OF 12 SUKI TISSUES ,24,2010-12-05 11:57:00,0.29,12567.0,France,6.959999999999999,Sale
543802,82484,WOOD BLACK BOARD ANT WHITE FINISH,2,2011-02-13 12:03:00,7.95,13742.0,United Kingdom,15.9,Sale
565249,22302,COFFEE MUG PEARS  DESIGN,6,2011-09-02 10:38:00,2.55,18027.0,United Kingdom,15.3,Sale
572553,22811,SET OF 6 T-LIGHTS CACTI ,2,2011-10-24 17:09:00,5.79,,United Kingdom,11.58,Sale
567656,21394,RED POLKADOT BEAKER ,1,2011-09-21 14:40:00,1.63,14096.0,United Kingdom,1.63,Sale
550632,84192,ASSORTED COLOUR METAL CAT ,1,2011-04-19 14:56:00,1.25,16907.0,United Kingdom,1.25,Sale
565846,22352,LUNCH BOX WITH CUTLERY RETROSPOT ,2,2011-09-07 12:41:00,2.55,14606.0,United Kingdom,5.1,Sale
574870,22910,PAPER CHAIN KIT VINTAGE CHRISTMAS,4,2011-11-07 12:52:00,2.95,17811.0,United Kingdom,11.8,Sale
578817,22698,PINK REGENCY TEACUP AND SAUCER,1,2011-11-25 13:45:00,2.95,16764.0,United Kingdom,2.95,Sale
538992,84997D,PINK 3 PIECE POLKADOT CUTLERY SET,6,2010-12-15 11:56:00,3.75,15950.0,United Kingdom,22.5,Sale
578153,22908,PACK OF 20 NAPKINS RED APPLES,2,2011-11-23 11:22:00,0.85,12748.0,United Kingdom,1.7,Sale
577823,23084,RABBIT NIGHT LIGHT,120,2011-11-22 09:40:00,1.79,16107.0,United Kingdom,214.8,Sale
580290,23266,SET OF 3 WOODEN STOCKING DECORATION,1,2011-12-02 13:35:00,1.25,17221.0,United Kingdom,1.25,Sale
554151,84522,PINK PARTY SUNGLASSES,6,2011-05-23 11:07:00,1.95,14049.0,United Kingdom,11.7,Sale
563909,22778,GLASS CLOCHE SMALL,1,2011-08-21 12:36:00,3.95,15701.0,United Kingdom,3.95,Sale
572229,22835,HOT WATER BOTTLE I AM SO POORLY,8,2011-10-21 14:23:00,4.95,14329.0,United Kingdom,39.6,Sale
547663,85132B,CHARLIE AND LOLA TABLE TINS,1,2011-03-24 13:16:00,9.95,16022.0,United Kingdom,9.95,Sale
554489,21704,BAG 250g SWIRLY MARBLES,12,2011-05-24 13:46:00,0.85,17272.0,United Kingdom,10.2,Sale
579187,23081,GREEN METAL BOX ARMY SUPPLIES,1,2011-11-28 15:31:00,16.63,,United Kingdom,16.63,Sale
540509,22326,ROUND SNACK BOXES SET OF4 WOODLAND ,2,2011-01-09 11:27:00,2.95,14800.0,United Kingdom,5.9,Sale
541497,20719,WOODLAND CHARLOTTE BAG,3,2011-01-18 15:19:00,1.63,,United Kingdom,4.89,Sale
568868,23014,GLASS APOTHECARY BOTTLE ELIXIR,4,2011-09-29 12:00:00,3.95,12957.0,United Kingdom,15.8,Sale
542745,22654,DELUXE SEWING KIT ,1,2011-01-31 16:47:00,5.95,15881.0,United Kingdom,5.95,Sale
565725,23159,SET OF 5 PANCAKE DAY MAGNETS,12,2011-09-06 11:55:00,2.08,13949.0,United Kingdom,24.96,Sale
559497,82613b,"METAL SIGN,CUPCAKE SINGLE HOOK",1,2011-07-08 13:54:00,2.46,,United Kingdom,2.46,Sale
542789,21166,COOK WITH WINE METAL SIGN ,48,2011-02-01 10:38:00,1.69,17511.0,United Kingdom,81.12,Sale
571937,16054,POPART RECT PENCIL SHARPENER ASST,36,2011-10-20 09:28:00,0.12,14911.0,EIRE,4.32,Sale
570672,23270,SET OF 2 CERAMIC PAINTED HEARTS ,12,2011-10-11 14:52:00,1.45,12536.0,France,17.4,Sale
539631,22629,SPACEBOY LUNCH BOX ,1,2010-12-20 15:03:00,4.21,,United Kingdom,4.21,Sale
564849,22683,FRENCH BLUE METAL DOOR SIGN 8,10,2011-08-30 15:42:00,1.25,17675.0,United Kingdom,12.5,Sale
575989,21314,SMALL GLASS HEART TRINKET POT,2,2011-11-13 14:20:00,2.1,14698.0,United Kingdom,4.2,Sale
543040,84929,ASSTD FRUIT+FLOWERS FRIDGE MAGNETS,12,2011-02-02 17:06:00,0.55,17337.0,United Kingdom,6.6000000000000005,Sale
574733,23451,SQUARE MINI PORTRAIT FRAME,12,2011-11-06 15:17:00,1.95,17082.0,United Kingdom,23.4,Sale
581492,90202C,GREEN ENAMEL FLOWER HAIR TIE,1,2011-12-09 10:03:00,2.9,,United Kingdom,2.9,Sale
572283,21577,SAVE THE PLANET COTTON TOTE BAG,2,2011-10-23 11:42:00,2.25,15000.0,United Kingdom,4.5,Sale
545215,22341,LOVE GARLAND PAINTED ZINC ,1,2011-02-28 16:47:00,3.29,,United Kingdom,3.29,Sale
544041,20914,SET/5 RED RETROSPOT LID GLASS BOWLS,6,2011-02-15 11:50:00,2.95,17730.0,United Kingdom,17.700000000000003,Sale
549245,20727,LUNCH BAG  BLACK SKULL.,2,2011-04-07 12:00:00,1.65,15005.0,United Kingdom,3.3,Sale
564335,21982,PACK OF 12 SUKI TISSUES ,1,2011-08-24 14:23:00,0.29,15800.0,United Kingdom,0.29,Sale
541839,21889,WOODEN BOX OF DOMINOES,3,2011-01-23 11:15:00,1.25,17769.0,United Kingdom,3.75,Sale
541421,22377,BOTTLE BAG RETROSPOT ,6,2011-01-17 17:44:00,1.63,,United Kingdom,9.78,Sale
540992,84992,72 SWEETHEART FAIRY CAKE CASES,6,2011-01-12 16:57:00,0.55,17364.0,United Kingdom,3.3000000000000003,Sale
559436,22093,MOTORING TISSUE BOX,1,2011-07-08 12:18:00,0.39,15901.0,United Kingdom,0.39,Sale
545226,22871,NUMBER TILE COTTAGE GARDEN 3 ,8,2011-03-01 09:33:00,1.95,12428.0,Finland,15.6,Sale
548666,22372,AIRLINE BAG VINTAGE WORLD CHAMPION ,2,2011-04-01 14:58:00,4.25,13124.0,United Kingdom,8.5,Sale
578827,35095A,BLUE VICTORIAN FABRIC OVAL BOX,1,2011-11-25 14:25:00,0.83,,United Kingdom,0.83,Sale
572088,23343,JUMBO BAG VINTAGE CHRISTMAS ,10,2011-10-20 14:33:00,2.08,14585.0,United Kingdom,20.8,Sale
537465,22867,HAND WARMER BIRD DESIGN,12,2010-12-07 10:32:00,2.1,17735.0,United Kingdom,25.200000000000003,Sale
563533,85032C,CURIOUS IMAGES GIFT WRAP SET,1,2011-08-17 11:14:00,0.65,16241.0,United Kingdom,0.65,Sale
574686,23300,GARDENERS KNEELING PAD CUP OF TEA ,2,2011-11-06 13:00:00,1.65,17608.0,United Kingdom,3.3,Sale
540471,21670,BLUE SPOT CERAMIC DRAWER KNOB,12,2011-01-07 14:21:00,1.25,15601.0,United Kingdom,15.0,Sale
550774,22457,NATURAL SLATE HEART CHALKBOARD ,6,2011-04-20 13:18:00,2.95,14626.0,United Kingdom,17.700000000000003,Sale
573584,23252,VINTAGE RED ENAMEL TRIM JUG ,8,2011-10-31 14:36:00,3.75,16705.0,United Kingdom,30.0,Sale
563755,22402,MAGNETS PACK OF 4 VINTAGE COLLAGE,12,2011-08-19 10:58:00,0.39,17612.0,United Kingdom,4.68,Sale
569027,22720,SET OF 3 CAKE TINS PANTRY DESIGN ,3,2011-09-30 10:19:00,4.95,13089.0,United Kingdom,14.85,Sale
539044,22469,HEART OF WICKER SMALL,12,2010-12-15 15:47:00,1.65,15727.0,United Kingdom,19.8,Sale
558751,20761,BLUE PAISLEY SKETCHBOOK,1,2011-07-03 11:26:00,3.75,16009.0,United Kingdom,3.75,Sale
555158,22698,PINK REGENCY TEACUP AND SAUCER,6,2011-06-01 08:38:00,2.95,14842.0,United Kingdom,17.700000000000003,Sale
574561,21868,POTTING SHED TEA MUG,1,2011-11-04 15:52:00,3.29,,United Kingdom,3.29,Sale
541421,21625,VINTAGE UNION JACK APRON,1,2011-01-17 17:44:00,5.79,,United Kingdom,5.79,Sale
566233,22720,SET OF 3 CAKE TINS PANTRY DESIGN ,3,2011-09-11 11:04:00,4.95,12635.0,Germany,14.85,Sale
539453,22963,JAM JAR WITH GREEN LID,3,2010-12-17 17:08:00,1.66,,United Kingdom,4.98,Sale
557271,22659,LUNCH BOX I LOVE LONDON,4,2011-06-19 11:41:00,1.95,17769.0,United Kingdom,7.8,Sale
574020,23084,RABBIT NIGHT LIGHT,6,2011-11-02 12:15:00,2.08,14673.0,United Kingdom,12.48,Sale
570688,21126,SET OF 6 GIRLS CELEBRATION CANDLES,1,2011-10-11 16:29:00,1.25,,United Kingdom,1.25,Sale
555528,21137,BLACK RECORD COVER FRAME,48,2011-06-05 11:44:00,3.39,15694.0,United Kingdom,162.72,Sale
552232,21928,JUMBO BAG SCANDINAVIAN BLUE PAISLEY,1,2011-05-06 15:54:00,4.13,,United Kingdom,4.13,Sale
579751,20718,RED RETROSPOT SHOPPER BAG,1,2011-11-30 14:46:00,3.29,,United Kingdom,3.29,Sale
573379,22734,SET OF 6 RIBBONS VINTAGE CHRISTMAS,6,2011-10-30 14:03:00,2.89,15680.0,United Kingdom,17.34,Sale
581217,22156,HEART DECORATION WITH PEARLS ,2,2011-12-08 09:20:00,1.63,,United Kingdom,3.26,Sale
546330,22250,DECORATION  BUTTERFLY  MAGIC GARDEN,16,2011-03-11 10:30:00,0.85,16817.0,United Kingdom,13.6,Sale
552000,21933,PINK VINTAGE PAISLEY PICNIC BAG,1,2011-05-05 15:56:00,2.46,,United Kingdom,2.46,Sale
559097,23298,SPOTTY BUNTING,6,2011-07-06 10:59:00,4.95,17562.0,United Kingdom,29.700000000000003,Sale
542731,17084N,FAIRY DREAMS INCENSE ,50,2011-01-31 15:27:00,0.21,13600.0,United Kingdom,10.5,Sale
575637,22867,HAND WARMER BIRD DESIGN,5,2011-11-10 13:46:00,2.1,16904.0,United Kingdom,10.5,Sale
545023,22460,EMBOSSED GLASS TEALIGHT HOLDER,12,2011-02-25 14:25:00,1.25,12921.0,United Kingdom,15.0,Sale
545897,22297,HEART IVORY TRELLIS SMALL,1,2011-03-07 17:22:00,2.46,,United Kingdom,2.46,Sale
558538,51014L,"FEATHER PEN,LIGHT PINK",12,2011-06-30 12:12:00,0.39,15005.0,United Kingdom,4.68,Sale
545156,20674,GREEN POLKADOT BOWL,16,2011-02-28 13:27:00,1.25,13509.0,United Kingdom,20.0,Sale
546509,21527,RED RETROSPOT TRADITIONAL TEAPOT ,2,2011-03-14 12:15:00,7.95,14911.0,EIRE,15.9,Sale
554963,21212,PACK OF 72 RETROSPOT CAKE CASES,24,2011-05-27 15:32:00,0.55,14625.0,United Kingdom,13.2,Sale
571433,23526,DOG LICENCE WALL ART,4,2011-10-17 13:19:00,5.95,13015.0,United Kingdom,23.8,Sale
580541,23232,WRAP VINTAGE LEAF DESIGN,25,2011-12-05 09:03:00,0.42,15358.0,United Kingdom,10.5,Sale
541421,85114A,BLACK ENCHANTED FOREST PLACEMAT,4,2011-01-17 17:44:00,3.29,,United Kingdom,13.16,Sale
546888,22107,PIZZA PLATE IN BOX,1,2011-03-17 18:15:00,7.46,,United Kingdom,7.46,Sale
537641,22181,SNOWSTORM PHOTO FRAME FRIDGE MAGNET,1,2010-12-07 15:32:00,1.66,,United Kingdom,1.66,Sale
557285,21094,SET/6 RED SPOTTY PAPER PLATES,5,2011-06-19 12:31:00,0.85,15046.0,United Kingdom,4.25,Sale
571082,22580,ADVENT CALENDAR GINGHAM SACK,1,2011-10-13 15:25:00,4.13,,United Kingdom,4.13,Sale
572703,23517,EMBROIDERED RIBBON REEL REBECCA ,1,2011-10-25 14:35:00,2.89,16110.0,United Kingdom,2.89,Sale
569000,21902,"KEY FOB , FRONT  DOOR ",24,2011-09-29 17:36:00,0.65,17015.0,United Kingdom,15.6,Sale
541516,22211,WOOD STAMP SET FLOWERS,1,2011-01-18 17:34:00,1.63,,United Kingdom,1.63,Sale
558614,21724,PANDA AND BUNNIES STICKER SHEET,3,2011-06-30 15:56:00,0.79,,United Kingdom,2.37,Sale
539293,22197,SMALL POPCORN HOLDER,12,2010-12-16 16:42:00,0.85,18223.0,United Kingdom,10.2,Sale
566582,82582,AREA PATROLLED METAL SIGN,24,2011-09-13 13:49:00,2.1,13384.0,United Kingdom,50.400000000000006,Sale
567662,22748,POPPY'S PLAYHOUSE KITCHEN,6,2011-09-21 15:12:00,2.1,17758.0,United Kingdom,12.6,Sale
550987,21704,BAG 250g SWIRLY MARBLES,1,2011-04-21 18:10:00,1.63,,United Kingdom,1.63,Sale
537054,21823,PAINTED METAL HEART WITH HOLLY BELL,1,2010-12-05 11:40:00,1.45,16931.0,United Kingdom,1.45,Sale
569632,84946,ANTIQUE SILVER T-LIGHT GLASS,36,2011-10-05 11:57:00,1.25,13808.0,United Kingdom,45.0,Sale
580367,23494,VINTAGE DOILY DELUXE SEWING KIT ,2,2011-12-02 16:39:00,12.46,,United Kingdom,24.92,Sale
550512,22297,HEART IVORY TRELLIS SMALL,2,2011-04-18 16:31:00,1.25,18069.0,United Kingdom,2.5,Sale
558774,22371,AIRLINE BAG VINTAGE TOKYO 78,5,2011-07-04 10:17:00,4.13,,United Kingdom,20.65,Sale
565803,21561,DINOSAUR LUNCH BOX WITH CUTLERY,6,2011-09-07 10:38:00,2.55,17735.0,United Kingdom,15.3,Sale
540685,22900, SET 2 TEA TOWELS I LOVE LONDON ,1,2011-01-10 17:08:00,2.95,,United Kingdom,2.95,Sale
540353,22117,METAL SIGN HER DINNER IS SERVED ,1,2011-01-06 14:53:00,2.95,13764.0,United Kingdom,2.95,Sale
539479,84997B,RED 3 PIECE RETROSPOT CUTLERY SET,1,2010-12-19 15:20:00,3.75,,United Kingdom,3.75,Sale
538086,21907,I'M ON HOLIDAY METAL SIGN,2,2010-12-09 14:44:00,2.1,12872.0,United Kingdom,4.2,Sale
553781,21713,CITRONELLA CANDLE FLOWERPOT,8,2011-05-19 10:54:00,2.1,16008.0,United Kingdom,16.8,Sale
581179,23256,CHILDRENS CUTLERY SPACEBOY ,4,2011-12-07 15:43:00,4.15,12471.0,Germany,16.6,Sale
538177,21232,STRAWBERRY CERAMIC TRINKET BOX,3,2010-12-10 09:51:00,2.51,,United Kingdom,7.529999999999999,Sale
560209,82552,WASHROOM METAL SIGN,1,2011-07-15 14:05:00,1.45,15004.0,United Kingdom,1.45,Sale
563011,23052,RECYCLED ACAPULCO MAT TURQUOISE,2,2011-08-11 12:00:00,8.25,16283.0,United Kingdom,16.5,Sale
541270,84508A,CAMOUFLAGE DESIGN TEDDY,1,2011-01-17 11:09:00,2.55,14976.0,United Kingdom,2.55,Sale
565219,22543,MINI JIGSAW BAKE A CAKE ,24,2011-09-01 18:07:00,0.42,14420.0,United Kingdom,10.08,Sale
570640,22972,CHILDREN'S SPACEBOY MUG,12,2011-10-11 12:38:00,1.65,12474.0,Germany,19.8,Sale
563692,72802C,VANILLA SCENT CANDLE JEWELLED BOX,6,2011-08-18 13:01:00,4.25,17243.0,United Kingdom,25.5,Sale
575602,22534,MAGIC DRAWING SLATE SPACEBOY ,2,2011-11-10 12:27:00,0.42,17059.0,United Kingdom,0.84,Sale
537346,21523,DOORMAT FANCY FONT HOME SWEET HOME,2,2010-12-06 12:21:00,7.95,15301.0,United Kingdom,15.9,Sale
566789,21500,PINK POLKADOT WRAP ,25,2011-09-15 10:35:00,0.42,13134.0,United Kingdom,10.5,Sale
544598,82552,WASHROOM METAL SIGN,1,2011-02-21 18:10:00,2.46,,United Kingdom,2.46,Sale
542353,22976,CIRCUS PARADE CHILDRENS EGG CUP ,12,2011-01-27 12:19:00,1.25,16700.0,United Kingdom,15.0,Sale
541484,21584,RETROSPOT SMALL TUBE MATCHES,3,2011-01-18 12:46:00,1.65,16814.0,United Kingdom,4.949999999999999,Sale
551437,22432,WATERING CAN PINK BUNNY,6,2011-04-28 15:13:00,1.95,13725.0,United Kingdom,11.7,Sale
561658,22320,BIRDS MOBILE VINTAGE DESIGN,1,2011-07-28 16:06:00,5.95,12743.0,Unspecified,5.95,Sale
577527,22565,FELTCRAFT HAIRBANDS PINK AND WHITE ,12,2011-11-20 13:40:00,0.85,17523.0,United Kingdom,10.2,Sale
552961,84946,ANTIQUE SILVER T-LIGHT GLASS,12,2011-05-12 12:54:00,1.25,15489.0,United Kingdom,15.0,Sale
548185,22570,FELTCRAFT CUSHION RABBIT,4,2011-03-29 14:58:00,3.75,15628.0,United Kingdom,15.0,Sale
559133,22621,TRADITIONAL KNITTING NANCY,1,2011-07-06 13:13:00,1.65,17861.0,United Kingdom,1.65,Sale
538514,22086,PAPER CHAIN KIT 50'S CHRISTMAS ,1,2010-12-12 14:27:00,2.95,15044.0,United Kingdom,2.95,Sale
580647,21922,UNION STRIPE WITH FRINGE  HAMMOCK,1,2011-12-05 13:14:00,7.95,14083.0,United Kingdom,7.95,Sale
562652,82582,AREA PATROLLED METAL SIGN,12,2011-08-08 13:34:00,2.1,14844.0,United Kingdom,25.200000000000003,Sale
578347,22995,TRAVEL CARD WALLET SUKI,2,2011-11-24 09:26:00,0.83,,United Kingdom,1.66,Sale
548255,21463,MIRRORED DISCO BALL ,2,2011-03-30 10:46:00,5.95,13078.0,United Kingdom,11.9,Sale
557268,23242,TREASURE TIN BUFFALO BILL ,2,2011-06-19 11:26:00,2.08,13097.0,United Kingdom,4.16,Sale
542393,22113,GREY HEART HOT WATER BOTTLE,4,2011-01-27 15:02:00,3.75,18125.0,United Kingdom,15.0,Sale
565917,22104,MIRROR MOSAIC CANDLE PLATE,20,2011-09-07 16:15:00,1.63,,United Kingdom,32.599999999999994,Sale
559700,22469,HEART OF WICKER SMALL,144,2011-07-12 09:04:00,1.93,17450.0,United Kingdom,277.92,Sale
576692,22179,SET 10 NIGHT OWL LIGHTS,4,2011-11-16 12:21:00,6.75,17412.0,United Kingdom,27.0,Sale
544596,21619,4 VANILLA BOTANICAL CANDLES,4,2011-02-21 17:35:00,3.75,16441.0,United Kingdom,15.0,Sale
545217,21238,RED RETROSPOT CUP,2,2011-02-28 16:59:00,1.67,,United Kingdom,3.34,Sale
541859,21781,MA CAMPAGNE CUTLERY BOX,1,2011-01-23 15:34:00,14.95,14606.0,United Kingdom,14.95,Sale
545667,22361,GLASS JAR DAISY FRESH COTTON WOOL,1,2011-03-04 16:07:00,5.79,,United Kingdom,5.79,Sale
564375,22654,DELUXE SEWING KIT ,3,2011-08-25 10:16:00,5.95,13078.0,United Kingdom,17.85,Sale
556823,21430,SET/3 RED GINGHAM ROSE STORAGE BOX,1,2011-06-15 10:24:00,7.46,,United Kingdom,7.46,Sale
544812,22489,PACK OF 12 TRADITIONAL CRAYONS,1,2011-02-23 15:58:00,0.83,,United Kingdom,0.83,Sale
541999,85131C,BEADED CRYSTAL HEART BLUE ON STICK,3,2011-01-25 10:45:00,0.83,,United Kingdom,2.49,Sale
574714,22865,HAND WARMER OWL DESIGN,2,2011-11-06 14:29:00,2.1,15427.0,United Kingdom,4.2,Sale
569544,23353,6 GIFT TAGS VINTAGE CHRISTMAS ,1,2011-10-04 16:33:00,1.63,,United Kingdom,1.63,Sale
578255,23378,PACK OF 12 50'S CHRISTMAS TISSUES,1,2011-11-23 12:58:00,0.39,14675.0,United Kingdom,0.39,Sale
575933,22909,SET OF 20 VINTAGE CHRISTMAS NAPKINS,288,2011-11-13 10:41:00,0.72,14911.0,EIRE,207.36,Sale
543997,84218,BOX/12 CHICK & EGG IN BASKET,1,2011-02-15 10:49:00,1.95,17348.0,United Kingdom,1.95,Sale
574074,22818,CARD CHRISTMAS VILLAGE,4,2011-11-02 15:33:00,0.42,,United Kingdom,1.68,Sale
544770,48116,DOORMAT MULTICOLOUR STRIPE,1,2011-02-23 11:11:00,14.13,,United Kingdom,14.13,Sale
536390,21080,SET/20 RED RETROSPOT PAPER NAPKINS ,96,2010-12-01 10:19:00,0.64,17511.0,United Kingdom,61.44,Sale
554990,22123,PING MICROWAVE APRON,12,2011-05-29 13:57:00,1.95,16567.0,United Kingdom,23.4,Sale
577497,85099B,JUMBO BAG RED RETROSPOT,2,2011-11-20 12:22:00,2.08,17555.0,United Kingdom,4.16,Sale
578814,22755,SMALL PURPLE BABUSHKA NOTEBOOK ,1,2011-11-25 13:40:00,0.85,12748.0,United Kingdom,0.85,Sale
553390,22683,FRENCH BLUE METAL DOOR SIGN 8,1,2011-05-16 16:41:00,1.25,17841.0,United Kingdom,1.25,Sale
571041,21216,"SET 3 RETROSPOT TEA,COFFEE,SUGAR",2,2011-10-13 13:00:00,4.95,14527.0,United Kingdom,9.9,Sale
566010,22865,HAND WARMER OWL DESIGN,2,2011-09-08 12:05:00,2.1,13700.0,United Kingdom,4.2,Sale
547500,85123A,WHITE HANGING HEART T-LIGHT HOLDER,32,2011-03-23 12:39:00,2.55,13408.0,United Kingdom,81.6,Sale
574714,23189,SET OF 12 FORK CANDLES,12,2011-11-06 14:29:00,2.89,15427.0,United Kingdom,34.68,Sale
555199,23300,GARDENERS KNEELING PAD CUP OF TEA ,1,2011-06-01 12:05:00,1.65,14606.0,United Kingdom,1.65,Sale
568191,22712,CARD DOLLY GIRL ,12,2011-09-25 14:37:00,0.42,16655.0,United Kingdom,5.04,Sale
537036,85049A,TRADITIONAL CHRISTMAS RIBBONS,1,2010-12-03 17:28:00,1.25,15545.0,United Kingdom,1.25,Sale
563549,20655,QUEEN OF SKIES LUGGAGE TAG,2,2011-08-17 12:34:00,2.46,,United Kingdom,4.92,Sale
545158,21621,VINTAGE UNION JACK BUNTING,36,2011-02-28 13:28:00,8.5,15874.0,United Kingdom,306.0,Sale
563556,85099B,JUMBO BAG RED RETROSPOT,10,2011-08-17 13:31:00,2.08,17706.0,United Kingdom,20.8,Sale
576066,70007,HI TEC ALPINE HAND WARMER,1,2011-11-13 15:44:00,1.65,16898.0,United Kingdom,1.65,Sale
537208,21311,SET/4 BIRD MIRROR MAGNETS ,1,2010-12-05 15:12:00,2.1,15889.0,United Kingdom,2.1,Sale
542397,22382,LUNCH BAG SPACEBOY DESIGN ,20,2011-01-27 15:22:00,1.65,13328.0,United Kingdom,33.0,Sale
540641,82486,WOOD S/3 CABINET ANT WHITE FINISH,2,2011-01-10 13:20:00,7.95,16497.0,United Kingdom,15.9,Sale
549981,22913,RED COAT RACK PARIS FASHION,1,2011-04-13 15:49:00,4.95,16348.0,United Kingdom,4.95,Sale
573373,85227,SET OF 6 3D KIT CARDS FOR KIDS,6,2011-10-30 13:37:00,0.85,14684.0,United Kingdom,5.1,Sale
577049,85049A,TRADITIONAL CHRISTMAS RIBBONS,2,2011-11-17 13:58:00,1.25,17397.0,United Kingdom,2.5,Sale
543023,21735,TWO DOOR CURIO CABINET,2,2011-02-02 14:38:00,12.75,15270.0,United Kingdom,25.5,Sale
562264,22720,SET OF 3 CAKE TINS PANTRY DESIGN ,3,2011-08-03 16:14:00,10.79,,United Kingdom,32.37,Sale
540352,22966,GINGERBREAD MAN COOKIE CUTTER,1,2011-01-06 14:27:00,2.51,,United Kingdom,2.51,Sale
567423,22978,PANTRY ROLLING PIN,708,2011-09-20 11:05:00,4.18,17450.0,United Kingdom,2959.44,Sale
560270,22421,LIPSTICK PEN FUSCHIA,1,2011-07-17 14:42:00,0.42,16744.0,United Kingdom,0.42,Sale
547729,21439,BASKET OF TOADSTOOLS,4,2011-03-25 10:52:00,1.25,15529.0,United Kingdom,5.0,Sale
573066,22652,TRAVEL SEWING KIT,4,2011-10-27 13:53:00,1.65,16026.0,United Kingdom,6.6,Sale
545797,21907,I'M ON HOLIDAY METAL SIGN,2,2011-03-07 12:17:00,2.1,16225.0,United Kingdom,4.2,Sale
562037,22497,SET OF 2 TINS VINTAGE BATHROOM ,4,2011-08-02 09:34:00,4.25,13023.0,United Kingdom,17.0,Sale
578347,22921,HERB MARKER CHIVES ,2,2011-11-24 09:26:00,1.63,,United Kingdom,3.26,Sale
573345,22998,TRAVEL CARD WALLET KEEP CALM,3,2011-10-30 12:14:00,0.42,17609.0,United Kingdom,1.26,Sale
542102,22697,GREEN REGENCY TEACUP AND SAUCER,6,2011-01-25 13:26:00,2.95,12744.0,Singapore,17.700000000000003,Sale
564532,22623,BOX OF VINTAGE JIGSAW BLOCKS ,3,2011-08-25 15:04:00,5.95,14055.0,United Kingdom,17.85,Sale
540031,82551,LAUNDRY 15C METAL SIGN,4,2011-01-04 13:50:00,1.45,17975.0,United Kingdom,5.8,Sale
573585,22261,FELT EGG COSY WHITE RABBIT ,1,2011-10-31 14:41:00,1.63,,United Kingdom,1.63,Sale
544677,35972,DAISY FOLKART HEART DECORATION,2,2011-02-22 16:13:00,1.25,18196.0,United Kingdom,2.5,Sale
566976,22382,LUNCH BAG SPACEBOY DESIGN ,10,2011-09-16 09:27:00,1.65,15382.0,United Kingdom,16.5,Sale
559903,22740,POLKADOT PEN,48,2011-07-13 13:16:00,0.85,12935.0,United Kingdom,40.8,Sale
567304,23403,LETTER HOLDER HOME SWEET HOME,1,2011-09-19 13:27:00,3.75,14704.0,United Kingdom,3.75,Sale
575477,22150,3 STRIPEY MICE FELTCRAFT,1,2011-11-09 16:14:00,4.13,,United Kingdom,4.13,Sale
567211,84596B,SMALL DOLLY MIX DESIGN ORANGE BOWL,8,2011-09-19 11:02:00,0.42,14159.0,United Kingdom,3.36,Sale
556740,22411,JUMBO SHOPPER VINTAGE RED PAISLEY,4,2011-06-14 12:06:00,2.08,17346.0,United Kingdom,8.32,Sale
558809,15056p,EDWARDIAN PARASOL PINK,1,2011-07-04 11:10:00,12.46,,United Kingdom,12.46,Sale
575607,20659,ECONOMY LUGGAGE TAG,4,2011-11-10 12:37:00,2.46,14096.0,United Kingdom,9.84,Sale
557484,35471D,SET OF 3 BIRD LIGHT PINK FEATHER ,24,2011-06-20 14:36:00,0.39,14796.0,United Kingdom,9.36,Sale
557757,84950,ASSORTED COLOUR T-LIGHT HOLDER,1,2011-06-22 13:28:00,0.65,14606.0,United Kingdom,0.65,Sale
581074,23357,HOT WATER BOTTLE SEX BOMB,2,2011-12-07 11:27:00,1.65,15568.0,United Kingdom,3.3,Sale
550768,82483,WOOD 2 DRAWER CABINET WHITE FINISH,6,2011-04-20 12:44:00,6.95,15039.0,United Kingdom,41.7,Sale
536544,22928,YELLOW GIANT GARDEN THERMOMETER,1,2010-12-01 14:32:00,11.87,,United Kingdom,11.87,Sale
566221,20724,RED RETROSPOT CHARLOTTE BAG,1,2011-09-09 16:13:00,1.63,,United Kingdom,1.63,Sale
578027,22625,RED KITCHEN SCALES,2,2011-11-22 13:29:00,8.5,15977.0,United Kingdom,17.0,Sale
579508,22961,JAM MAKING SET PRINTED,9,2011-11-29 16:33:00,3.29,,United Kingdom,29.61,Sale
549568,21136,PAINTED METAL PEARS ASSORTED,8,2011-04-10 15:09:00,1.69,15665.0,United Kingdom,13.52,Sale
571837,22557,PLASTERS IN TIN VINTAGE PAISLEY ,6,2011-10-19 12:11:00,1.65,16470.0,United Kingdom,9.9,Sale
546136,20616,CHERRY BLOSSOM PASSPORT COVER,1,2011-03-09 16:32:00,1.63,,United Kingdom,1.63,Sale
567878,22896,PEG BAG APPLES DESIGN,2,2011-09-22 14:42:00,2.55,16910.0,United Kingdom,5.1,Sale
550352,17091J,VANILLA INCENSE IN TIN,3,2011-04-18 10:21:00,1.25,16719.0,United Kingdom,3.75,Sale
539434,22646,CERAMIC STRAWBERRY CAKE MONEY BANK,2,2010-12-17 14:41:00,3.36,,United Kingdom,6.72,Sale
564817,82616C,MIDNIGHT GLAMOUR SCARF KNITTING KIT,2,2011-08-30 12:02:00,2.46,,United Kingdom,4.92,Sale
546306,22467,GUMBALL COAT RACK,1,2011-03-10 16:16:00,4.96,,United Kingdom,4.96,Sale
554702,21922,UNION STRIPE WITH FRINGE  HAMMOCK,2,2011-05-26 09:45:00,7.95,15805.0,United Kingdom,15.9,Sale
567482,22652,TRAVEL SEWING KIT,3,2011-09-20 13:42:00,1.65,16464.0,United Kingdom,4.949999999999999,Sale
558475,90198B,VINTAGE ROSE BEAD BRACELET BLACK,1,2011-06-29 15:58:00,4.15,,United Kingdom,4.15,Sale
538524,90126A,PINK BERTIE MOBILE PHONE CHARM,1,2010-12-13 09:35:00,3.36,,United Kingdom,3.36,Sale
551719,22356,CHARLOTTE BAG PINK POLKADOT,1,2011-05-03 16:09:00,1.63,,United Kingdom,1.63,Sale
569253,23439,HAND WARMER RED LOVE HEART,12,2011-10-03 10:55:00,2.1,13635.0,United Kingdom,25.200000000000003,Sale
580061,23355,HOT WATER BOTTLE KEEP CALM,24,2011-12-01 13:27:00,4.15,14051.0,United Kingdom,99.6,Sale
561995,23026,DRAWER KNOB VINTAGE GLASS STAR,6,2011-08-01 13:44:00,2.08,16133.0,United Kingdom,12.48,Sale
537067,72349B,SET/6 PURPLE BUTTERFLY T-LIGHTS,1,2010-12-05 11:57:00,2.1,14813.0,United Kingdom,2.1,Sale
551718,84795B,SUNSET CHECK HAMMOCK,2,2011-05-03 16:06:00,16.63,,United Kingdom,33.26,Sale
577544,22540,MINI JIGSAW CIRCUS PARADE ,4,2011-11-20 14:43:00,0.42,17758.0,United Kingdom,1.68,Sale
575574,22321,BIRD DECORATION RED RETROSPOT,4,2011-11-10 11:37:00,0.85,14606.0,United Kingdom,3.4,Sale
552309,22383,LUNCH BAG SUKI DESIGN ,10,2011-05-08 15:22:00,1.65,13835.0,United Kingdom,16.5,Sale
575069,21166,COOK WITH WINE METAL SIGN ,12,2011-11-08 12:51:00,2.08,17637.0,United Kingdom,24.96,Sale
564136,47504K,ENGLISH ROSE GARDEN SECATEURS,12,2011-08-23 11:16:00,0.79,14404.0,United Kingdom,9.48,Sale
559337,23307,SET OF 60 PANTRY DESIGN CAKE CASES ,5,2011-07-07 16:27:00,1.25,,United Kingdom,6.25,Sale
577076,21868,POTTING SHED TEA MUG,1,2011-11-17 15:08:00,1.65,14362.0,United Kingdom,1.65,Sale
542387,22899,CHILDREN'S APRON DOLLY GIRL ,1,2011-01-27 14:38:00,2.1,,United Kingdom,2.1,Sale
544565,22637,PIGGY BANK RETROSPOT ,4,2011-02-21 12:53:00,2.55,18055.0,United Kingdom,10.2,Sale
570254,21506,"FANCY FONT BIRTHDAY CARD, ",12,2011-10-10 09:41:00,0.42,16179.0,United Kingdom,5.04,Sale
573362,POST,POSTAGE,10,2011-10-30 13:06:00,28.0,12597.0,Spain,280.0,Sale
566757,22909,SET OF 20 VINTAGE CHRISTMAS NAPKINS,1,2011-09-14 15:54:00,1.63,,United Kingdom,1.63,Sale
576905,23504,PLAYING CARDS JUBILEE UNION JACK,12,2011-11-17 09:31:00,1.25,13308.0,United Kingdom,15.0,Sale
557057,20835,FRENCH LATTICE CUSHION COVER ,12,2011-06-16 14:46:00,0.83,16843.0,United Kingdom,9.96,Sale
559499,21243,PINK  POLKADOT PLATE ,1,2011-07-08 14:22:00,3.29,,United Kingdom,3.29,Sale
572224,22577,WOODEN HEART CHRISTMAS SCANDINAVIAN,12,2011-10-21 13:46:00,0.85,16558.0,United Kingdom,10.2,Sale
559493,22077,6 RIBBONS RUSTIC CHARM,2,2011-07-08 13:53:00,4.13,,United Kingdom,8.26,Sale
555720,23043,PAPER LANTERN 9 POINT HOLLY STAR L,2,2011-06-06 15:46:00,6.25,16611.0,United Kingdom,12.5,Sale
541263,22570,FELTCRAFT CUSHION RABBIT,12,2011-01-16 16:10:00,3.75,16843.0,United Kingdom,45.0,Sale
548687,75131,METAL TUBE CHIME ON BAMBOO,392,2011-04-01 16:50:00,1.0,14195.0,United Kingdom,392.0,Sale
564061,21745,GAOLERS KEYS DECORATIVE GARDEN ,4,2011-08-22 14:38:00,3.75,14505.0,United Kingdom,15.0,Sale
573992,84879,ASSORTED COLOUR BIRD ORNAMENT,8,2011-11-02 11:20:00,1.69,15275.0,United Kingdom,13.52,Sale
559538,22796,PHOTO FRAME 3 CLASSIC HANGING,1,2011-07-10 12:25:00,9.95,16880.0,United Kingdom,9.95,Sale
564172,23176,ABC TREASURE BOOK BOX ,3,2011-08-23 14:19:00,2.25,16033.0,United Kingdom,6.75,Sale
558087,22563,HAPPY STENCIL CRAFT,3,2011-06-26 12:04:00,1.25,17323.0,United Kingdom,3.75,Sale
557055,POST,POSTAGE,2,2011-06-16 14:45:00,18.0,12621.0,Germany,36.0,Sale
567356,23148,MINIATURE ANTIQUE ROSE HOOK IVORY,10,2011-09-19 16:21:00,0.83,16527.0,United Kingdom,8.299999999999999,Sale
569246,72816,SET/3 CHRISTMAS DECOUPAGE CANDLES,1,2011-10-03 09:57:00,2.46,14096.0,United Kingdom,2.46,Sale
556415,23171,REGENCY TEA PLATE GREEN ,48,2011-06-10 12:19:00,1.45,12409.0,Switzerland,69.6,Sale
574298,22577,WOODEN HEART CHRISTMAS SCANDINAVIAN,12,2011-11-03 15:56:00,0.83,,United Kingdom,9.96,Sale
544075,22842,BISCUIT TIN VINTAGE RED,24,2011-02-15 14:50:00,5.95,14156.0,EIRE,142.8,Sale
572549,23500,KEY RING BASEBALL BOOT ASSORTED ,1,2011-10-24 17:03:00,2.46,,United Kingdom,2.46,Sale
560233,22381,TOY TIDY PINK POLKADOT,2,2011-07-17 11:10:00,2.1,16813.0,United Kingdom,4.2,Sale
556048,21122,SET/10 PINK POLKADOT PARTY CANDLES,24,2011-06-08 13:00:00,1.25,15609.0,United Kingdom,30.0,Sale
545719,22993,SET OF 4 PANTRY JELLY MOULDS,12,2011-03-07 10:28:00,1.25,13344.0,United Kingdom,15.0,Sale
549251,84596F,SMALL MARSHMALLOWS PINK BOWL,2,2011-04-07 12:16:00,0.42,14449.0,United Kingdom,0.84,Sale
578155,21329,DINOSAURS  WRITING SET ,3,2011-11-23 11:32:00,1.65,12748.0,United Kingdom,4.949999999999999,Sale
540566,84459B,YELLOW METAL CHICKEN HEART ,1,2011-01-10 10:58:00,1.49,17811.0,United Kingdom,1.49,Sale
556784,23298,SPOTTY BUNTING,4,2011-06-14 13:15:00,4.95,14461.0,United Kingdom,19.8,Sale
566488,23170,REGENCY TEA PLATE ROSES ,12,2011-09-13 10:16:00,1.65,12940.0,United Kingdom,19.8,Sale
537415,22956,36 FOIL HEART CAKE CASES,6,2010-12-06 15:09:00,2.1,16654.0,United Kingdom,12.6,Sale
536634,22170,PICTURE FRAME WOOD TRIPLE PORTRAIT,3,2010-12-02 11:21:00,6.75,18041.0,United Kingdom,20.25,Sale
572339,21288,STRIPEY CHOCOLATE NESTING BOXES,24,2011-10-24 10:32:00,2.55,14607.0,United Kingdom,61.2,Sale
546653,22378,WALL TIDY RETROSPOT ,1,2011-03-15 14:18:00,4.96,,United Kingdom,4.96,Sale
562218,23342,MINT DINER WALL CLOCK,2,2011-08-03 14:07:00,8.5,13851.0,United Kingdom,17.0,Sale
565803,21928,JUMBO BAG SCANDINAVIAN BLUE PAISLEY,10,2011-09-07 10:38:00,2.08,17735.0,United Kingdom,20.8,Sale
580877,22835,HOT WATER BOTTLE I AM SO POORLY,1,2011-12-06 12:15:00,4.95,17250.0,United Kingdom,4.95,Sale
564758,23326,HANGING MINI COLOURED BOTTLES,1,2011-08-30 10:39:00,8.29,,United Kingdom,8.29,Sale
576933,22778,GLASS CLOCHE SMALL,2,2011-11-17 11:29:00,3.95,15529.0,United Kingdom,7.9,Sale
575867,22791,T-LIGHT GLASS FLUTED ANTIQUE,12,2011-11-11 12:44:00,1.25,15034.0,United Kingdom,15.0,Sale
544097,85061W,WHITE JEWELLED HEART DECORATION,48,2011-02-16 09:56:00,0.85,12455.0,Cyprus,40.8,Sale
556778,22627,MINT KITCHEN SCALES,1,2011-06-14 12:41:00,8.5,16712.0,United Kingdom,8.5,Sale
560723,22178,VICTORIAN GLASS HANGING T-LIGHT,4,2011-07-20 13:53:00,1.25,16464.0,United Kingdom,5.0,Sale
539979,21192,WHITE BELL HONEYCOMB PAPER ,5,2010-12-23 14:10:00,1.65,,United Kingdom,8.25,Sale
546924,22630,DOLLY GIRL LUNCH BOX,12,2011-03-18 10:06:00,1.95,14059.0,United Kingdom,23.4,Sale
578153,21788,KIDS RAIN MAC BLUE,1,2011-11-23 11:22:00,0.85,12748.0,United Kingdom,0.85,Sale
537434,22862,LOVE HEART NAPKIN BOX ,3,2010-12-06 16:57:00,8.47,,United Kingdom,25.410000000000004,Sale
539436,20866,BLUE ROSE FABRIC MIRROR,1,2010-12-17 14:49:00,2.51,,United Kingdom,2.51,Sale
569460,23359,SET OF 12 T-LIGHTS VINTAGE DOILY,12,2011-10-04 11:33:00,1.95,13895.0,United Kingdom,23.4,Sale
576078,21313,GLASS HEART T-LIGHT HOLDER ,1,2011-11-13 16:22:00,0.85,14432.0,United Kingdom,0.85,Sale
565807,22457,NATURAL SLATE HEART CHALKBOARD ,6,2011-09-07 10:55:00,2.95,14334.0,United Kingdom,17.700000000000003,Sale
561671,21912,VINTAGE SNAKES & LADDERS,144,2011-07-28 17:17:00,2.62,12830.0,United Kingdom,377.28,Sale
579512,23319,BOX OF 6 MINI 50'S CRACKERS,1,2011-11-29 16:47:00,4.96,,United Kingdom,4.96,Sale
563256,21116,OWL DOORSTOP,3,2011-08-15 12:07:00,4.95,18143.0,United Kingdom,14.85,Sale
548952,22631,CIRCUS PARADE LUNCH BOX ,2,2011-04-05 10:46:00,1.95,15572.0,United Kingdom,3.9,Sale
541206,22963,JAM JAR WITH GREEN LID,48,2011-01-14 12:24:00,0.72,14646.0,Netherlands,34.56,Sale
571797,21557,SET OF 6 FUNKY BEAKERS,1,2011-10-19 11:41:00,5.63,,United Kingdom,5.63,Sale
546426,22439,6 ROCKET BALLOONS ,20,2011-03-13 13:46:00,0.65,13708.0,United Kingdom,13.0,Sale
561209,22217,T-LIGHT HOLDER HANGING LACE,2,2011-07-25 16:57:00,2.46,,United Kingdom,4.92,Sale
539958,47563A,RETRO LONGBOARD IRONING BOARD COVER,2,2010-12-23 13:26:00,3.36,,United Kingdom,6.72,Sale
574959,23308,SET OF 60 VINTAGE LEAF CAKE CASES ,1,2011-11-08 10:09:00,0.55,17886.0,United Kingdom,0.55,Sale
572926,23283,DOORMAT VINTAGE LEAF,4,2011-10-27 09:23:00,8.25,15659.0,United Kingdom,33.0,Sale
557747,23283,DOORMAT VINTAGE LEAVES DESIGN ,2,2011-06-22 12:25:00,7.95,13611.0,United Kingdom,15.9,Sale
578026,23472, NINE DRAWER OFFICE TIDY,1,2011-11-22 13:29:00,14.95,17659.0,United Kingdom,14.95,Sale
571715,22470,HEART OF WICKER LARGE,5,2011-10-18 17:04:00,2.95,17576.0,United Kingdom,14.75,Sale
536592,21249,WOODLAND  HEIGHT CHART STICKERS ,1,2010-12-01 17:06:00,5.91,,United Kingdom,5.91,Sale
564330,22441,GROW YOUR OWN BASIL IN ENAMEL MUG,1,2011-08-24 13:57:00,2.1,13411.0,United Kingdom,2.1,Sale
557753,21094,SET/6 RED SPOTTY PAPER PLATES,12,2011-06-22 13:00:00,0.85,17877.0,United Kingdom,10.2,Sale
551057,21524,DOORMAT SPOTTY HOME SWEET HOME,1,2011-04-26 11:59:00,7.95,16942.0,United Kingdom,7.95,Sale
565442,21843,RED RETROSPOT CAKE STAND,2,2011-09-04 14:09:00,10.95,12627.0,Germany,21.9,Sale
550335,20685,DOORMAT RED RETROSPOT,1,2011-04-17 14:36:00,7.95,15535.0,United Kingdom,7.95,Sale
559817,23285,PINK VINTAGE SPOT BEAKER,1,2011-07-12 16:20:00,1.63,,United Kingdom,1.63,Sale
556106,20718,RED RETROSPOT SHOPPER BAG,5,2011-06-08 16:54:00,1.25,14056.0,United Kingdom,6.25,Sale
560251,21974,SET OF 36 PAISLEY FLOWER DOILIES,1,2011-07-17 12:32:00,1.45,17774.0,United Kingdom,1.45,Sale
563062,21260,FIRST AID TIN,6,2011-08-11 15:25:00,3.25,17811.0,United Kingdom,19.5,Sale
550836,22171,3 HOOK PHOTO SHELF ANTIQUE WHITE,2,2011-04-21 10:55:00,8.5,14759.0,United Kingdom,17.0,Sale
568703,20963,APPLE BATH SPONGE,1,2011-09-28 15:21:00,1.25,12748.0,United Kingdom,1.25,Sale
567866,22429,ENAMEL MEASURING JUG CREAM,2,2011-09-22 14:13:00,4.25,16669.0,United Kingdom,8.5,Sale
571257,22973,CHILDREN'S CIRCUS PARADE MUG,10,2011-10-14 17:17:00,3.29,,United Kingdom,32.9,Sale
540979,21626,VINTAGE UNION JACK PENNANT,6,2011-01-12 15:06:00,1.95,15727.0,United Kingdom,11.7,Sale
559061,23249,VINTAGE RED ENAMEL TRIM PLATE,7,2011-07-06 10:04:00,1.65,17220.0,United Kingdom,11.55,Sale
556828,21829,DINOSAUR KEYRINGS ASSORTED,36,2011-06-15 10:39:00,0.21,17284.0,United Kingdom,7.56,Sale
549293,21928,JUMBO BAG SCANDINAVIAN BLUE PAISLEY,2,2011-04-07 19:16:00,2.08,17883.0,United Kingdom,4.16,Sale
566937,22113,GREY HEART HOT WATER BOTTLE,36,2011-09-15 15:44:00,3.75,12995.0,United Kingdom,135.0,Sale
579986,84029E,RED WOOLLY HOTTIE WHITE HEART.,180,2011-12-01 11:18:00,3.39,13777.0,United Kingdom,610.2,Sale
548546,22219,LOVEBIRD HANGING DECORATION WHITE ,12,2011-03-31 19:20:00,0.85,16600.0,United Kingdom,10.2,Sale
567697,23298,SPOTTY BUNTING,3,2011-09-22 08:41:00,4.95,16558.0,United Kingdom,14.85,Sale
557525,22715,CARD WEDDING DAY,12,2011-06-21 09:26:00,0.42,12759.0,Netherlands,5.04,Sale
551440,20712,JUMBO BAG WOODLAND ANIMALS,1,2011-04-28 15:29:00,2.08,15311.0,United Kingdom,2.08,Sale
562587,22906,12 MESSAGE CARDS WITH ENVELOPES,12,2011-08-07 14:34:00,1.65,15640.0,United Kingdom,19.8,Sale
556237,85132C,CHARLIE AND LOLA FIGURES TINS,2,2011-06-09 15:34:00,5.79,,United Kingdom,11.58,Sale
570442,22950,36 DOILIES VINTAGE CHRISTMAS,1,2011-10-10 14:37:00,1.45,16549.0,United Kingdom,1.45,Sale
579777,90141A,GREEN PENDANT TRIPLE SHELL NECKLACE,1,2011-11-30 15:13:00,5.4,,United Kingdom,5.4,Sale
568951,22432,WATERING CAN PINK BUNNY,6,2011-09-29 15:26:00,1.95,17724.0,United Kingdom,11.7,Sale
578347,22598,CHRISTMAS MUSICAL ZINC TREE,4,2011-11-24 09:26:00,0.83,,United Kingdom,3.32,Sale
570827,22865,HAND WARMER OWL DESIGN,1,2011-10-12 13:14:00,2.1,15831.0,United Kingdom,2.1,Sale
537645,15056bl,EDWARDIAN PARASOL BLACK,2,2010-12-07 15:34:00,12.72,,United Kingdom,25.44,Sale
565995,23208,LUNCH BAG VINTAGE LEAF DESIGN,2,2011-09-08 11:48:00,1.65,16076.0,United Kingdom,3.3,Sale
561247,22851,SET 20 NAPKINS FAIRY CAKES DESIGN ,12,2011-07-26 11:38:00,0.85,16592.0,United Kingdom,10.2,Sale
536947,21154,RED RETROSPOT OVEN GLOVE ,10,2010-12-03 12:29:00,1.25,13013.0,United Kingdom,12.5,Sale
574077,23245,SET OF 3 REGENCY CAKE TINS,4,2011-11-02 15:56:00,4.95,17999.0,United Kingdom,19.8,Sale
560426,21931,JUMBO STORAGE BAG SUKI,10,2011-07-18 15:15:00,2.08,14038.0,United Kingdom,20.8,Sale
550496,20707,CRAZY DAISY HEART DECORATION,5,2011-04-18 15:05:00,0.83,,United Kingdom,4.15,Sale
565141,23209,LUNCH BAG VINTAGE DOILY ,1,2011-09-01 13:40:00,1.65,17841.0,United Kingdom,1.65,Sale
555923,22326,ROUND SNACK BOXES SET OF4 WOODLAND ,1,2011-06-07 17:09:00,5.79,,United Kingdom,5.79,Sale
538153,37340,MULTICOLOUR SPRING FLOWER MUG,1,2010-12-09 16:31:00,8.47,,United Kingdom,8.47,Sale
543190,22084,PAPER CHAIN KIT EMPIRE,1,2011-02-04 11:52:00,2.95,17226.0,United Kingdom,2.95,Sale
559157,23251,VINTAGE RED ENAMEL TRIM MUG ,12,2011-07-06 15:53:00,1.25,13999.0,United Kingdom,15.0,Sale
580727,21731,RED TOADSTOOL LED NIGHT LIGHT,7,2011-12-05 17:17:00,3.29,14096.0,United Kingdom,23.03,Sale
549292,22781,GUMBALL MAGAZINE RACK,1,2011-04-07 19:10:00,7.65,17869.0,United Kingdom,7.65,Sale
570374,23169,CLASSIC GLASS COOKIE JAR,1,2011-10-10 12:34:00,4.15,14719.0,United Kingdom,4.15,Sale
553198,23230,WRAP ALPHABET DESIGN,25,2011-05-15 14:48:00,0.42,13752.0,United Kingdom,10.5,Sale
538349,35004B,SET OF 3 BLACK FLYING DUCKS,1,2010-12-10 14:59:00,5.91,,United Kingdom,5.91,Sale
566739,23254,CHILDRENS CUTLERY DOLLY GIRL ,4,2011-09-14 14:30:00,4.15,12566.0,Germany,16.6,Sale
577049,23007, SPACEBOY BABY GIFT SET,1,2011-11-17 13:58:00,16.95,17397.0,United Kingdom,16.95,Sale
543399,84879,ASSORTED COLOUR BIRD ORNAMENT,8,2011-02-08 11:07:00,3.12,,United Kingdom,24.96,Sale
562114,23143,ZINC WIRE KITCHEN ORGANISER,1,2011-08-02 16:14:00,20.79,,United Kingdom,20.79,Sale
579196,22324,BLUE POLKADOT KIDS BAG,3,2011-11-28 15:54:00,4.13,14096.0,United Kingdom,12.39,Sale
572549,22331,WOODLAND PARTY BAG + STICKER SET,1,2011-10-24 17:03:00,3.29,,United Kingdom,3.29,Sale
580091,21620,SET OF 4 ROSE BOTANICAL CANDLES,4,2011-12-01 14:37:00,3.75,17293.0,United Kingdom,15.0,Sale
553203,23133,LARGE IVORY HEART WALL ORGANISER,4,2011-05-15 16:10:00,8.25,14911.0,EIRE,33.0,Sale
570872,22469,HEART OF WICKER SMALL,3,2011-10-12 16:40:00,3.29,,United Kingdom,9.87,Sale
551414,22677,FRENCH BLUE METAL DOOR SIGN 2,10,2011-04-28 13:35:00,1.25,15622.0,United Kingdom,12.5,Sale
577768,23491,VINTAGE JINGLE BELLS HEART,1,2011-11-21 15:18:00,16.63,,United Kingdom,16.63,Sale
575840,22178,VICTORIAN GLASS HANGING T-LIGHT,12,2011-11-11 11:56:00,1.95,13137.0,United Kingdom,23.4,Sale
537026,21976,PACK OF 60 MUSHROOM CAKE CASES,48,2010-12-03 16:35:00,0.55,12395.0,Belgium,26.4,Sale
555276,22489,PACK OF 12 TRADITIONAL CRAYONS,2,2011-06-01 17:28:00,0.83,,United Kingdom,1.66,Sale
554348,22919,HERB MARKER MINT,12,2011-05-24 08:49:00,0.65,13523.0,United Kingdom,7.800000000000001,Sale
570223,84947,ANTIQUE SILVER TEA GLASS ENGRAVED,6,2011-10-09 13:11:00,1.25,15787.0,United Kingdom,7.5,Sale
564093,23201,JUMBO BAG ALPHABET,10,2011-08-23 10:29:00,2.08,14930.0,Channel Islands,20.8,Sale
579507,21481,FAWN BLUE HOT WATER BOTTLE,4,2011-11-29 16:32:00,3.75,15297.0,United Kingdom,15.0,Sale
571312,22984,CARD GINGHAM ROSE ,12,2011-10-17 10:42:00,0.42,12474.0,Germany,5.04,Sale
564305,22558,CLOTHES PEGS RETROSPOT PACK 24 ,12,2011-08-24 12:20:00,1.65,14875.0,United Kingdom,19.8,Sale
552357,23298,SPOTTY BUNTING,3,2011-05-09 12:16:00,4.95,18219.0,United Kingdom,14.85,Sale
563748,23244,ROUND STORAGE TIN VINTAGE LEAF,6,2011-08-19 10:06:00,1.95,16170.0,United Kingdom,11.7,Sale
578108,22690,DOORMAT HOME SWEET HOME BLUE ,4,2011-11-23 09:20:00,8.25,14912.0,Italy,33.0,Sale
575177,22893,MINI CAKE STAND T-LIGHT HOLDER,2,2011-11-08 18:41:00,0.83,,United Kingdom,1.66,Sale
555866,20996,JAZZ HEARTS ADDRESS BOOK,24,2011-06-07 14:38:00,0.19,16841.0,United Kingdom,4.5600000000000005,Sale
537855,21690,SILVER  CANDLEPOT JARDIN ,1,2010-12-08 15:59:00,3.75,15996.0,United Kingdom,3.75,Sale
569718,23213,STAR WREATH DECORATION WITH BELL,12,2011-10-06 09:01:00,1.25,15837.0,United Kingdom,15.0,Sale
559809,84997C,CHILDRENS CUTLERY POLKADOT BLUE,1,2011-07-12 14:57:00,4.15,16409.0,United Kingdom,4.15,Sale
577519,22045,SPACEBOY GIFT WRAP,50,2011-11-20 13:20:00,0.42,15044.0,United Kingdom,21.0,Sale
572484,21124,SET/10 BLUE POLKADOT PARTY CANDLES,4,2011-10-24 13:50:00,1.25,17220.0,United Kingdom,5.0,Sale
564727,22551,PLASTERS IN TIN SPACEBOY,1,2011-08-28 12:31:00,1.65,16686.0,United Kingdom,1.65,Sale
537638,22027,TEA PARTY BIRTHDAY CARD,1,2010-12-07 15:28:00,0.85,,United Kingdom,0.85,Sale
571445,23565,EGG CUP MILKMAID HELGA ,12,2011-10-17 13:44:00,1.25,12463.0,Belgium,15.0,Sale
564150,20685,DOORMAT RED RETROSPOT,4,2011-08-23 12:30:00,7.95,14936.0,Channel Islands,31.8,Sale
537624,85099F,JUMBO BAG STRAWBERRY,1,2010-12-07 14:41:00,1.95,12748.0,United Kingdom,1.95,Sale
578354,22697,GREEN REGENCY TEACUP AND SAUCER,6,2011-11-24 10:12:00,2.95,17139.0,United Kingdom,17.700000000000003,Sale
552658,22822,CREAM WALL PLANTER HEART SHAPED,2,2011-05-10 14:57:00,5.95,14534.0,United Kingdom,11.9,Sale
551693,23004,TRAVEL CARD WALLET PANTRY,24,2011-05-03 13:36:00,0.42,15582.0,United Kingdom,10.08,Sale
559162,21066,VINTAGE RED MUG,1,2011-07-06 16:29:00,2.46,,United Kingdom,2.46,Sale
575176,21159,MOODY BOY  DOOR HANGER ,1,2011-11-08 18:29:00,3.29,,United Kingdom,3.29,Sale
563094,22297,HEART IVORY TRELLIS SMALL,48,2011-08-11 17:35:00,1.25,14525.0,United Kingdom,60.0,Sale
575602,22086,PAPER CHAIN KIT 50'S CHRISTMAS ,2,2011-11-10 12:27:00,2.95,17059.0,United Kingdom,5.9,Sale
576865,22906,12 MESSAGE CARDS WITH ENVELOPES,2,2011-11-16 16:08:00,1.65,12748.0,United Kingdom,3.3,Sale
567183,23398,HANGING HEART BONHEUR,6,2011-09-18 15:32:00,0.85,14769.0,United Kingdom,5.1,Sale
539437,21174,POTTERING IN THE SHED METAL SIGN,4,2010-12-17 14:54:00,4.21,,United Kingdom,16.84,Sale
568408,21239,PINK  POLKADOT CUP,1,2011-09-27 10:40:00,1.63,,United Kingdom,1.63,Sale
559357,23301,GARDENERS KNEELING PAD KEEP CALM ,6,2011-07-07 18:56:00,1.65,17107.0,United Kingdom,9.9,Sale
580399,21989,PACK OF 20 SKULL PAPER NAPKINS,3,2011-12-04 11:45:00,0.85,13471.0,United Kingdom,2.55,Sale
547041,20679,EDWARDIAN PARASOL RED,15,2011-03-20 10:56:00,4.6,13777.0,United Kingdom,69.0,Sale
568226,22179,SET 10 NIGHT OWL LIGHTS,2,2011-09-26 10:39:00,6.75,16719.0,United Kingdom,13.5,Sale
578931,22121,NOEL WOODEN BLOCK LETTERS ,1,2011-11-27 12:40:00,5.95,16942.0,United Kingdom,5.95,Sale
560552,22758,LARGE PURPLE BABUSHKA NOTEBOOK  ,2,2011-07-19 12:54:00,1.25,15311.0,United Kingdom,2.5,Sale
540953,84991,60 TEATIME FAIRY CAKE CASES,1,2011-01-12 13:16:00,0.55,14587.0,United Kingdom,0.55,Sale
566446,21914,BLUE HARMONICA IN BOX ,1,2011-09-12 15:40:00,2.46,,United Kingdom,2.46,Sale
566577,21930,JUMBO STORAGE BAG SKULLS,1,2011-09-13 13:29:00,4.96,,United Kingdom,4.96,Sale
545078,22699,ROSES REGENCY TEACUP AND SAUCER ,1,2011-02-28 10:15:00,5.79,,United Kingdom,5.79,Sale
561874,22631,CIRCUS PARADE LUNCH BOX ,1,2011-07-31 12:02:00,1.95,16255.0,United Kingdom,1.95,Sale
558066,23252,VINTAGE RED ENAMEL TRIM JUG ,1,2011-06-24 15:45:00,7.46,,United Kingdom,7.46,Sale
572076,20971,PINK BLUE FELT CRAFT TRINKET BOX,12,2011-10-20 14:01:00,1.25,13761.0,United Kingdom,15.0,Sale
578844,22556,PLASTERS IN TIN CIRCUS PARADE ,1,2011-11-25 16:14:00,3.29,,United Kingdom,3.29,Sale
563952,22188,BLACK HEART CARD HOLDER,4,2011-08-22 10:44:00,3.95,15572.0,United Kingdom,15.8,Sale
556876,20726,LUNCH BAG WOODLAND,1,2011-06-15 11:56:00,1.65,16241.0,United Kingdom,1.65,Sale
581439,23356,LOVE HOT WATER BOTTLE,1,2011-12-08 16:30:00,12.46,,United Kingdom,12.46,Sale
551885,22994,TRAVEL CARD WALLET RETROSPOT,24,2011-05-05 09:18:00,0.42,16700.0,United Kingdom,10.08,Sale
566079,20840,FRENCH FLORAL CUSHION COVER ,12,2011-09-09 09:52:00,0.85,17593.0,United Kingdom,10.2,Sale
559357,21876,POTTERING MUG,6,2011-07-07 18:56:00,1.25,17107.0,United Kingdom,7.5,Sale
542526,22291,HANGING CHICK CREAM DECORATION,12,2011-01-28 12:43:00,1.45,14659.0,United Kingdom,17.4,Sale
540170,22729,ALARM CLOCK BAKELIKE ORANGE,8,2011-01-05 12:21:00,3.75,13767.0,United Kingdom,30.0,Sale
570653,23187,FRENCH STYLE STORAGE JAR BONBONS,6,2011-10-11 13:49:00,0.29,14710.0,United Kingdom,1.7399999999999998,Sale
578827,22598,CHRISTMAS MUSICAL ZINC TREE,6,2011-11-25 14:25:00,0.83,,United Kingdom,4.98,Sale
567170,21819,GLITTER CHRISTMAS STAR ,5,2011-09-18 12:40:00,0.85,13566.0,United Kingdom,4.25,Sale
579508,22608,PENS ASSORTED FUNKY JEWELED ,2,2011-11-29 16:33:00,0.42,,United Kingdom,0.84,Sale
577791,22980,PANTRY SCRUBBING BRUSH,12,2011-11-21 16:36:00,1.65,17100.0,United Kingdom,19.8,Sale
557954,48138,DOORMAT UNION FLAG,1,2011-06-23 18:44:00,7.95,15023.0,United Kingdom,7.95,Sale
552330,22149,FELTCRAFT 6 FLOWER FRIENDS,6,2011-05-09 10:13:00,2.1,12948.0,United Kingdom,12.6,Sale
567477,22350,ILLUSTRATED CAT BOWL ,1,2011-09-20 13:20:00,2.55,16327.0,United Kingdom,2.55,Sale
560504,22979,PANTRY WASHING UP BRUSH,12,2011-07-19 11:47:00,1.45,13081.0,United Kingdom,17.4,Sale
549722,21212,PACK OF 72 RETROSPOT CAKE CASES,4,2011-04-11 15:59:00,0.55,17236.0,United Kingdom,2.2,Sale
559174,85211,S/4 GROOVY CAT MAGNETS,24,2011-07-07 10:04:00,0.79,18263.0,United Kingdom,18.96,Sale
573382,23329,DECORATIVE WICKER HEART LARGE,12,2011-10-30 14:15:00,1.65,17655.0,United Kingdom,19.8,Sale
541827,82580,BATHROOM METAL SIGN,1,2011-01-21 17:05:00,1.25,,United Kingdom,1.25,Sale
568326,22727,ALARM CLOCK BAKELIKE RED ,4,2011-09-26 14:00:00,3.75,13200.0,United Kingdom,15.0,Sale
555340,21042,RED RETROSPOT APRON ,3,2011-06-02 11:33:00,5.95,13334.0,United Kingdom,17.85,Sale
542152,22776,SWEETHEART CAKESTAND 3 TIER,3,2011-01-26 10:33:00,9.95,13534.0,United Kingdom,29.85,Sale
543040,22434,BALLOON PUMP WITH 10 BALLOONS,2,2011-02-02 17:06:00,1.95,17337.0,United Kingdom,3.9,Sale
548994,21174,POTTERING IN THE SHED METAL SIGN,2,2011-04-05 14:07:00,2.08,,United Kingdom,4.16,Sale
568177,23366,SET 12 COLOURING PENCILS DOILY,16,2011-09-25 13:30:00,0.65,13536.0,United Kingdom,10.4,Sale
536592,22619,SET OF 6 SOLDIER SKITTLES,1,2010-12-01 17:06:00,7.62,,United Kingdom,7.62,Sale
537240,85179A,GREEN BITTY LIGHT CHAIN,1,2010-12-06 10:08:00,9.32,,United Kingdom,9.32,Sale
561926,22081,RIBBON REEL FLORA + FAUNA ,10,2011-08-01 12:48:00,1.65,12749.0,United Kingdom,16.5,Sale
563731,21430,SET/3 RED GINGHAM ROSE STORAGE BOX,1,2011-08-18 17:44:00,3.75,17576.0,United Kingdom,3.75,Sale
581224,20996,JAZZ HEARTS ADDRESS BOOK,24,2011-12-08 09:47:00,0.19,17631.0,United Kingdom,4.5600000000000005,Sale
542221,22498,WOODEN REGATTA BUNTING,2,2011-01-26 12:40:00,5.95,14978.0,United Kingdom,11.9,Sale
571509,23352,ROLL WRAP 50'S RED CHRISTMAS ,1,2011-10-17 15:28:00,1.25,13110.0,United Kingdom,1.25,Sale
580730,90027D,GLASS BEAD HOOP EARRINGS AMETHYST,1,2011-12-05 17:28:00,3.32,,United Kingdom,3.32,Sale
549915,22868,NUMBER TILE COTTAGE GARDEN 0 ,8,2011-04-13 09:32:00,1.95,18231.0,United Kingdom,15.6,Sale
556812,21993,FLORAL FOLK STATIONERY SET,3,2011-06-14 17:25:00,2.46,,United Kingdom,7.38,Sale
563216,21389,IVORY HANGING DECORATION  BIRD,1,2011-08-14 13:14:00,0.85,17841.0,United Kingdom,0.85,Sale
567935,22112,CHOCOLATE HOT WATER BOTTLE,3,2011-09-22 18:07:00,4.95,13320.0,United Kingdom,14.85,Sale
536384,22469,HEART OF WICKER SMALL,40,2010-12-01 09:53:00,1.45,18074.0,United Kingdom,58.0,Sale
566239,21232,STRAWBERRY CERAMIC TRINKET BOX,12,2011-09-11 11:26:00,1.25,14665.0,United Kingdom,15.0,Sale
580727,23274,STAR T-LIGHT HOLDER WILLIE WINKIE,2,2011-12-05 17:17:00,3.29,14096.0,United Kingdom,6.58,Sale
537237,84459B,YELLOW METAL CHICKEN HEART ,1,2010-12-06 09:58:00,3.36,,United Kingdom,3.36,Sale
540060,22666,RECIPE BOX PANTRY YELLOW DESIGN,6,2011-01-04 14:40:00,2.95,14732.0,United Kingdom,17.700000000000003,Sale
541696,22074,6 RIBBONS SHIMMERING PINKS ,20,2011-01-20 18:08:00,0.83,,United Kingdom,16.599999999999998,Sale
581492,22307,GOLD MUG BONE CHINA TREE OF LIFE,1,2011-12-09 10:03:00,8.29,,United Kingdom,8.29,Sale
557523,22421,LIPSTICK PEN FUSCHIA,48,2011-06-21 08:27:00,0.42,12971.0,United Kingdom,20.16,Sale
579162,23157,SET OF 6 NATIVITY MAGNETS ,2,2011-11-28 13:58:00,2.08,16393.0,United Kingdom,4.16,Sale
580705,21035,SET/2 RED RETROSPOT TEA TOWELS ,6,2011-12-05 16:28:00,3.25,12683.0,France,19.5,Sale
547964,84947,ANTIQUE SILVER TEA GLASS ENGRAVED,10,2011-03-28 15:45:00,2.46,,United Kingdom,24.6,Sale
559329,47518F,ICON PLACEMAT POP ART ELVIS,24,2011-07-07 15:41:00,0.12,15241.0,United Kingdom,2.88,Sale
573553,21430,SET/3 RED GINGHAM ROSE STORAGE BOX,3,2011-10-31 13:48:00,7.46,,United Kingdom,22.38,Sale
571828,22993,SET OF 4 PANTRY JELLY MOULDS,6,2011-10-19 11:52:00,1.25,16440.0,United Kingdom,7.5,Sale
567473,20829,GLITTER HANGING BUTTERFLY STRING,8,2011-09-20 12:50:00,2.1,17841.0,United Kingdom,16.8,Sale
551883,21231,SWEETHEART CERAMIC TRINKET BOX,24,2011-05-05 09:15:00,1.25,13762.0,United Kingdom,30.0,Sale
568701,22720,SET OF 3 CAKE TINS PANTRY DESIGN ,3,2011-09-28 15:07:00,4.95,13924.0,United Kingdom,14.85,Sale
546927,22781,GUMBALL MAGAZINE RACK,12,2011-03-18 10:15:00,6.75,16672.0,United Kingdom,81.0,Sale
551516,22474,SPACEBOY TV DINNER TRAY,1,2011-05-01 11:10:00,4.95,14800.0,United Kingdom,4.95,Sale
568316,23307,SET OF 60 PANTRY DESIGN CAKE CASES ,1,2011-09-26 13:21:00,0.55,16407.0,United Kingdom,0.55,Sale
566092,85152,HAND OVER THE CHOCOLATE   SIGN ,12,2011-09-09 10:42:00,2.1,13823.0,United Kingdom,25.200000000000003,Sale
547789,21080,SET/20 RED RETROSPOT PAPER NAPKINS ,12,2011-03-25 12:04:00,0.85,14911.0,EIRE,10.2,Sale
580983,82600,N0 SINGING METAL SIGN,1,2011-12-06 16:26:00,4.13,,United Kingdom,4.13,Sale
581494,22730,ALARM CLOCK BAKELIKE IVORY,4,2011-12-09 10:13:00,3.75,12518.0,Germany,15.0,Sale
541271,22262,FELT EGG COSY CHICKEN,12,2011-01-17 11:12:00,0.85,12388.0,Australia,10.2,Sale
577303,21891,TRADITIONAL WOODEN SKIPPING ROPE,4,2011-11-18 13:02:00,1.45,14390.0,United Kingdom,5.8,Sale
579459,21108,FAIRY CAKE FLANNEL ASSORTED COLOUR,27,2011-11-29 14:38:00,2.1,17173.0,United Kingdom,56.7,Sale
559693,22277,COSMETIC BAG VINTAGE ROSE PAISLEY,1,2011-07-11 16:21:00,1.63,,United Kingdom,1.63,Sale
560090,15044C,PURPLE PAPER PARASOL,1,2011-07-14 16:46:00,5.79,,United Kingdom,5.79,Sale
557480,22488,NATURAL SLATE RECTANGLE CHALKBOARD,1,2011-06-20 14:10:00,3.29,,United Kingdom,3.29,Sale
557502,23236,DOILEY STORAGE TIN,1,2011-06-20 15:32:00,5.79,,United Kingdom,5.79,Sale
559163,22269,EGG CUP NATURAL CHICKEN,1,2011-07-06 16:33:00,0.83,,United Kingdom,0.83,Sale
561209,20724,RED RETROSPOT CHARLOTTE BAG,2,2011-07-25 16:57:00,1.63,,United Kingdom,3.26,Sale
566233,21380,WOODEN HAPPY BIRTHDAY GARLAND,6,2011-09-11 11:04:00,2.95,12635.0,Germany,17.700000000000003,Sale
580612,20713,JUMBO BAG OWLS,10,2011-12-05 11:58:00,4.13,,United Kingdom,41.3,Sale
540014,22153,ANGEL DECORATION STARS ON DRESS,1,2011-01-04 11:34:00,0.42,14606.0,United Kingdom,0.42,Sale
579777,22382,LUNCH BAG SPACEBOY DESIGN ,1,2011-11-30 15:13:00,4.13,,United Kingdom,4.13,Sale
562934,85049G,CHOCOLATE BOX RIBBONS ,1,2011-08-10 16:56:00,2.46,,United Kingdom,2.46,Sale
537237,22791,T-LIGHT GLASS FLUTED ANTIQUE,2,2010-12-06 09:58:00,2.51,,United Kingdom,5.02,Sale
554497,20712,JUMBO BAG WOODLAND ANIMALS,10,2011-05-24 14:38:00,2.08,15819.0,United Kingdom,20.8,Sale
557306,23050,RECYCLED ACAPULCO MAT GREEN,6,2011-06-19 14:47:00,8.25,18062.0,United Kingdom,49.5,Sale
554663,22665,RECIPE BOX BLUE SKETCHBOOK DESIGN,1,2011-05-25 14:29:00,2.95,14985.0,United Kingdom,2.95,Sale
560780,85099C,JUMBO  BAG BAROQUE BLACK WHITE,6,2011-07-21 09:31:00,4.13,,United Kingdom,24.78,Sale
561804,85099F,JUMBO BAG STRAWBERRY,10,2011-07-29 14:40:00,2.08,14191.0,United Kingdom,20.8,Sale
578354,22356,CHARLOTTE BAG PINK POLKADOT,10,2011-11-24 10:12:00,0.85,17139.0,United Kingdom,8.5,Sale
547389,85031A,ROMANTIC IMAGES SCRAP BOOK SET,2,2011-03-22 16:08:00,4.95,16721.0,United Kingdom,9.9,Sale
575221,22699,ROSES REGENCY TEACUP AND SAUCER ,6,2011-11-09 11:25:00,2.95,12949.0,United Kingdom,17.700000000000003,Sale
543111,21155,RED RETROSPOT PEG BAG,1,2011-02-03 12:44:00,2.55,15719.0,United Kingdom,2.55,Sale
540258,20914,SET/5 RED RETROSPOT LID GLASS BOWLS,96,2011-01-06 08:52:00,2.55,14045.0,United Kingdom,244.8,Sale
557635,71459,HANGING JAM JAR T-LIGHT HOLDER,12,2011-06-21 15:27:00,0.85,12748.0,United Kingdom,10.2,Sale
552825,23174,REGENCY SUGAR BOWL GREEN,6,2011-05-11 13:18:00,4.15,15296.0,United Kingdom,24.9,Sale
555015,23204,CHARLOTTE BAG APPLES DESIGN,10,2011-05-31 10:45:00,0.85,16558.0,United Kingdom,8.5,Sale
555150,22488,NATURAL SLATE RECTANGLE CHALKBOARD,5,2011-05-31 15:53:00,3.29,,United Kingdom,16.45,Sale
580983,90214J,"LETTER ""J"" BLING KEY RING",1,2011-12-06 16:26:00,0.83,,United Kingdom,0.83,Sale
539294,72349B,SET/6 PURPLE BUTTERFLY T-LIGHTS,1,2010-12-16 16:45:00,2.1,15532.0,United Kingdom,2.1,Sale
553203,22089,PAPER BUNTING VINTAGE PAISLEY,6,2011-05-15 16:10:00,2.95,14911.0,EIRE,17.700000000000003,Sale
574059,20975,12 PENCILS SMALL TUBE RED RETROSPOT,1,2011-11-02 14:13:00,0.65,14646.0,Netherlands,0.65,Sale
575848,22629,SPACEBOY LUNCH BOX ,3,2011-11-11 12:10:00,1.95,14178.0,United Kingdom,5.85,Sale
550899,22090,PAPER BUNTING RETROSPOT,6,2011-04-21 12:07:00,2.95,13505.0,Switzerland,17.700000000000003,Sale
565618,10080,GROOVY CACTUS INFLATABLE,12,2011-09-05 15:40:00,0.39,15974.0,United Kingdom,4.68,Sale
539955,21866,UNION JACK FLAG LUGGAGE TAG,1,2010-12-23 12:13:00,3.36,,United Kingdom,3.36,Sale
560103,20839,FRENCH PAISLEY CUSHION COVER ,6,2011-07-14 18:44:00,0.85,17837.0,United Kingdom,5.1,Sale
556236,22811,SET OF 6 T-LIGHTS CACTI ,6,2011-06-09 15:34:00,2.95,16818.0,United Kingdom,17.700000000000003,Sale
578824,22423,REGENCY CAKESTAND 3 TIER,4,2011-11-25 14:02:00,12.75,17883.0,United Kingdom,51.0,Sale
570228,22114,HOT WATER BOTTLE TEA AND SYMPATHY,2,2011-10-09 13:28:00,4.25,15821.0,United Kingdom,8.5,Sale
573576,22260,FELT EGG COSY BLUE RABBIT ,1,2011-10-31 14:09:00,1.63,14096.0,United Kingdom,1.63,Sale
539826,22969,HOMEMADE JAM SCENTED CANDLES,12,2010-12-22 12:39:00,1.45,15044.0,United Kingdom,17.4,Sale
572540,22385,JUMBO BAG SPACEBOY DESIGN,2,2011-10-24 16:17:00,4.13,,United Kingdom,8.26,Sale
547000,21931,JUMBO STORAGE BAG SUKI,30,2011-03-18 13:51:00,1.95,14282.0,United Kingdom,58.5,Sale
572843,48194,DOORMAT HEARTS,4,2011-10-26 12:06:00,8.25,14315.0,United Kingdom,33.0,Sale
543056,22077,6 RIBBONS RUSTIC CHARM,12,2011-02-03 10:47:00,1.65,12471.0,Germany,19.8,Sale
560644,85123A,WHITE HANGING HEART T-LIGHT HOLDER,10,2011-07-20 11:22:00,2.95,16271.0,United Kingdom,29.5,Sale
551056,21122,SET/10 PINK POLKADOT PARTY CANDLES,1,2011-04-26 11:51:00,1.25,16442.0,United Kingdom,1.25,Sale
576121,23454,THREE MINI HANGING FRAMES,2,2011-11-14 10:38:00,4.15,14530.0,United Kingdom,8.3,Sale
564049,22094,RED RETROSPOT TISSUE BOX,2,2011-08-22 13:30:00,0.39,17585.0,United Kingdom,0.78,Sale
570597,23545,WRAP RED VINTAGE DOILY,25,2011-10-11 11:49:00,0.42,16837.0,United Kingdom,10.5,Sale
555149,21844,RED RETROSPOT MUG,2,2011-05-31 15:49:00,5.79,,United Kingdom,11.58,Sale
564856,21206,STRAWBERRY HONEYCOMB  GARLAND ,12,2011-08-31 09:11:00,1.65,12477.0,Germany,19.8,Sale
580160,23343,JUMBO BAG VINTAGE CHRISTMAS ,10,2011-12-02 10:47:00,2.08,12700.0,France,20.8,Sale
571563,22111,SCOTTIE DOG HOT WATER BOTTLE,3,2011-10-18 10:07:00,4.95,16249.0,United Kingdom,14.85,Sale
573123,84536A,ENGLISH ROSE NOTEBOOK A7 SIZE,16,2011-10-27 16:23:00,0.42,13654.0,United Kingdom,6.72,Sale
568693,20961,STRAWBERRY BATH SPONGE ,2,2011-09-28 14:54:00,1.25,,United Kingdom,2.5,Sale
555349,21932,SCANDINAVIAN PAISLEY PICNIC BAG,5,2011-06-02 12:08:00,1.65,16729.0,United Kingdom,8.25,Sale
549251,22296,HEART IVORY TRELLIS LARGE,4,2011-04-07 12:16:00,1.65,14449.0,United Kingdom,6.6,Sale
576062,20974,12 PENCILS SMALL TUBE SKULL,3,2011-11-13 15:30:00,0.65,12867.0,United Kingdom,1.95,Sale
569046,23102,SILVER HEARTS TABLE DECORATION,24,2011-09-30 10:48:00,0.83,14422.0,United Kingdom,19.92,Sale
580672,22756,LARGE YELLOW BABUSHKA NOTEBOOK ,3,2011-12-05 14:29:00,0.39,17920.0,United Kingdom,1.17,Sale
573428,21080,SET/20 RED RETROSPOT PAPER NAPKINS ,12,2011-10-31 10:19:00,0.85,12571.0,France,10.2,Sale
545895,21820,GLITTER HEART GARLAND WITH BELLS ,1,2011-03-07 17:14:00,7.46,,United Kingdom,7.46,Sale
568721,90060F,FIRE POLISHED GLASS NECKL GREEN,1,2011-09-28 16:24:00,5.82,,United Kingdom,5.82,Sale
567671,22080,RIBBON REEL POLKADOTS ,1,2011-09-21 15:34:00,3.29,,United Kingdom,3.29,Sale
539718,21889,WOODEN BOX OF DOMINOES,1,2010-12-21 13:06:00,2.51,,United Kingdom,2.51,Sale
547063,85049E,SCANDINAVIAN REDS RIBBONS,2,2011-03-20 13:33:00,1.25,14769.0,United Kingdom,2.5,Sale
541592,22133,PINK LOVE HEART SHAPE CUP,1,2011-01-19 15:08:00,1.63,,United Kingdom,1.63,Sale
559817,22663,JUMBO BAG DOLLY GIRL DESIGN,3,2011-07-12 16:20:00,2.46,,United Kingdom,7.38,Sale
548157,22385,JUMBO BAG SPACEBOY DESIGN,60,2011-03-29 13:27:00,1.65,14298.0,United Kingdom,99.0,Sale
555510,22519,CHILDS GARDEN BRUSH PINK,16,2011-06-03 17:09:00,4.13,,United Kingdom,66.08,Sale
543250,22523,CHILDS GARDEN FORK PINK,12,2011-02-04 14:46:00,0.85,13911.0,United Kingdom,10.2,Sale
554054,21900,"KEY FOB , SHED",1,2011-05-20 15:29:00,1.63,,United Kingdom,1.63,Sale
537067,17091J,VANILLA INCENSE IN TIN,1,2010-12-05 11:57:00,1.25,14813.0,United Kingdom,1.25,Sale
574046,22080,RIBBON REEL POLKADOTS ,1,2011-11-02 13:19:00,1.65,15743.0,United Kingdom,1.65,Sale
552310,21123,SET/10 IVORY POLKADOT PARTY CANDLES,3,2011-05-08 15:22:00,1.25,17323.0,United Kingdom,3.75,Sale
558687,22608,PENS ASSORTED FUNKY JEWELED ,36,2011-07-01 11:43:00,0.19,12598.0,France,6.84,Sale
555125,22383,LUNCH BAG SUKI DESIGN ,10,2011-05-31 15:26:00,1.65,13481.0,United Kingdom,16.5,Sale
547108,84879,ASSORTED COLOUR BIRD ORNAMENT,8,2011-03-21 11:36:00,1.69,14659.0,United Kingdom,13.52,Sale
578833,22992,REVOLVER WOODEN RULER ,1,2011-11-25 15:23:00,3.75,,United Kingdom,3.75,Sale
542216,22025,RING OF ROSES BIRTHDAY CARD,12,2011-01-26 12:29:00,0.42,14911.0,EIRE,5.04,Sale
545667,85130D,BEADED CRYSTAL HEART PINK LARGE,1,2011-03-04 16:07:00,3.29,,United Kingdom,3.29,Sale
567968,22505,MEMO BOARD COTTAGE DESIGN,4,2011-09-23 09:44:00,4.95,12546.0,Spain,19.8,Sale
557615,21929,JUMBO BAG PINK VINTAGE PAISLEY,20,2011-06-21 13:24:00,2.08,15498.0,United Kingdom,41.6,Sale
574336,POST,POSTAGE,6,2011-11-04 09:52:00,15.0,12397.0,Belgium,90.0,Sale
568208,22178,VICTORIAN GLASS HANGING T-LIGHT,6,2011-09-25 15:35:00,1.95,12783.0,Portugal,11.7,Sale
570839,23408,PHOTO FRAME LINEN AND LACE SMALL,6,2011-10-12 14:08:00,2.08,14911.0,EIRE,12.48,Sale
547248,22422,TOOTHPASTE TUBE PEN,1,2011-03-22 09:23:00,1.25,,United Kingdom,1.25,Sale
548516,22282,12 EGG HOUSE PAINTED WOOD,2,2011-03-31 16:28:00,24.96,,United Kingdom,49.92,Sale
570871,21240,BLUE POLKADOT CUP,1,2011-10-12 16:36:00,1.63,,United Kingdom,1.63,Sale
540551,22173,METAL 4 HOOK HANGER FRENCH CHATEAU,1,2011-01-10 09:43:00,5.91,,United Kingdom,5.91,Sale
563231,21929,JUMBO BAG PINK VINTAGE PAISLEY,3,2011-08-14 15:42:00,2.08,14658.0,United Kingdom,6.24,Sale
574532,23353,6 GIFT TAGS VINTAGE CHRISTMAS ,12,2011-11-04 14:19:00,0.83,15676.0,United Kingdom,9.96,Sale
536741,84945,MULTI COLOUR SILVER T-LIGHT HOLDER,12,2010-12-02 13:11:00,0.85,13117.0,United Kingdom,10.2,Sale
558625,22150,3 STRIPEY MICE FELTCRAFT,18,2011-06-30 17:29:00,1.95,14132.0,United Kingdom,35.1,Sale
559544,85032B,BLOSSOM IMAGES GIFT WRAP SET,1,2011-07-10 13:52:00,0.65,17126.0,United Kingdom,0.65,Sale
576889,21588,RETROSPOT GIANT TUBE MATCHES,4,2011-11-16 17:24:00,2.55,12748.0,United Kingdom,10.2,Sale
563432,22383,LUNCH BAG SUKI DESIGN ,3,2011-08-16 12:12:00,1.65,16713.0,United Kingdom,4.949999999999999,Sale
555644,85099F,JUMBO BAG STRAWBERRY,2,2011-06-06 13:24:00,2.08,16520.0,United Kingdom,4.16,Sale
571660,22988,SOLDIERS EGG CUP ,12,2011-10-18 12:49:00,1.25,16191.0,United Kingdom,15.0,Sale
571312,23191,BUNDLE OF 3 RETRO NOTE BOOKS,12,2011-10-17 10:42:00,1.65,12474.0,Germany,19.8,Sale
562715,47599A,PINK PARTY BAGS,1,2011-08-08 15:34:00,4.13,,United Kingdom,4.13,Sale
546133,22662,LUNCH BAG DOLLY GIRL DESIGN,10,2011-03-09 15:20:00,1.65,14291.0,United Kingdom,16.5,Sale
571304,22164,STRING OF STARS CARD HOLDER,6,2011-10-17 09:37:00,2.95,12526.0,Germany,17.700000000000003,Sale
574619,22470,HEART OF WICKER LARGE,5,2011-11-06 11:18:00,2.95,15952.0,United Kingdom,14.75,Sale
538035,22756,LARGE YELLOW BABUSHKA NOTEBOOK ,3,2010-12-09 13:03:00,1.25,16065.0,United Kingdom,3.75,Sale
557803,20726,LUNCH BAG WOODLAND,10,2011-06-23 10:20:00,1.65,12704.0,Finland,16.5,Sale
575176,35095B,RED VICTORIAN FABRIC OVAL BOX,1,2011-11-08 18:29:00,0.83,,United Kingdom,0.83,Sale
554694,22282,12 EGG HOUSE PAINTED WOOD,1,2011-05-25 17:06:00,24.96,,United Kingdom,24.96,Sale
542998,20669,RED HEART LUGGAGE TAG,1,2011-02-02 12:16:00,2.46,,United Kingdom,2.46,Sale
552313,23199,JUMBO BAG APPLES,30,2011-05-08 16:03:00,2.08,13139.0,United Kingdom,62.400000000000006,Sale
572030,20829,GLITTER HANGING BUTTERFLY STRING,8,2011-10-20 11:51:00,2.1,14923.0,United Kingdom,16.8,Sale
565150,46118,FUNKY MONKEY CUSHION COVER,24,2011-09-01 14:26:00,0.85,14298.0,United Kingdom,20.4,Sale
581405,22651,GENTLEMAN SHIRT REPAIR KIT ,2,2011-12-08 13:50:00,0.85,13521.0,United Kingdom,1.7,Sale
543470,21891,TRADITIONAL WOODEN SKIPPING ROPE,12,2011-02-08 14:58:00,1.25,16951.0,United Kingdom,15.0,Sale
569556,23200,JUMBO BAG PEARS,10,2011-10-05 08:50:00,2.08,14936.0,Channel Islands,20.8,Sale
567077,23265,SET OF 3 WOODEN TREE DECORATIONS,2,2011-09-16 12:34:00,1.25,18122.0,United Kingdom,2.5,Sale
577016,21500,PINK POLKADOT WRAP ,25,2011-11-17 12:21:00,0.42,17095.0,United Kingdom,10.5,Sale
567488,21688,SILVER PLATE CANDLE BOWL SMALL,3,2011-09-20 14:00:00,2.95,17564.0,United Kingdom,8.850000000000001,Sale
552285,21558,SKULL LUNCH BOX WITH CUTLERY ,1,2011-05-08 12:58:00,2.55,14684.0,United Kingdom,2.55,Sale
540245,22755,SMALL PURPLE BABUSHKA NOTEBOOK ,12,2011-01-05 15:42:00,0.85,13082.0,United Kingdom,10.2,Sale
547383,21504,SKULLS GREETING CARD,12,2011-03-22 15:42:00,0.42,12613.0,Germany,5.04,Sale
570688,23393,HOME SWEET HOME CUSHION COVER ,1,2011-10-11 16:29:00,10.79,,United Kingdom,10.79,Sale
574312,23352,ROLL WRAP 50'S RED CHRISTMAS ,1,2011-11-03 17:39:00,1.25,17221.0,United Kingdom,1.25,Sale
559062,21088,SET/6 FRUIT SALAD PAPER CUPS,24,2011-07-06 10:09:00,0.19,13253.0,United Kingdom,4.5600000000000005,Sale
546367,21922,UNION STRIPE WITH FRINGE  HAMMOCK,12,2011-03-11 11:38:00,6.95,15513.0,United Kingdom,83.4,Sale
572203,23313,VINTAGE CHRISTMAS BUNTING,6,2011-10-21 12:05:00,4.95,17068.0,United Kingdom,29.700000000000003,Sale
557276,20713,JUMBO BAG OWLS,3,2011-06-19 12:05:00,2.08,16931.0,United Kingdom,6.24,Sale
536522,84969,BOX OF 6 ASSORTED COLOUR TEASPOONS,1,2010-12-01 12:49:00,4.25,15012.0,United Kingdom,4.25,Sale
581492,23213,STAR WREATH DECORATION WITH BELL,7,2011-12-09 10:03:00,2.46,,United Kingdom,17.22,Sale
564710,22492,MINI PAINT SET VINTAGE ,36,2011-08-28 10:21:00,0.65,15625.0,United Kingdom,23.4,Sale
577610,22192,BLUE DINER WALL CLOCK,2,2011-11-21 09:55:00,8.5,15373.0,United Kingdom,17.0,Sale
540551,90103,PURPLE FRANGIPANI NECKLACE,1,2011-01-10 09:43:00,2.54,,United Kingdom,2.54,Sale
544089,21439,BASKET OF TOADSTOOLS,4,2011-02-15 17:51:00,2.46,,United Kingdom,9.84,Sale
556243,21931,JUMBO STORAGE BAG SUKI,2,2011-06-09 16:07:00,4.13,,United Kingdom,8.26,Sale
576841,21588,RETROSPOT GIANT TUBE MATCHES,1,2011-11-16 15:26:00,2.55,17368.0,United Kingdom,2.55,Sale
570646,22717,CARD DOG AND BALL ,12,2011-10-11 12:49:00,0.42,12824.0,United Kingdom,5.04,Sale
580595,22383,LUNCH BAG SUKI DESIGN ,10,2011-12-05 10:38:00,1.65,14194.0,United Kingdom,16.5,Sale
540098,22296,HEART IVORY TRELLIS LARGE,2,2011-01-04 15:50:00,1.65,16241.0,United Kingdom,3.3,Sale
560776,23209,LUNCH BAG DOILEY PATTERN ,10,2011-07-21 08:44:00,1.65,13995.0,United Kingdom,16.5,Sale
563723,23206,LUNCH BAG APPLE DESIGN,10,2011-08-18 16:43:00,1.65,13319.0,United Kingdom,16.5,Sale
570657,23201,JUMBO BAG ALPHABET,30,2011-10-11 14:10:00,2.08,14911.0,EIRE,62.400000000000006,Sale
543399,22072,RED RETROSPOT TEA CUP AND SAUCER ,2,2011-02-08 11:07:00,7.46,,United Kingdom,14.92,Sale
565396,22608,PENS ASSORTED FUNKY JEWELED ,2,2011-09-02 16:39:00,0.42,,United Kingdom,0.84,Sale
567670,21213,PACK OF 72 SKULL CAKE CASES,3,2011-09-21 15:32:00,1.25,,United Kingdom,3.75,Sale
550499,22244,3 HOOK HANGER MAGIC GARDEN,3,2011-04-18 15:16:00,4.13,,United Kingdom,12.39,Sale
572933,22620,4 TRADITIONAL SPINNING TOPS,12,2011-10-27 10:15:00,1.45,13458.0,United Kingdom,17.4,Sale
574053,22920,HERB MARKER BASIL,12,2011-11-02 14:04:00,0.65,16379.0,United Kingdom,7.800000000000001,Sale
542406,22682,FRENCH BLUE METAL DOOR SIGN 7,1,2011-01-27 16:13:00,1.25,17757.0,United Kingdom,1.25,Sale
538524,22739,RIBBON REEL CHRISTMAS SOCK BAUBLE,2,2010-12-13 09:35:00,3.36,,United Kingdom,6.72,Sale
538417,47591B,SCOTTIES CHILDRENS APRON,3,2010-12-12 11:54:00,1.65,16393.0,United Kingdom,4.949999999999999,Sale
574561,21672,WHITE SPOT RED CERAMIC DRAWER KNOB,1,2011-11-04 15:52:00,3.29,,United Kingdom,3.29,Sale
564312,84997A,CHILDRENS CUTLERY POLKADOT GREEN ,72,2011-08-24 12:52:00,3.75,15769.0,United Kingdom,270.0,Sale
575748,22952,60 CAKE CASES VINTAGE CHRISTMAS,16,2011-11-11 10:21:00,2.08,,United Kingdom,33.28,Sale
576933,22383,LUNCH BAG SUKI DESIGN ,3,2011-11-17 11:29:00,1.65,15529.0,United Kingdom,4.949999999999999,Sale
566756,21719,LOVELY BONBON STICKER SHEET,12,2011-09-14 15:54:00,0.85,12457.0,Switzerland,10.2,Sale
558315,22698,PINK REGENCY TEACUP AND SAUCER,12,2011-06-28 11:44:00,2.95,15065.0,United Kingdom,35.400000000000006,Sale
560504,20728,LUNCH BAG CARS BLUE,20,2011-07-19 11:47:00,1.65,13081.0,United Kingdom,33.0,Sale
548616,22561,WOODEN SCHOOL COLOURING SET,12,2011-04-01 11:48:00,1.65,18263.0,United Kingdom,19.8,Sale
552831,20685,DOORMAT RED RETROSPOT,4,2011-05-11 14:12:00,7.95,13052.0,United Kingdom,31.8,Sale
543345,85025B,EAU DE NILE HEART SHAPE PHOTO FRAME,1,2011-02-07 12:29:00,3.29,,United Kingdom,3.29,Sale
568882,20719,WOODLAND CHARLOTTE BAG,10,2011-09-29 12:39:00,0.85,12839.0,United Kingdom,8.5,Sale
539958,22817,CARD SUKI BIRTHDAY,34,2010-12-23 13:26:00,0.43,,United Kingdom,14.62,Sale
576600,21891,TRADITIONAL WOODEN SKIPPING ROPE,4,2011-11-15 15:08:00,1.45,18181.0,United Kingdom,5.8,Sale
567126,85099C,JUMBO  BAG BAROQUE BLACK WHITE,3,2011-09-16 13:53:00,2.08,17238.0,United Kingdom,6.24,Sale
556630,23298,SPOTTY BUNTING,3,2011-06-13 14:59:00,4.95,13999.0,United Kingdom,14.85,Sale
555073,22631,CIRCUS PARADE LUNCH BOX ,1,2011-05-31 11:39:00,1.95,16470.0,United Kingdom,1.95,Sale
569374,85078,SCANDINAVIAN 3 HEARTS NAPKIN RING,2,2011-10-03 16:14:00,1.63,,United Kingdom,3.26,Sale
568167,22767,TRIPLE PHOTO FRAME CORNICE ,2,2011-09-25 12:45:00,9.95,15706.0,United Kingdom,19.9,Sale
576617,21810,CHRISTMAS HANGING STAR WITH BELL,10,2011-11-15 16:57:00,0.83,,United Kingdom,8.299999999999999,Sale
562843,22538,MINI JIGSAW GO TO THE FAIR,1,2011-08-09 17:37:00,0.83,,United Kingdom,0.83,Sale
579168,22865,HAND WARMER OWL DESIGN,1,2011-11-28 14:12:00,2.1,17806.0,United Kingdom,2.1,Sale
550675,23184,BULL DOG BOTTLE OPENER,4,2011-04-20 10:39:00,4.95,15260.0,United Kingdom,19.8,Sale
560568,21238,RED RETROSPOT CUP,8,2011-07-19 14:03:00,0.85,13895.0,United Kingdom,6.8,Sale
547551,84795b,SUNSET CHECK HAMMOCK,1,2011-03-23 15:55:00,16.63,,United Kingdom,16.63,Sale
537880,21955,DOORMAT UNION JACK GUNS AND ROSES,2,2010-12-09 09:14:00,7.95,12963.0,United Kingdom,15.9,Sale
548162,20723,STRAWBERRY CHARLOTTE BAG,57,2011-03-29 13:42:00,2.46,,United Kingdom,140.22,Sale
553570,22502,PICNIC BASKET WICKER SMALL,4,2011-05-18 09:23:00,5.95,13756.0,United Kingdom,23.8,Sale
536639,22112,CHOCOLATE HOT WATER BOTTLE,3,2010-12-02 11:45:00,4.95,15111.0,United Kingdom,14.85,Sale
572903,22186,RED STAR CARD HOLDER,3,2011-10-26 15:17:00,1.95,17974.0,United Kingdom,5.85,Sale
578516,23205,CHARLOTTE BAG VINTAGE ALPHABET ,10,2011-11-24 13:53:00,0.85,14591.0,United Kingdom,8.5,Sale
547547,22616,PACK OF 12 LONDON TISSUES ,1,2011-03-23 15:30:00,0.83,,United Kingdom,0.83,Sale
541265,22195,LARGE HEART MEASURING SPOONS,1,2011-01-16 16:23:00,1.65,17609.0,United Kingdom,1.65,Sale
544485,22685,FRENCH BLUE METAL DOOR SIGN 0,1,2011-02-21 11:35:00,1.25,17757.0,United Kingdom,1.25,Sale
547645,POST,POSTAGE,1,2011-03-24 11:40:00,40.0,12676.0,Sweden,40.0,Sale
540188,22716,CARD CIRCUS PARADE,12,2011-01-05 13:57:00,0.42,16771.0,United Kingdom,5.04,Sale
556408,21232,STRAWBERRY CERAMIC TRINKET BOX,4,2011-06-10 11:54:00,1.25,13533.0,United Kingdom,5.0,Sale
559009,23091,ZINC HERB GARDEN CONTAINER,2,2011-07-05 12:47:00,6.25,15549.0,United Kingdom,12.5,Sale
573871,23323,WHITE WICKER STAR ,60,2011-11-01 12:34:00,1.85,14426.0,United Kingdom,111.0,Sale
567182,84596F,SMALL MARSHMALLOWS PINK BOWL,8,2011-09-18 15:21:00,0.42,13334.0,United Kingdom,3.36,Sale
538523,21221,SET/4 BADGES CUTE CREATURES,10,2010-12-13 09:29:00,1.25,13198.0,United Kingdom,12.5,Sale
550329,21755,LOVE BUILDING BLOCK WORD,3,2011-04-17 13:20:00,5.95,13951.0,United Kingdom,17.85,Sale
578270,22631,CIRCUS PARADE LUNCH BOX ,1,2011-11-23 13:39:00,4.13,14096.0,United Kingdom,4.13,Sale
572650,23201,JUMBO BAG ALPHABET,13,2011-10-25 12:00:00,2.08,15506.0,United Kingdom,27.04,Sale
541659,22171,3 HOOK PHOTO SHELF ANTIQUE WHITE,2,2011-01-20 12:16:00,8.5,15262.0,United Kingdom,17.0,Sale
578927,23202,JUMBO BAG VINTAGE LEAF,6,2011-11-27 12:26:00,2.08,15747.0,United Kingdom,12.48,Sale
564337,20992,JAZZ HEARTS PURSE NOTEBOOK,48,2011-08-24 14:40:00,0.39,12649.0,Germany,18.72,Sale
557481,22219,LOVEBIRD HANGING DECORATION WHITE ,2,2011-06-20 14:11:00,1.63,,United Kingdom,3.26,Sale
556942,21136,PAINTED METAL PEARS ASSORTED,16,2011-06-15 16:42:00,1.69,14222.0,United Kingdom,27.04,Sale
567905,23327,HANGING CLEAR MINI BOTTLE,48,2011-09-22 16:37:00,0.63,12952.0,United Kingdom,30.24,Sale
574097,23347,I LOVE LONDON BEAKER,12,2011-11-03 09:56:00,1.25,12471.0,Germany,15.0,Sale
580729,22698,PINK REGENCY TEACUP AND SAUCER,7,2011-12-05 17:24:00,5.79,,United Kingdom,40.53,Sale
577504,22093,MOTORING TISSUE BOX,4,2011-11-20 12:36:00,0.39,14159.0,United Kingdom,1.56,Sale
570108,23542,70'S ALPHABET WALL ART,2,2011-10-07 12:25:00,8.25,13004.0,United Kingdom,16.5,Sale
545897,21851,LILAC DIAMANTE PEN IN GIFT BOX,1,2011-03-07 17:22:00,4.13,,United Kingdom,4.13,Sale
569403,22726,ALARM CLOCK BAKELIKE GREEN,8,2011-10-04 09:02:00,3.75,13319.0,United Kingdom,30.0,Sale
573585,22111,SCOTTIE DOG HOT WATER BOTTLE,1,2011-10-31 14:41:00,10.79,,United Kingdom,10.79,Sale
546136,21974,SET OF 36 PAISLEY FLOWER DOILIES,1,2011-03-09 16:32:00,2.92,,United Kingdom,2.92,Sale
566477,23161,REGENCY CAKE FORK,12,2011-09-13 09:03:00,1.25,14359.0,United Kingdom,15.0,Sale
579465,85152,HAND OVER THE CHOCOLATE   SIGN ,1,2011-11-29 14:53:00,2.1,15790.0,United Kingdom,2.1,Sale
537823,22906,12 MESSAGE CARDS WITH ENVELOPES,1,2010-12-08 14:25:00,3.36,,United Kingdom,3.36,Sale
541711,22212,FOUR HOOK  WHITE LOVEBIRDS,24,2011-01-21 11:18:00,2.1,14646.0,Netherlands,50.400000000000006,Sale
545660,22099,CARAVAN SQUARE TISSUE BOX,7,2011-03-04 14:28:00,1.25,17191.0,United Kingdom,8.75,Sale
570690,23366,SET 12 COLOURING PENCILS DOILY,1,2011-10-11 16:37:00,1.25,,United Kingdom,1.25,Sale
558475,21633,SUNFLOWER DECORATIVE PARASOL,2,2011-06-29 15:58:00,8.29,,United Kingdom,16.58,Sale
580875,21408,SPOTTY PINK DUCK DOORSTOP,8,2011-12-06 12:11:00,1.95,17744.0,United Kingdom,15.6,Sale
576075,84991,60 TEATIME FAIRY CAKE CASES,6,2011-11-13 16:16:00,0.55,15861.0,United Kingdom,3.3000000000000003,Sale
574049,23032,DRAWER KNOB CRACKLE GLAZE IVORY,6,2011-11-02 13:40:00,1.65,13316.0,United Kingdom,9.9,Sale
540260,21547,CERAMIC BIRDHOUSE CRESTED TIT SMALL,6,2011-01-06 09:40:00,2.95,13097.0,United Kingdom,17.700000000000003,Sale
567610,22197,POPCORN HOLDER,100,2011-09-21 11:30:00,0.72,17511.0,United Kingdom,72.0,Sale
541838,22173,METAL 4 HOOK HANGER FRENCH CHATEAU,8,2011-01-23 10:43:00,2.95,12916.0,United Kingdom,23.6,Sale
540154,22372,AIRLINE BAG VINTAGE WORLD CHAMPION ,1,2011-01-05 11:30:00,4.21,,United Kingdom,4.21,Sale
564755,21212,PACK OF 72 RETROSPOT CAKE CASES,2,2011-08-30 10:31:00,1.25,,United Kingdom,2.5,Sale
566195,21479,WHITE SKULL HOT WATER BOTTLE ,8,2011-09-09 13:44:00,3.75,12433.0,Norway,30.0,Sale
565931,22629,SPACEBOY LUNCH BOX ,12,2011-09-08 10:35:00,1.95,12683.0,France,23.4,Sale
568657,21211,SET OF 72 SKULL PAPER  DOILIES,2,2011-09-28 12:22:00,1.45,16460.0,United Kingdom,2.9,Sale
574313,21871,SAVE THE PLANET MUG,12,2011-11-03 17:45:00,1.65,13267.0,United Kingdom,19.8,Sale
553151,21559,STRAWBERRY LUNCH BOX WITH CUTLERY,10,2011-05-13 14:53:00,2.55,13089.0,United Kingdom,25.5,Sale
549099,20725,LUNCH BAG RED RETROSPOT,1,2011-04-06 11:07:00,1.65,16241.0,United Kingdom,1.65,Sale
539458,84341B,SMALL PINK MAGIC CHRISTMAS TREE,18,2010-12-17 17:30:00,0.85,,United Kingdom,15.3,Sale
578844,22297,HEART IVORY TRELLIS SMALL,1,2011-11-25 16:14:00,2.46,,United Kingdom,2.46,Sale
549901,21122,SET/10 PINK POLKADOT PARTY CANDLES,24,2011-04-12 16:17:00,1.25,17180.0,United Kingdom,30.0,Sale
543300,22148,EASTER CRAFT 4 CHICKS ,6,2011-02-07 11:42:00,1.95,13334.0,United Kingdom,11.7,Sale
559039,22358,KINGS CHOICE TEA CADDY ,6,2011-07-05 15:32:00,5.79,,United Kingdom,34.74,Sale
565469,22760,"TRAY, BREAKFAST IN BED",54,2011-09-05 10:00:00,10.95,17389.0,United Kingdom,591.3,Sale
574746,23202,JUMBO BAG VINTAGE LEAF,20,2011-11-07 08:30:00,2.08,16523.0,United Kingdom,41.6,Sale
536945,21430,SET/3 RED GINGHAM ROSE STORAGE BOX,2,2010-12-03 12:24:00,3.75,14083.0,United Kingdom,7.5,Sale
556063,85066,CREAM SWEETHEART MINI CHEST,1,2011-06-08 14:09:00,12.75,14587.0,United Kingdom,12.75,Sale
541104,84988,SET OF 72 PINK HEART PAPER DOILIES,1,2011-01-13 14:29:00,2.92,,United Kingdom,2.92,Sale
572913,22736,RIBBON REEL MAKING SNOWMEN ,4,2011-10-26 16:21:00,1.65,15993.0,United Kingdom,6.6,Sale
538153,21658,GLASS  BEURRE DISH,1,2010-12-09 16:31:00,8.47,,United Kingdom,8.47,Sale
568671,23184,BULL DOG BOTTLE OPENER,4,2011-09-28 13:13:00,4.95,13139.0,United Kingdom,19.8,Sale
540453,22026,BANQUET BIRTHDAY  CARD  ,12,2011-01-07 11:54:00,0.42,13426.0,United Kingdom,5.04,Sale
571779,22434,BALLOON PUMP WITH 10 BALLOONS,1,2011-10-19 11:27:00,1.95,12748.0,United Kingdom,1.95,Sale
561625,21642,ASSORTED TUTTI FRUTTI PEN,48,2011-07-28 14:03:00,0.29,16843.0,United Kingdom,13.919999999999998,Sale
581233,22625,RED KITCHEN SCALES,2,2011-12-08 10:33:00,8.5,13436.0,United Kingdom,17.0,Sale
560772,22507,MEMO BOARD RETROSPOT  DESIGN,1,2011-07-20 16:12:00,10.79,,United Kingdom,10.79,Sale
542388,21166,COOK WITH WINE METAL SIGN ,12,2011-01-27 14:45:00,1.95,14239.0,United Kingdom,23.4,Sale
539453,22694,WICKER STAR ,2,2010-12-17 17:08:00,4.21,,United Kingdom,8.42,Sale
566612,21563,RED HEART SHAPE LOVE BUCKET ,5,2011-09-13 17:16:00,2.95,16229.0,United Kingdom,14.75,Sale
581310,22607,WOODEN ROUNDERS GARDEN SET ,1,2011-12-08 11:43:00,9.95,16442.0,United Kingdom,9.95,Sale
548198,22518,CHILDS GARDEN BRUSH BLUE,3,2011-03-29 16:05:00,2.1,16712.0,United Kingdom,6.300000000000001,Sale
555573,84836,ZINC METAL HEART DECORATION,3,2011-06-05 15:46:00,1.25,15349.0,United Kingdom,3.75,Sale
569414,22735,RIBBON REEL SOCKS AND MITTENS,1,2011-10-04 10:11:00,4.13,,United Kingdom,4.13,Sale
552894,22214,CANDLE PLATE LACE WHITE,1,2011-05-12 10:53:00,2.55,14606.0,United Kingdom,2.55,Sale
552046,21158,MOODY GIRL DOOR HANGER ,12,2011-05-06 09:44:00,1.45,15235.0,United Kingdom,17.4,Sale
562264,22800,ANTIQUE TALL SWIRLGLASS TRINKET POT,3,2011-08-03 16:14:00,7.46,,United Kingdom,22.38,Sale
569675,23355,HOT WATER BOTTLE KEEP CALM,4,2011-10-05 14:03:00,4.95,15687.0,United Kingdom,19.8,Sale
537640,22739,RIBBON REEL CHRISTMAS SOCK BAUBLE,8,2010-12-07 15:31:00,4.21,,United Kingdom,33.68,Sale
572284,51014L,"FEATHER PEN,LIGHT PINK",12,2011-10-23 12:08:00,0.39,16744.0,United Kingdom,4.68,Sale
558388,22721,SET OF 3 CAKE TINS SKETCHBOOK,3,2011-06-29 10:00:00,4.95,,EIRE,14.85,Sale
545522,22667,RECIPE BOX RETROSPOT ,6,2011-03-03 12:35:00,2.95,15596.0,United Kingdom,17.700000000000003,Sale
545166,22993,SET OF 4 PANTRY JELLY MOULDS,2,2011-02-28 14:03:00,1.25,17027.0,United Kingdom,2.5,Sale
544205,48185,DOORMAT FAIRY CAKE,1,2011-02-17 10:31:00,14.13,,United Kingdom,14.13,Sale
562033,22699,ROSES REGENCY TEACUP AND SAUCER ,6,2011-08-02 08:49:00,2.95,15410.0,United Kingdom,17.700000000000003,Sale
578827,22585,PACK OF 6 BIRDY GIFT TAGS,1,2011-11-25 14:25:00,2.46,,United Kingdom,2.46,Sale
536532,21983,PACK OF 12 BLUE PAISLEY TISSUES ,48,2010-12-01 13:24:00,0.29,12433.0,Norway,13.919999999999998,Sale
573585,90114,SUMMER DAISIES BAG CHARM,1,2011-10-31 14:41:00,2.46,,United Kingdom,2.46,Sale
573576,84828,JUNGLE POPSICLES ICE LOLLY MOULDS,1,2011-10-31 14:09:00,2.46,14096.0,United Kingdom,2.46,Sale
549439,71053,WHITE METAL LANTERN,8,2011-04-08 12:42:00,3.75,13562.0,United Kingdom,30.0,Sale
580033,21931,JUMBO STORAGE BAG SUKI,20,2011-12-01 12:18:00,2.08,14282.0,United Kingdom,41.6,Sale
564230,22423,REGENCY CAKESTAND 3 TIER,7,2011-08-24 10:22:00,24.96,,United Kingdom,174.72,Sale
557626,21499,BLUE POLKADOT WRAP,25,2011-06-21 14:29:00,0.42,14175.0,United Kingdom,10.5,Sale
553385,23231,WRAP DOILEY DESIGN,25,2011-05-16 15:53:00,0.42,16710.0,United Kingdom,10.5,Sale
550712,22973,CHILDREN'S CIRCUS PARADE MUG,12,2011-04-20 11:06:00,1.65,15159.0,United Kingdom,19.8,Sale
553175,72819,CUPID DESIGN SCENTED CANDLES,2,2011-05-15 11:17:00,2.55,,United Kingdom,5.1,Sale
576372,22112,CHOCOLATE HOT WATER BOTTLE,24,2011-11-15 08:32:00,4.25,15144.0,United Kingdom,102.0,Sale
552318,90201A,PURPLE ENAMEL FLOWER RING,1,2011-05-08 16:13:00,2.95,17231.0,United Kingdom,2.95,Sale
550470,22998,TRAVEL CARD WALLET KEEP CALM,1,2011-04-18 13:49:00,0.83,,United Kingdom,0.83,Sale
552285,85185B,PINK HORSE SOCK PUPPET,1,2011-05-08 12:58:00,2.95,14684.0,United Kingdom,2.95,Sale
546658,22975,SPACEBOY CHILDRENS EGG CUP,12,2011-03-15 14:21:00,1.25,15150.0,United Kingdom,15.0,Sale
572552,84569D,PACK 6 HEART/ICE-CREAM PATCHES,2,2011-10-24 17:07:00,2.46,14096.0,United Kingdom,4.92,Sale
562973,22623,BOX OF VINTAGE JIGSAW BLOCKS ,72,2011-08-11 11:42:00,4.95,14911.0,EIRE,356.40000000000003,Sale
558475,22994,TRAVEL CARD WALLET RETROSPOT,2,2011-06-29 15:58:00,0.83,,United Kingdom,1.66,Sale
537758,16237,SLEEPING CAT ERASERS,30,2010-12-08 11:41:00,0.21,16122.0,United Kingdom,6.3,Sale
537638,21479,WHITE SKULL HOT WATER BOTTLE ,8,2010-12-07 15:28:00,7.62,,United Kingdom,60.96,Sale
563477,22630,DOLLY GIRL LUNCH BOX,2,2011-08-16 15:39:00,1.95,17097.0,Spain,3.9,Sale
538591,21262,WHITE GOOSE FEATHER CHRISTMAS TREE ,6,2010-12-13 11:44:00,2.95,14741.0,United Kingdom,17.700000000000003,Sale
568227,23212,HEART WREATH DECORATION WITH BELL,3,2011-09-26 10:57:00,1.25,17841.0,United Kingdom,3.75,Sale
566298,85230F,JASMINE VOTIVE CANDLE,24,2011-09-11 15:52:00,0.29,14030.0,United Kingdom,6.959999999999999,Sale
576365,21889,WOODEN BOX OF DOMINOES,152,2011-11-14 17:55:00,2.95,,United Kingdom,448.4,Sale
538064,20983,12 PENCILS TALL TUBE RED RETROSPOT,2,2010-12-09 13:47:00,0.85,15271.0,United Kingdom,1.7,Sale
543909,71143,SILVER BOOK MARK WITH BEADS,1,2011-02-14 12:32:00,2.46,,United Kingdom,2.46,Sale
560238,23025,DRAWER KNOB VINTAGE GLASS BALL,6,2011-07-17 11:41:00,2.08,17725.0,United Kingdom,12.48,Sale
567161,23293,SET OF 12 FAIRY CAKE BAKING CASES,16,2011-09-18 10:46:00,0.83,15947.0,United Kingdom,13.28,Sale
539333,22128,PARTY CONES CANDY ASSORTED,12,2010-12-17 09:52:00,1.25,13627.0,United Kingdom,15.0,Sale
547825,21988,PACK OF 6 SKULL PAPER PLATES,12,2011-03-25 15:01:00,0.85,12778.0,Netherlands,10.2,Sale
567668,23206,LUNCH BAG APPLE DESIGN,3,2011-09-21 15:29:00,4.13,,United Kingdom,12.39,Sale
578373,22089,PAPER BUNTING VINTAGE PAISLEY,6,2011-11-24 11:19:00,2.95,17451.0,United Kingdom,17.700000000000003,Sale
546644,22212,FOUR HOOK  WHITE LOVEBIRDS,6,2011-03-15 13:28:00,2.1,15932.0,United Kingdom,12.6,Sale
548780,37475,SET/4 COLOURFUL MIXING BOWLS,1,2011-04-04 12:37:00,9.95,13294.0,United Kingdom,9.95,Sale
577411,23201,JUMBO BAG ALPHABET,10,2011-11-20 11:00:00,2.08,17387.0,United Kingdom,20.8,Sale
542255,22869,NUMBER TILE COTTAGE GARDEN 1,1,2011-01-26 16:43:00,4.13,,United Kingdom,4.13,Sale
552325,20724,RED RETROSPOT CHARLOTTE BAG,10,2011-05-09 09:47:00,0.85,12490.0,France,8.5,Sale
569531,23301,GARDENERS KNEELING PAD KEEP CALM ,12,2011-10-04 15:02:00,1.65,12695.0,France,19.8,Sale
576857,23556,LANDMARK FRAME COVENT GARDEN ,1,2011-11-16 15:52:00,12.5,12748.0,United Kingdom,12.5,Sale
538566,85184C,S/4 VALENTINE DECOUPAGE HEART BOX,1,2010-12-13 11:21:00,5.91,,United Kingdom,5.91,Sale
572932,23203,JUMBO BAG VINTAGE DOILY ,10,2011-10-27 10:14:00,2.08,15791.0,United Kingdom,20.8,Sale
553638,22846,BREAD BIN DINER STYLE RED ,1,2011-05-18 10:56:00,16.95,14180.0,United Kingdom,16.95,Sale
569424,23550,WRAP ALPHABET POSTER  ,25,2011-10-04 10:49:00,0.42,15529.0,United Kingdom,10.5,Sale
553522,22355,CHARLOTTE BAG SUKI DESIGN,8,2011-05-17 14:43:00,0.85,15005.0,United Kingdom,6.8,Sale
555542,22961,JAM MAKING SET PRINTED,12,2011-06-05 12:51:00,1.45,15108.0,European Community,17.4,Sale
540353,22962,JAM JAR WITH PINK LID,6,2011-01-06 14:53:00,0.85,13764.0,United Kingdom,5.1,Sale
575612,22385,JUMBO BAG SPACEBOY DESIGN,10,2011-11-10 12:47:00,2.08,17416.0,United Kingdom,20.8,Sale
558388,22855,FINE WICKER HEART ,12,2011-06-29 10:00:00,1.25,,EIRE,15.0,Sale
572900,23510,MINI PLAYING CARDS GYMKHANA,20,2011-10-26 14:52:00,0.42,13107.0,United Kingdom,8.4,Sale
575751,23076,ICE CREAM SUNDAE LIP GLOSS,24,2011-11-11 10:32:00,1.25,14911.0,EIRE,30.0,Sale
563946,23144,ZINC T-LIGHT HOLDER STARS SMALL,12,2011-08-22 10:15:00,0.83,17527.0,United Kingdom,9.96,Sale
546091,22931,BAKING MOULD HEART WHITE CHOCOLATE,6,2011-03-09 11:53:00,2.55,14936.0,Channel Islands,15.3,Sale
560547,21990,MODERN FLORAL STATIONERY SET,12,2011-07-19 12:39:00,1.25,17419.0,United Kingdom,15.0,Sale
549295,85131D,BEADED CRYSTAL HEART PINK ON STICK,1,2011-04-07 19:49:00,0.83,,United Kingdom,0.83,Sale
555203,82552,WASHROOM METAL SIGN,2,2011-06-01 12:13:00,1.45,17191.0,United Kingdom,2.9,Sale
542691,21915,RED  HARMONICA IN BOX ,12,2011-01-31 12:34:00,1.25,13408.0,United Kingdom,15.0,Sale
569461,23437, 50'S CHRISTMAS GIFT BAG LARGE,12,2011-10-04 11:36:00,1.25,16556.0,United Kingdom,15.0,Sale
564366,48184,DOORMAT ENGLISH ROSE ,2,2011-08-25 08:58:00,7.95,13236.0,United Kingdom,15.9,Sale
545978,21232,STRAWBERRY CERAMIC TRINKET BOX,4,2011-03-08 12:19:00,1.25,13975.0,United Kingdom,5.0,Sale
550470,22649,STRAWBERRY FAIRY CAKE TEAPOT,1,2011-04-18 13:49:00,10.79,,United Kingdom,10.79,Sale
544569,21034,REX CASH+CARRY JUMBO SHOPPER,1,2011-02-21 12:58:00,0.95,16980.0,United Kingdom,0.95,Sale
541115,22313,OFFICE MUG WARMER PINK,12,2011-01-13 15:34:00,2.95,12578.0,Italy,35.400000000000006,Sale
547251,37450,CERAMIC CAKE BOWL + HANGING CAKES,6,2011-03-22 09:43:00,2.95,17865.0,United Kingdom,17.700000000000003,Sale
564719,82600,NO SINGING METAL SIGN,1,2011-08-28 11:55:00,2.1,15325.0,United Kingdom,2.1,Sale
558700,21905,MORE BUTTER METAL SIGN ,1,2011-07-01 12:33:00,0.79,17920.0,United Kingdom,0.79,Sale
547496,22771,CLEAR DRAWER KNOB ACRYLIC EDWARDIAN,12,2011-03-23 12:13:00,1.25,18075.0,United Kingdom,15.0,Sale
536973,85061W,WHITE JEWELLED HEART DECORATION,48,2010-12-03 13:43:00,0.85,17787.0,United Kingdom,40.8,Sale
561072,84592,CROCHET ROSE PURSE WITH SUEDE BACK,6,2011-07-24 15:39:00,2.95,14019.0,United Kingdom,17.700000000000003,Sale
541592,22163,HEART STRING MEMO HOLDER HANGING,1,2011-01-19 15:08:00,3.29,,United Kingdom,3.29,Sale
570428,23351,ROLL WRAP 50'S CHRISTMAS,2,2011-10-10 14:02:00,1.25,15553.0,United Kingdom,2.5,Sale
565231,20728,LUNCH BAG CARS BLUE,2,2011-09-02 09:26:00,4.13,,United Kingdom,8.26,Sale
561209,23102,SILVER HEARTS TABLE DECORATION,3,2011-07-25 16:57:00,2.46,,United Kingdom,7.38,Sale
564378,23112,PARISIENNE CURIO CABINET,2,2011-08-25 10:26:00,7.5,12417.0,Belgium,15.0,Sale
579196,35971,ROSE FOLKART HEART DECORATIONS,1,2011-11-28 15:54:00,2.46,14096.0,United Kingdom,2.46,Sale
555835,20676,RED RETROSPOT BOWL,12,2011-06-07 12:34:00,1.25,14525.0,United Kingdom,15.0,Sale
581405,22557,PLASTERS IN TIN VINTAGE PAISLEY ,2,2011-12-08 13:50:00,1.65,13521.0,United Kingdom,3.3,Sale
568066,23504,PLAYING CARDS JUBILEE UNION JACK,1,2011-09-23 13:48:00,1.25,14529.0,United Kingdom,1.25,Sale
548708,22979,PANTRY WASHING UP BRUSH,4,2011-04-03 12:41:00,1.45,13269.0,United Kingdom,5.8,Sale
546646,84596E,SMALL LICORICE DES PINK BOWL,8,2011-03-15 13:49:00,0.42,13716.0,United Kingdom,3.36,Sale
564378,23350,ROLL WRAP VINTAGE SPOT ,12,2011-08-25 10:26:00,1.25,12417.0,Belgium,15.0,Sale
544195,85061W,WHITE JEWELLED HEART DECORATION,24,2011-02-17 08:58:00,0.85,13305.0,United Kingdom,20.4,Sale
564974,20997,ROSE DU SUD CUSHION COVER ,1,2011-08-31 15:32:00,4.13,,United Kingdom,4.13,Sale
574298,23168,CLASSIC CAFE SUGAR DISPENSER,1,2011-11-03 15:56:00,2.46,,United Kingdom,2.46,Sale
566231,22142,CHRISTMAS CRAFT WHITE FAIRY ,12,2011-09-11 10:58:00,1.45,14837.0,United Kingdom,17.4,Sale
567659,23409,PHOTO FRAME LINEN AND LACE LARGE,6,2011-09-21 14:55:00,3.75,17475.0,United Kingdom,22.5,Sale
556905,22374,AIRLINE BAG VINTAGE JET SET RED,1,2011-06-15 13:05:00,4.25,16904.0,United Kingdom,4.25,Sale
543306,22148,EASTER CRAFT 4 CHICKS ,1,2011-02-07 11:56:00,1.95,16686.0,United Kingdom,1.95,Sale
568054,22799,SWEETHEART WIRE FRUIT BOWL,1,2011-09-23 12:50:00,8.5,16978.0,United Kingdom,8.5,Sale
557525,22324,BLUE POLKADOT KIDS BAG,12,2011-06-21 09:26:00,1.95,12759.0,Netherlands,23.4,Sale
565850,82482,WOODEN PICTURE FRAME WHITE FINISH,6,2011-09-07 12:55:00,2.95,14530.0,United Kingdom,17.700000000000003,Sale
549182,22715,CARD WEDDING DAY,12,2011-04-07 09:12:00,0.42,15646.0,United Kingdom,5.04,Sale
550467,47566,PARTY BUNTING,3,2011-04-18 13:36:00,4.95,18009.0,United Kingdom,14.85,Sale
541969,85204,HANGING WOOD AND FELT FLOWER,3,2011-01-24 13:46:00,0.42,,United Kingdom,1.26,Sale
542648,22605,WOODEN CROQUET GARDEN SET,2,2011-01-31 11:46:00,14.95,12476.0,Germany,29.9,Sale
559809,21080,SET/20 RED RETROSPOT PAPER NAPKINS ,2,2011-07-12 14:57:00,0.85,16409.0,United Kingdom,1.7,Sale
561648,22897,OVEN MITT APPLES DESIGN,5,2011-07-28 15:21:00,1.45,15746.0,United Kingdom,7.25,Sale
570488,23222,CHRISTMAS TREE HANGING GOLD,1,2011-10-10 17:12:00,1.63,14096.0,United Kingdom,1.63,Sale
543013,21974,SET OF 36 PAISLEY FLOWER DOILIES,1,2011-02-02 13:35:00,2.92,,United Kingdom,2.92,Sale
574043,22093,MOTORING TISSUE BOX,4,2011-11-02 13:13:00,0.39,16367.0,United Kingdom,1.56,Sale
563508,23168,CLASSIC CAFE SUGAR DISPENSER,12,2011-08-17 10:27:00,1.25,16133.0,United Kingdom,15.0,Sale
561071,22385,JUMBO BAG SPACEBOY DESIGN,10,2011-07-24 15:39:00,2.08,14057.0,United Kingdom,20.8,Sale
568152,22606,WOODEN SKITTLES GARDEN SET,2,2011-09-25 11:40:00,15.95,16480.0,United Kingdom,31.9,Sale
566269,85185B,PINK HORSE SOCK PUPPET,1,2011-09-11 13:39:00,2.95,17864.0,United Kingdom,2.95,Sale
545028,20932,PINK POT PLANT CANDLE,4,2011-02-25 15:21:00,3.75,13973.0,United Kingdom,15.0,Sale
569372,20713,JUMBO BAG OWLS,2,2011-10-03 16:04:00,4.13,,United Kingdom,8.26,Sale
537794,22667,RECIPE BOX RETROSPOT ,2,2010-12-08 13:01:00,2.95,16713.0,United Kingdom,5.9,Sale
557222,22191,IVORY DINER WALL CLOCK,2,2011-06-17 13:14:00,8.5,14936.0,Channel Islands,17.0,Sale
555279,22927,GREEN GIANT GARDEN THERMOMETER,1,2011-06-01 17:42:00,5.95,16348.0,United Kingdom,5.95,Sale
544151,71038,WHITE HANGING BEADS CANDLE HOLDER,8,2011-02-16 12:02:00,5.45,15024.0,United Kingdom,43.6,Sale
571187,POST,POSTAGE,3,2011-10-14 11:39:00,18.0,12380.0,Belgium,54.0,Sale
536592,20761,BLUE PAISLEY SKETCHBOOK,1,2010-12-01 17:06:00,7.62,,United Kingdom,7.62,Sale
571280,22551,PLASTERS IN TIN SPACEBOY,2,2011-10-16 13:08:00,1.65,18122.0,United Kingdom,3.3,Sale
576179,23201,JUMBO BAG ALPHABET,100,2011-11-14 11:09:00,1.75,13694.0,United Kingdom,175.0,Sale
541262,21892,TRADITIONAL WOODEN CATCH CUP GAME ,2,2011-01-16 15:50:00,1.25,18069.0,United Kingdom,2.5,Sale
578551,22816,CARD MOTORBIKE SANTA,12,2011-11-24 15:05:00,0.42,12937.0,United Kingdom,5.04,Sale
555349,21933,PINK VINTAGE PAISLEY PICNIC BAG,5,2011-06-02 12:08:00,1.65,16729.0,United Kingdom,8.25,Sale
578344,23325,RUSTIC STRAWBERRY JAM POT SMALL,1,2011-11-24 09:21:00,3.29,,United Kingdom,3.29,Sale
550106,20719,WOODLAND CHARLOTTE BAG,1,2011-04-14 12:31:00,0.85,13772.0,United Kingdom,0.85,Sale
574911,23084,RABBIT NIGHT LIGHT,6,2011-11-07 15:49:00,2.08,14073.0,United Kingdom,12.48,Sale
560773,21932,SCANDINAVIAN PAISLEY PICNIC BAG,3,2011-07-20 16:17:00,2.46,,United Kingdom,7.38,Sale
566872,22193,RED DINER WALL CLOCK,1,2011-09-15 13:28:00,8.5,16729.0,United Kingdom,8.5,Sale
580644,23146,TRIPLE HOOK ANTIQUE IVORY ROSE,1,2011-12-05 13:10:00,3.29,16904.0,United Kingdom,3.29,Sale
541014,46000M,POLYESTER FILLER PAD 45x45cm,2,2011-01-13 11:54:00,1.55,14085.0,United Kingdom,3.1,Sale
545050,22760,"TRAY, BREAKFAST IN BED",1,2011-02-27 11:57:00,12.75,15951.0,United Kingdom,12.75,Sale
569403,23240,SET OF 4 KNICK KNACK TINS DOILY ,6,2011-10-04 09:02:00,4.15,13319.0,United Kingdom,24.9,Sale
558240,21015,DARK BIRD HOUSE TREE DECORATION,2,2011-06-27 15:27:00,1.25,,United Kingdom,2.5,Sale
553162,22800,ANTIQUE TALL SWIRLGLASS TRINKET POT,1,2011-05-13 15:53:00,7.46,,United Kingdom,7.46,Sale
547199,21068,VINTAGE BILLBOARD LOVE/HATE MUG,2,2011-03-21 12:53:00,1.25,14606.0,United Kingdom,2.5,Sale
536938,79321,CHILLI LIGHTS,72,2010-12-03 12:05:00,4.25,14680.0,United Kingdom,306.0,Sale
578508,21411,GINGHAM HEART  DOORSTOP RED,2,2011-11-24 13:06:00,4.25,16892.0,United Kingdom,8.5,Sale
551728,22962,JAM JAR WITH PINK LID,12,2011-05-04 08:51:00,0.85,12720.0,Germany,10.2,Sale
559162,23200,JUMBO BAG PEARS,2,2011-07-06 16:29:00,4.13,,United Kingdom,8.26,Sale
542836,22242,5 HOOK HANGER MAGIC TOADSTOOL,5,2011-02-01 11:31:00,1.65,16745.0,United Kingdom,8.25,Sale
544681,22193,RED DINER WALL CLOCK,2,2011-02-22 16:28:00,16.63,,United Kingdom,33.26,Sale
541421,22209,WOOD STAMP SET HAPPY BIRTHDAY,1,2011-01-17 17:44:00,1.63,,United Kingdom,1.63,Sale
566085,22222,CAKE PLATE LOVEBIRD WHITE,1,2011-09-09 10:12:00,4.95,17841.0,United Kingdom,4.95,Sale
558475,22231,JIGSAW TREE WITH BIRDHOUSE,29,2011-06-29 15:58:00,1.25,,United Kingdom,36.25,Sale
565014,20725,LUNCH BAG RED RETROSPOT,30,2011-08-31 16:28:00,1.65,16180.0,United Kingdom,49.5,Sale
562276,22932,BAKING MOULD TOFFEE CUP CHOCOLATE,6,2011-08-04 10:23:00,2.55,17735.0,United Kingdom,15.3,Sale
552730,47566,PARTY BUNTING,4,2011-05-11 10:42:00,4.95,16837.0,United Kingdom,19.8,Sale
539470,72807A,SET/3 ROSE CANDLE IN JEWELLED BOX,3,2010-12-19 14:03:00,4.25,14472.0,United Kingdom,12.75,Sale
539315,21257,VICTORIAN SEWING BOX MEDIUM,4,2010-12-16 18:23:00,7.95,18260.0,United Kingdom,31.8,Sale
562928,22710,WRAP I LOVE LONDON ,25,2011-08-10 15:29:00,0.42,15494.0,United Kingdom,10.5,Sale
567970,21080,SET/20 RED RETROSPOT PAPER NAPKINS ,12,2011-09-23 10:02:00,0.85,18041.0,United Kingdom,10.2,Sale
568163,23424,GINGHAM RECIPE BOOK BOX,4,2011-09-25 12:34:00,4.95,14540.0,United Kingdom,19.8,Sale
551174,79302M,"ART LIGHTS,FUNK MONKEY",1,2011-04-26 17:02:00,5.79,,United Kingdom,5.79,Sale
569213,47566B,TEA TIME PARTY BUNTING,2,2011-10-02 12:11:00,4.95,13782.0,United Kingdom,9.9,Sale
579187,82582,AREA PATROLLED METAL SIGN,1,2011-11-28 15:31:00,4.13,,United Kingdom,4.13,Sale
539240,84821,DANISH ROSE DELUXE COASTER,24,2010-12-16 13:15:00,0.21,15194.0,United Kingdom,5.04,Sale
538009,21754,HOME BUILDING BLOCK WORD,3,2010-12-09 12:17:00,5.95,14911.0,EIRE,17.85,Sale
577554,47566,PARTY BUNTING,2,2011-11-20 15:35:00,4.95,15533.0,United Kingdom,9.9,Sale
547248,21931,JUMBO STORAGE BAG SUKI,1,2011-03-22 09:23:00,4.13,,United Kingdom,4.13,Sale
545085,22993,SET OF 4 PANTRY JELLY MOULDS,1,2011-02-28 11:19:00,1.25,15039.0,United Kingdom,1.25,Sale
536782,22774,RED DRAWER KNOB ACRYLIC EDWARDIAN,12,2010-12-02 15:18:00,1.25,17567.0,United Kingdom,15.0,Sale
544676,20668,DISCO BALL CHRISTMAS DECORATION,24,2011-02-22 16:03:00,0.12,17841.0,United Kingdom,2.88,Sale
552229,47566,PARTY BUNTING,5,2011-05-06 15:40:00,10.79,,United Kingdom,53.95,Sale
572743,23356,LOVE HOT WATER BOTTLE,2,2011-10-25 16:13:00,5.95,14482.0,United Kingdom,11.9,Sale
546520,22808,SET OF 6 T-LIGHTS EASTER CHICKS,6,2011-03-14 12:28:00,2.95,14911.0,EIRE,17.700000000000003,Sale
562809,22427,ENAMEL FLOWER JUG CREAM,4,2011-08-09 15:12:00,5.95,16775.0,United Kingdom,23.8,Sale
570353,21166,COOK WITH WINE METAL SIGN ,12,2011-10-10 12:29:00,2.08,17706.0,United Kingdom,24.96,Sale
538660,22469,HEART OF WICKER SMALL,10,2010-12-13 15:37:00,1.65,15808.0,United Kingdom,16.5,Sale
581164,23141,TRIPLE WIRE HOOK PINK HEART,7,2011-12-07 14:34:00,0.79,14395.0,United Kingdom,5.53,Sale
564316,22381,TOY TIDY PINK POLKADOT,10,2011-08-24 13:11:00,2.1,13985.0,United Kingdom,21.0,Sale
556909,84968D,SET OF 16 VINTAGE RED CUTLERY,2,2011-06-15 13:23:00,12.75,17536.0,United Kingdom,25.5,Sale
564660,22367,CHILDRENS APRON SPACEBOY DESIGN,8,2011-08-26 14:45:00,1.95,15074.0,United Kingdom,15.6,Sale
549680,21829,DINOSAUR KEYRINGS ASSORTED,36,2011-04-11 13:02:00,0.21,12701.0,Germany,7.56,Sale
556484,84507B,STRIPES DESIGN MONKEY DOLL,1,2011-06-12 13:17:00,2.55,16938.0,United Kingdom,2.55,Sale
579501,22941,CHRISTMAS LIGHTS 10 REINDEER,10,2011-11-29 16:16:00,7.65,14088.0,United Kingdom,76.5,Sale
581237,23508,MINI PLAYING CARDS DOLLY GIRL ,3,2011-12-08 10:40:00,0.42,15443.0,United Kingdom,1.26,Sale
547941,POST,POSTAGE,1,2011-03-28 14:46:00,150.0,16692.0,United Kingdom,150.0,Sale
543114,22759,SET OF 3 NOTEBOOKS IN PARCEL,12,2011-02-03 13:26:00,1.65,14156.0,EIRE,19.8,Sale
570467,23289,DOLLY GIRL CHILDRENS BOWL,8,2011-10-10 16:06:00,1.25,12607.0,USA,10.0,Sale
579467,85099B,JUMBO BAG RED RETROSPOT,10,2011-11-29 14:57:00,2.08,15755.0,United Kingdom,20.8,Sale
557735,22698,PINK REGENCY TEACUP AND SAUCER,12,2011-06-22 11:30:00,2.95,16214.0,United Kingdom,35.400000000000006,Sale
571438,22624,IVORY KITCHEN SCALES,2,2011-10-17 13:25:00,8.5,15066.0,United Kingdom,17.0,Sale
568676,23418,LAVENDER TOILETTE BOTTLE,12,2011-09-28 13:43:00,2.08,18242.0,United Kingdom,24.96,Sale
575493,23218,LAUREL STAR ANTIQUE GOLD,24,2011-11-10 08:39:00,1.25,18210.0,United Kingdom,30.0,Sale
549120,20677,PINK POLKADOT BOWL,1,2011-04-06 13:28:00,1.25,14587.0,United Kingdom,1.25,Sale
560779,21430,SET/3 RED GINGHAM ROSE STORAGE BOX,2,2011-07-21 09:30:00,7.46,,United Kingdom,14.92,Sale
573377,23571,TRADITIONAL NAUGHTS & CROSSES,6,2011-10-30 13:51:00,1.65,14653.0,United Kingdom,9.9,Sale
549263,22468,BABUSHKA LIGHTS STRING OF 10,2,2011-04-07 12:39:00,6.75,15800.0,United Kingdom,13.5,Sale
540943,22188,BLACK HEART CARD HOLDER,1,2011-01-12 12:31:00,3.95,17841.0,United Kingdom,3.95,Sale
570424,21034,REX CASH+CARRY JUMBO SHOPPER,1,2011-10-10 13:41:00,0.95,17372.0,United Kingdom,0.95,Sale
541219,22834,HAND WARMER BABUSHKA DESIGN,6,2011-01-14 14:06:00,1.63,,United Kingdom,9.78,Sale
550500,16235,RECYCLED PENCIL WITH RABBIT ERASER,6,2011-04-18 15:26:00,0.42,,United Kingdom,2.52,Sale
537395,82599,FANNY'S REST STOPMETAL SIGN,2,2010-12-06 14:05:00,2.1,15356.0,United Kingdom,4.2,Sale
563920,22683,FRENCH BLUE METAL DOOR SIGN 8,3,2011-08-21 14:00:00,1.25,16407.0,United Kingdom,3.75,Sale
555855,20726,LUNCH BAG WOODLAND,100,2011-06-07 13:56:00,1.45,15311.0,United Kingdom,145.0,Sale
571038,23245,SET OF 3 REGENCY CAKE TINS,1,2011-10-13 12:58:00,4.95,15511.0,United Kingdom,4.95,Sale
571240,23199,JUMBO BAG APPLES,10,2011-10-14 14:55:00,2.08,12562.0,France,20.8,Sale
560444,75011,BLUE DAISY MOBILE,7,2011-07-18 17:15:00,0.79,13764.0,United Kingdom,5.53,Sale
564437,23345, DOLLY GIRL BEAKER,12,2011-08-25 12:10:00,1.25,13320.0,United Kingdom,15.0,Sale
565421,21212,PACK OF 72 RETROSPOT CAKE CASES,1,2011-09-04 12:10:00,0.55,16744.0,United Kingdom,0.55,Sale
556636,22378,WALL TIDY RETROSPOT ,1,2011-06-13 15:30:00,4.13,,United Kingdom,4.13,Sale
575176,22028,PENNY FARTHING BIRTHDAY CARD,2,2011-11-08 18:29:00,0.83,,United Kingdom,1.66,Sale
557962,22999,TRAVEL CARD WALLET RETRO PETALS,24,2011-06-24 09:22:00,0.42,13709.0,United Kingdom,10.08,Sale
579154,22952,60 CAKE CASES VINTAGE CHRISTMAS,1,2011-11-28 13:27:00,0.55,17218.0,United Kingdom,0.55,Sale
572913,21892,TRADITIONAL WOODEN CATCH CUP GAME ,3,2011-10-26 16:21:00,1.25,15993.0,United Kingdom,3.75,Sale
567859,23371,SET 36 COLOUR PENCILS SPACEBOY ,16,2011-09-22 13:51:00,1.25,12936.0,United Kingdom,20.0,Sale
559794,23286,BLUE VINTAGE SPOT BEAKER,8,2011-07-12 13:16:00,0.85,16700.0,United Kingdom,6.8,Sale
576329,35961,FOLKART ZINC HEART CHRISTMAS DEC,1,2011-11-14 15:22:00,1.63,,United Kingdom,1.63,Sale
563091,22910,PAPER CHAIN KIT VINTAGE CHRISTMAS,6,2011-08-11 17:02:00,2.95,12994.0,United Kingdom,17.700000000000003,Sale
562101,22951,60 CAKE CASES DOLLY GIRL DESIGN,24,2011-08-02 14:04:00,0.55,13850.0,United Kingdom,13.2,Sale
569136,22319,HAIRCLIPS FORTIES FABRIC ASSORTED,12,2011-09-30 14:41:00,0.65,15834.0,United Kingdom,7.800000000000001,Sale
547666,22684,FRENCH BLUE METAL DOOR SIGN 9,10,2011-03-24 13:23:00,1.25,14235.0,United Kingdom,12.5,Sale
575930,22549,PICTURE DOMINOES,2,2011-11-11 17:58:00,3.29,,United Kingdom,6.58,Sale
572081,23483,HANGING  BUTTERFLY T-LIGHT HOLDER,12,2011-10-20 14:13:00,1.25,16592.0,United Kingdom,15.0,Sale
564436,21114,LAVENDER SCENTED FABRIC HEART,5,2011-08-25 12:06:00,1.25,17841.0,United Kingdom,6.25,Sale
569715,22998,TRAVEL CARD WALLET KEEP CALM,96,2011-10-05 17:29:00,0.42,15856.0,United Kingdom,40.32,Sale
537593,20712,JUMBO BAG WOODLAND ANIMALS,20,2010-12-07 12:21:00,1.95,14282.0,United Kingdom,39.0,Sale
544900,22621,TRADITIONAL KNITTING NANCY,12,2011-02-24 12:41:00,1.45,15121.0,United Kingdom,17.4,Sale
559514,21033,JUMBO BAG CHARLIE AND LOLA TOYS,1,2011-07-08 15:57:00,4.13,,United Kingdom,4.13,Sale
548169,20725,LUNCH BAG RED RETROSPOT,100,2011-03-29 13:48:00,1.45,14680.0,United Kingdom,145.0,Sale
553013,84032B,CHARLIE + LOLA RED HOT WATER BOTTLE,1,2011-05-12 18:19:00,3.29,,United Kingdom,3.29,Sale
548452,84849D,HOT BATHS SOAP HOLDER,12,2011-03-31 11:37:00,1.69,13060.0,United Kingdom,20.28,Sale
574720,21156,RETROSPOT CHILDRENS APRON,2,2011-11-06 14:39:00,1.95,14547.0,United Kingdom,3.9,Sale
559436,23254,CHILDRENS CUTLERY DOLLY GIRL ,1,2011-07-08 12:18:00,4.15,15901.0,United Kingdom,4.15,Sale
549557,21770,OPEN CLOSED METAL SIGN,1,2011-04-10 12:59:00,4.95,14450.0,United Kingdom,4.95,Sale
545721,21901,"KEY FOB , BACK DOOR ",1,2011-03-07 10:52:00,0.65,15039.0,United Kingdom,0.65,Sale
570840,23146,TRIPLE HOOK ANTIQUE IVORY ROSE,4,2011-10-12 14:10:00,3.29,13468.0,United Kingdom,13.16,Sale
553860,82001S,VINYL RECORD FRAME SILVER,1,2011-05-19 13:57:00,3.75,17841.0,United Kingdom,3.75,Sale
571713,21680,WOODLAND  STICKERS,1,2011-10-18 16:58:00,1.63,,United Kingdom,1.63,Sale
566721,22749,FELTCRAFT PRINCESS CHARLOTTE DOLL,4,2011-09-14 12:50:00,3.75,12921.0,United Kingdom,15.0,Sale
565458,20713,JUMBO BAG OWLS,10,2011-09-05 09:16:00,2.08,16523.0,United Kingdom,20.8,Sale
573576,84884A,ANT WHITE WIRE HEART SPIRAL,2,2011-10-31 14:09:00,8.29,14096.0,United Kingdom,16.58,Sale
544323,85114B,IVORY ENCHANTED FOREST PLACEMAT,4,2011-02-17 15:51:00,3.29,,United Kingdom,13.16,Sale
564398,85014B,RED RETROSPOT UMBRELLA,6,2011-08-25 10:55:00,5.95,18241.0,United Kingdom,35.7,Sale
546136,22161,HEART DECORATION RUSTIC HANGING ,4,2011-03-09 16:32:00,0.79,,United Kingdom,3.16,Sale
558906,22553,PLASTERS IN TIN SKULLS,2,2011-07-04 16:35:00,1.65,15555.0,United Kingdom,3.3,Sale
571712,23243,SET OF TEA COFFEE SUGAR TINS PANTRY,3,2011-10-18 16:46:00,4.95,14056.0,United Kingdom,14.85,Sale
542849,22852,DOG BOWL VINTAGE CREAM,3,2011-02-01 11:35:00,4.25,,United Kingdom,12.75,Sale
563839,21417,COCKLE SHELL DISH,6,2011-08-19 13:24:00,2.1,16828.0,United Kingdom,12.6,Sale
575070,21975,PACK OF 60 DINOSAUR CAKE CASES,1,2011-11-08 12:58:00,0.55,17841.0,United Kingdom,0.55,Sale
554075,85180B,PINK HEARTS LIGHT CHAIN ,3,2011-05-22 11:29:00,4.65,16038.0,United Kingdom,13.95,Sale
577057,23310,BUBBLEGUM RING ASSORTED,36,2011-11-17 14:26:00,0.42,12748.0,United Kingdom,15.12,Sale
555124,21124,SET/10 BLUE POLKADOT PARTY CANDLES,2,2011-05-31 15:26:00,1.25,18204.0,United Kingdom,2.5,Sale
558633,21733,RED HANGING HEART T-LIGHT HOLDER,6,2011-06-30 19:13:00,2.95,16745.0,United Kingdom,17.700000000000003,Sale
558567,21933,PINK VINTAGE PAISLEY PICNIC BAG,10,2011-06-30 14:37:00,1.65,14191.0,United Kingdom,16.5,Sale
555393,22179,SET 10 NIGHT OWL LIGHTS,2,2011-06-02 17:00:00,6.75,14221.0,United Kingdom,13.5,Sale
553919,20726,LUNCH BAG WOODLAND,10,2011-05-20 08:41:00,1.65,17416.0,United Kingdom,16.5,Sale
574532,22617,BAKING SET SPACEBOY DESIGN,3,2011-11-04 14:19:00,4.95,15676.0,United Kingdom,14.85,Sale
537405,21623,VINTAGE UNION JACK MEMOBOARD,1,2010-12-06 14:51:00,9.95,17841.0,United Kingdom,9.95,Sale
555076,21136,PAINTED METAL PEARS ASSORTED,8,2011-05-31 12:11:00,1.69,13900.0,United Kingdom,13.52,Sale
577557,22914,BLUE COAT RACK PARIS FASHION,1,2011-11-20 15:36:00,4.95,15426.0,United Kingdom,4.95,Sale
574477,22121,NOEL WOODEN BLOCK LETTERS ,2,2011-11-04 12:21:00,5.95,15453.0,United Kingdom,11.9,Sale
572667,22595,GINGHAM HEART DECORATION,12,2011-10-25 13:05:00,0.85,15963.0,United Kingdom,10.2,Sale
553148,84563B,BLUE & WHITE BREAKFAST TRAY,4,2011-05-13 14:09:00,2.95,,Hong Kong,11.8,Sale
574856,22379,RECYCLING BAG RETROSPOT ,2,2011-11-07 12:06:00,4.96,,United Kingdom,9.92,Sale
540349,22804,CANDLEHOLDER PINK HANGING HEART,6,2011-01-06 14:07:00,2.95,15379.0,United Kingdom,17.700000000000003,Sale
571712,23051,RECYCLED ACAPULCO MAT BLUE,4,2011-10-18 16:46:00,8.25,14056.0,United Kingdom,33.0,Sale
555249,23182,TOILET SIGN OCCUPIED OR VACANT,3,2011-06-01 14:57:00,0.83,17472.0,United Kingdom,2.49,Sale
542255,21002,ROSE DU SUD DRAWSTRING BAG,3,2011-01-26 16:43:00,3.29,,United Kingdom,9.87,Sale
544115,21086,SET/6 RED SPOTTY PAPER CUPS,12,2011-02-16 11:45:00,0.65,12727.0,France,7.800000000000001,Sale
542399,21985,PACK OF 12 HEARTS DESIGN TISSUES ,24,2011-01-27 15:38:00,0.29,15549.0,United Kingdom,6.959999999999999,Sale
581219,84988,SET OF 72 PINK HEART PAPER DOILIES,1,2011-12-08 09:28:00,2.92,,United Kingdom,2.92,Sale
576779,22601,CHRISTMAS RETROSPOT ANGEL WOOD,10,2011-11-16 13:25:00,0.85,14554.0,United Kingdom,8.5,Sale
577544,23494,VINTAGE DOILY DELUXE SEWING KIT ,2,2011-11-20 14:43:00,5.95,17758.0,United Kingdom,11.9,Sale
553210,22524,CHILDRENS GARDEN GLOVES BLUE,20,2011-05-16 09:40:00,1.25,14016.0,EIRE,25.0,Sale
550034,84992,72 SWEETHEART FAIRY CAKE CASES,24,2011-04-14 11:48:00,0.55,16187.0,United Kingdom,13.2,Sale
562455,23118,PARISIENNE JEWELLERY DRAWER ,2,2011-08-05 10:32:00,7.5,18097.0,United Kingdom,15.0,Sale
539294,22278,OVERNIGHT BAG VINTAGE ROSE PAISLEY,1,2010-12-16 16:45:00,4.95,15532.0,United Kingdom,4.95,Sale
545701,75049L,LARGE CIRCULAR MIRROR MOBILE,96,2011-03-06 15:17:00,0.85,17107.0,United Kingdom,81.6,Sale
543272,82482,WOODEN PICTURE FRAME WHITE FINISH,2,2011-02-06 11:11:00,2.55,14810.0,United Kingdom,5.1,Sale
557009,21208,PASTEL COLOUR HONEYCOMB FAN,12,2011-06-16 11:38:00,0.39,14321.0,United Kingdom,4.68,Sale
561899,21843,RED RETROSPOT CAKE STAND,6,2011-07-31 15:26:00,9.95,17173.0,United Kingdom,59.7,Sale
547993,22380,TOY TIDY SPACEBOY  ,10,2011-03-29 09:59:00,2.1,,EIRE,21.0,Sale
541684,22109,FULL ENGLISH BREAKFAST PLATE,4,2011-01-20 15:22:00,3.75,15498.0,United Kingdom,15.0,Sale
578675,23316,RED REFECTORY CLOCK ,2,2011-11-24 18:13:00,9.95,14756.0,United Kingdom,19.9,Sale
540647,22219,LOVEBIRD HANGING DECORATION WHITE ,10,2011-01-10 14:57:00,0.85,17406.0,United Kingdom,8.5,Sale
580125,23289,DOLLY GIRL CHILDRENS BOWL,8,2011-12-01 17:16:00,1.25,13089.0,United Kingdom,10.0,Sale
563626,21636,MADRAS NOTEBOOK MEDIUM,36,2011-08-18 10:31:00,0.75,16187.0,United Kingdom,27.0,Sale
551959,22799,SWEETHEART WIRE FRUIT BOWL,2,2011-05-05 12:38:00,8.5,13883.0,United Kingdom,17.0,Sale
565588,85099B,JUMBO BAG RED RETROSPOT,2,2011-09-05 13:50:00,2.08,16918.0,United Kingdom,4.16,Sale
562933,82580,BATHROOM METAL SIGN,2,2011-08-10 16:51:00,1.25,,United Kingdom,2.5,Sale
551547,22077,6 RIBBONS RUSTIC CHARM,2,2011-05-03 09:44:00,4.13,,United Kingdom,8.26,Sale
551558,22456,NATURAL SLATE CHALKBOARD LARGE ,2,2011-05-03 10:41:00,4.95,17841.0,United Kingdom,9.9,Sale
562114,22883,NUMBER TILE VINTAGE FONT 4,1,2011-08-02 16:14:00,4.13,,United Kingdom,4.13,Sale
580956,23265,SET OF 3 WOODEN TREE DECORATIONS,36,2011-12-06 14:23:00,1.25,17841.0,United Kingdom,45.0,Sale
546679,20727,LUNCH BAG  BLACK SKULL.,3,2011-03-15 16:47:00,1.65,13121.0,United Kingdom,4.949999999999999,Sale
570269,16048,TEATIME ROUND PENCIL SHARPENER ,48,2011-10-10 10:16:00,0.12,17227.0,United Kingdom,5.76,Sale
553224,21121,SET/10 RED POLKADOT PARTY CANDLES,6,2011-05-16 10:40:00,1.25,17228.0,United Kingdom,7.5,Sale
564995,22804,CANDLEHOLDER PINK HANGING HEART,1,2011-08-31 16:09:00,2.95,16780.0,United Kingdom,2.95,Sale
578844,23571,TRADITIONAL NAUGHTS & CROSSES,1,2011-11-25 16:14:00,3.29,,United Kingdom,3.29,Sale
563854,21094,SET/6 RED SPOTTY PAPER PLATES,12,2011-08-19 15:24:00,0.85,12364.0,Belgium,10.2,Sale
557063,22532,MAGIC DRAWING SLATE LEAP FROG ,3,2011-06-16 15:01:00,0.42,17368.0,United Kingdom,1.26,Sale
580884,22376,AIRLINE BAG VINTAGE JET SET WHITE,1,2011-12-06 12:21:00,4.25,15907.0,United Kingdom,4.25,Sale
561926,23237,SET OF 4 KNICK KNACK TINS LEAF,6,2011-08-01 12:48:00,4.15,12749.0,United Kingdom,24.9,Sale
575138,22379,RECYCLING BAG RETROSPOT ,7,2011-11-08 15:24:00,4.96,,United Kingdom,34.72,Sale
575931,23169,CLASSIC GLASS COOKIE JAR,6,2011-11-13 10:35:00,4.15,16560.0,United Kingdom,24.9,Sale
546135,22957,SET 3 PAPER VINTAGE CHICK PAPER EGG,6,2011-03-09 15:47:00,2.95,12388.0,Australia,17.700000000000003,Sale
537915,22623,BOX OF VINTAGE JIGSAW BLOCKS ,3,2010-12-09 10:55:00,4.95,12797.0,Portugal,14.85,Sale
542723,84212,"ASSORTED FLOWER COLOUR ""LEIS""",12,2011-01-31 14:53:00,0.65,17256.0,United Kingdom,7.800000000000001,Sale
545872,22386,JUMBO BAG PINK POLKADOT,2,2011-03-07 14:51:00,1.95,15752.0,United Kingdom,3.9,Sale
574837,21080,SET/20 RED RETROSPOT PAPER NAPKINS ,12,2011-11-07 11:33:00,0.85,15785.0,United Kingdom,10.2,Sale
572088,23368,SET 12 COLOUR PENCILS DOLLY GIRL ,2,2011-10-20 14:33:00,0.65,14585.0,United Kingdom,1.3,Sale
580103,20727,LUNCH BAG  BLACK SKULL.,10,2011-12-01 15:12:00,1.65,16242.0,United Kingdom,16.5,Sale
557409,85066,CREAM SWEETHEART MINI CHEST,4,2011-06-20 11:34:00,12.75,15410.0,United Kingdom,51.0,Sale
574242,23485,BOTANICAL GARDENS WALL CLOCK ,4,2011-11-03 12:46:00,20.8,17653.0,United Kingdom,83.2,Sale
563846,22467,GUMBALL COAT RACK,24,2011-08-19 14:43:00,2.55,16672.0,United Kingdom,61.2,Sale
577039,23501,KEY RING BASEBALL BOOT UNION JACK,20,2011-11-17 13:30:00,1.25,12539.0,Spain,25.0,Sale
547050,20973,12 PENCIL SMALL TUBE WOODLAND,2,2011-03-20 12:02:00,0.65,17795.0,United Kingdom,1.3,Sale
558562,20727,LUNCH BAG  BLACK SKULL.,20,2011-06-30 13:28:00,1.65,16401.0,United Kingdom,33.0,Sale
561923,21122,SET/10 PINK POLKADOT PARTY CANDLES,24,2011-08-01 12:16:00,1.25,14112.0,United Kingdom,30.0,Sale
566869,21892,TRADITIONAL WOODEN CATCH CUP GAME ,12,2011-09-15 13:20:00,1.25,13658.0,United Kingdom,15.0,Sale
564838,23203,JUMBO BAG VINTAGE DOILY ,1,2011-08-30 12:43:00,4.13,,United Kingdom,4.13,Sale
574076,23240,SET OF 4 KNICK KNACK TINS DOILY ,1,2011-11-02 15:38:00,8.29,,United Kingdom,8.29,Sale
567622,23169,CLASSIC GLASS COOKIE JAR,1,2011-09-21 12:46:00,4.15,14527.0,United Kingdom,4.15,Sale
566952,84519A,TOMATO CHARLIE+LOLA COASTER SET,1,2011-09-15 16:37:00,5.79,,United Kingdom,5.79,Sale
561430,22355,CHARLOTTE BAG SUKI DESIGN,20,2011-07-27 11:29:00,0.85,15172.0,United Kingdom,17.0,Sale
541595,22241,GARLAND WOODEN HAPPY EASTER,12,2011-01-19 16:08:00,1.25,14606.0,United Kingdom,15.0,Sale
571508,22091,EMPIRE TISSUE BOX,1,2011-10-17 15:27:00,2.46,,United Kingdom,2.46,Sale
571247,85049A,TRADITIONAL CHRISTMAS RIBBONS,12,2011-10-14 16:04:00,1.25,15826.0,United Kingdom,15.0,Sale
548361,21232,STRAWBERRY CERAMIC TRINKET BOX,12,2011-03-30 15:38:00,1.25,16092.0,United Kingdom,15.0,Sale
572887,22375,AIRLINE BAG VINTAGE JET SET BROWN,4,2011-10-26 13:47:00,4.25,12362.0,Belgium,17.0,Sale
566534,21240,BLUE POLKADOT CUP,4,2011-09-13 11:32:00,1.63,,United Kingdom,6.52,Sale
562549,22749,FELTCRAFT PRINCESS CHARLOTTE DOLL,2,2011-08-05 16:10:00,3.75,17092.0,United Kingdom,7.5,Sale
578347,23223,CHRISTMAS TREE HANGING SILVER ,1,2011-11-24 09:26:00,1.63,,United Kingdom,1.63,Sale
576696,21975,PACK OF 60 DINOSAUR CAKE CASES,3,2011-11-16 12:26:00,0.55,16669.0,United Kingdom,1.65,Sale
569136,22893,MINI CAKE STAND T-LIGHT HOLDER,12,2011-09-30 14:41:00,0.42,15834.0,United Kingdom,5.04,Sale
558475,21090,SET/6 COLLAGE PAPER PLATES,12,2011-06-29 15:58:00,0.83,,United Kingdom,9.96,Sale
546650,21928,JUMBO BAG SCANDINAVIAN BLUE PAISLEY,1,2011-03-15 14:17:00,4.13,,United Kingdom,4.13,Sale
555073,22557,PLASTERS IN TIN VINTAGE PAISLEY ,8,2011-05-31 11:39:00,1.65,16470.0,United Kingdom,13.2,Sale
541104,21754,HOME BUILDING BLOCK WORD,2,2011-01-13 14:29:00,11.63,,United Kingdom,23.26,Sale
537144,85099B,JUMBO BAG RED RETROSPOT,1,2010-12-05 13:00:00,1.95,15880.0,United Kingdom,1.95,Sale
581230,23207,LUNCH BAG ALPHABET DESIGN,10,2011-12-08 10:24:00,1.65,14291.0,United Kingdom,16.5,Sale
580644,22866,HAND WARMER SCOTTY DOG DESIGN,6,2011-12-05 13:10:00,2.1,16904.0,United Kingdom,12.6,Sale
553859,84406B,CREAM CUPID HEARTS COAT HANGER,3,2011-05-19 13:35:00,4.15,14505.0,United Kingdom,12.45,Sale
555199,22203,MILK PAN RED RETROSPOT,1,2011-06-01 12:05:00,3.75,14606.0,United Kingdom,3.75,Sale
563835,20713,JUMBO BAG OWLS,10,2011-08-19 12:53:00,2.08,13242.0,United Kingdom,20.8,Sale
562715,85099B,JUMBO BAG RED RETROSPOT,4,2011-08-08 15:34:00,4.13,,United Kingdom,16.52,Sale
562711,23031,DRAWER KNOB CRACKLE GLAZE PINK,2,2011-08-08 14:53:00,1.65,16788.0,United Kingdom,3.3,Sale
563547,22946,WOODEN ADVENT CALENDAR CREAM,6,2011-08-17 12:29:00,16.95,,EIRE,101.7,Sale
578104,22625,RED KITCHEN SCALES,2,2011-11-23 08:43:00,8.5,13969.0,United Kingdom,17.0,Sale
559338,21328,BALLOONS  WRITING SET ,4,2011-07-07 16:30:00,0.83,,United Kingdom,3.32,Sale
564817,21803,CHRISTMAS TREE STAR DECORATION,1,2011-08-30 12:02:00,0.42,,United Kingdom,0.42,Sale
565801,22661,CHARLOTTE BAG DOLLY GIRL DESIGN,10,2011-09-07 10:28:00,0.85,12685.0,France,8.5,Sale
540157,84997D,PINK 3 PIECE POLKADOT CUTLERY SET,7,2011-01-05 11:41:00,3.75,15311.0,United Kingdom,26.25,Sale
573137,23213,STAR WREATH DECORATION WITH BELL,1,2011-10-27 17:15:00,2.46,,United Kingdom,2.46,Sale
552667,20676,RED RETROSPOT BOWL,1,2011-05-10 15:05:00,2.46,,United Kingdom,2.46,Sale
576365,23355,HOT WATER BOTTLE KEEP CALM,11,2011-11-14 17:55:00,12.96,,United Kingdom,142.56,Sale
574481,23120,PACK OF 6 SMALL FRUIT STRAWS,1,2011-11-04 12:45:00,0.42,18022.0,United Kingdom,0.42,Sale
553538,22652,TRAVEL SEWING KIT,3,2011-05-17 15:26:00,1.65,15855.0,United Kingdom,4.949999999999999,Sale
566756,22467,GUMBALL COAT RACK,6,2011-09-14 15:54:00,2.55,12457.0,Switzerland,15.3,Sale
578515,21819,GLITTER CHRISTMAS STAR ,4,2011-11-24 13:40:00,0.39,16885.0,United Kingdom,1.56,Sale
575206,85152,HAND OVER THE CHOCOLATE   SIGN ,12,2011-11-09 10:26:00,1.85,14298.0,United Kingdom,22.200000000000003,Sale
568318,21084,SET/6 COLLAGE PAPER CUPS,24,2011-09-26 13:25:00,0.19,13233.0,United Kingdom,4.5600000000000005,Sale
555736,22469,HEART OF WICKER SMALL,24,2011-06-07 09:13:00,1.65,17730.0,United Kingdom,39.6,Sale
565451,22960,JAM MAKING SET WITH JARS,6,2011-09-04 15:37:00,4.25,15365.0,United Kingdom,25.5,Sale
544913,22223,CAKE PLATE LOVEBIRD PINK,1,2011-02-24 15:26:00,4.95,15543.0,United Kingdom,4.95,Sale
541844,22190,LOCAL CAFE MUG,1,2011-01-23 12:19:00,2.1,16931.0,United Kingdom,2.1,Sale
544791,85175,CACTI T-LIGHT CANDLES,16,2011-02-23 12:33:00,0.42,14289.0,United Kingdom,6.72,Sale
578808,22139,RETROSPOT TEA SET CERAMIC 11 PC ,10,2011-11-25 13:23:00,4.95,16327.0,United Kingdom,49.5,Sale
561926,21217,RED RETROSPOT ROUND CAKE TINS,2,2011-08-01 12:48:00,9.95,12749.0,United Kingdom,19.9,Sale
537301,22470,HEART OF WICKER LARGE,4,2010-12-06 11:38:00,2.95,15860.0,United Kingdom,11.8,Sale
568833,21326,AGED GLASS SILVER T-LIGHT HOLDER,12,2011-09-29 11:39:00,0.65,17348.0,United Kingdom,7.800000000000001,Sale
558475,22631,CIRCUS PARADE LUNCH BOX ,1,2011-06-29 15:58:00,4.13,,United Kingdom,4.13,Sale
537772,16235,RECYCLED PENCIL WITH RABBIT ERASER,3,2010-12-08 12:35:00,0.21,18043.0,United Kingdom,0.63,Sale
574310,22979,PANTRY WASHING UP BRUSH,1,2011-11-03 16:56:00,1.45,13467.0,United Kingdom,1.45,Sale
557956,22385,JUMBO BAG SPACEBOY DESIGN,1,2011-06-23 19:20:00,2.08,18283.0,United Kingdom,2.08,Sale
557782,22457,NATURAL SLATE HEART CHALKBOARD ,6,2011-06-22 15:41:00,2.95,14640.0,United Kingdom,17.700000000000003,Sale
552646,15044C,PURPLE PAPER PARASOL,1,2011-05-10 13:26:00,2.95,14078.0,United Kingdom,2.95,Sale
540821,21557,SET OF 6 FUNKY BEAKERS,4,2011-01-11 13:16:00,2.51,,United Kingdom,10.04,Sale
538799,21243,PINK  POLKADOT PLATE ,6,2010-12-14 11:48:00,1.69,15039.0,United Kingdom,10.14,Sale
562108,16235,RECYCLED PENCIL WITH RABBIT ERASER,10,2011-08-02 15:40:00,0.21,17809.0,United Kingdom,2.1,Sale
579508,21931,JUMBO STORAGE BAG SUKI,1,2011-11-29 16:33:00,4.13,,United Kingdom,4.13,Sale
565767,22327,ROUND SNACK BOXES SET OF 4 SKULLS,7,2011-09-06 14:28:00,6.63,,United Kingdom,46.41,Sale
546649,85049e,SCANDINAVIAN REDS RIBBONS,1,2011-03-15 14:17:00,3.29,,United Kingdom,3.29,Sale
580730,22361,GLASS JAR DAISY FRESH COTTON WOOL,1,2011-12-05 17:28:00,5.79,,United Kingdom,5.79,Sale
556471,23091,ZINC HERB GARDEN CONTAINER,8,2011-06-12 11:47:00,6.25,16466.0,United Kingdom,50.0,Sale
571288,21210,SET OF 72 RETROSPOT PAPER  DOILIES,1,2011-10-16 15:13:00,1.45,16052.0,United Kingdom,1.45,Sale
570857,22138,BAKING SET 9 PIECE RETROSPOT ,1,2011-10-12 15:06:00,4.95,15555.0,United Kingdom,4.95,Sale
539246,21657,MILK BOTTLE WITH GLASS STOPPER ,1,2010-12-16 13:33:00,6.95,14606.0,United Kingdom,6.95,Sale
553389,22135,MINI LADLE LOVE HEART PINK,1,2011-05-16 16:37:00,0.83,,United Kingdom,0.83,Sale
572124,20679,EDWARDIAN PARASOL RED,30,2011-10-21 08:47:00,5.95,14156.0,EIRE,178.5,Sale
556812,23130,MISTLETOE HEART WREATH GREEN,10,2011-06-14 17:25:00,4.15,,United Kingdom,41.5,Sale
567859,22534,MAGIC DRAWING SLATE SPACEBOY ,24,2011-09-22 13:51:00,0.42,12936.0,United Kingdom,10.08,Sale
567183,22025,RING OF ROSES BIRTHDAY CARD,12,2011-09-18 15:32:00,0.42,14769.0,United Kingdom,5.04,Sale
549738,21238,RED RETROSPOT CUP,48,2011-04-12 09:28:00,0.85,,Hong Kong,40.8,Sale
568833,23103,JINGLE BELL HEART DECORATION,24,2011-09-29 11:39:00,1.65,17348.0,United Kingdom,39.6,Sale
561195,23077,DOUGHNUT LIP GLOSS ,20,2011-07-25 13:57:00,1.25,14796.0,United Kingdom,25.0,Sale
564849,21430,SET/3 RED GINGHAM ROSE STORAGE BOX,4,2011-08-30 15:42:00,3.75,17675.0,United Kingdom,15.0,Sale
552365,22640,SET OF 4 NAPKIN CHARMS 3 KEYS ,2,2011-05-09 12:25:00,2.55,16440.0,United Kingdom,5.1,Sale
561532,23293,SET OF 12 FAIRY CAKE BAKING CASES,144,2011-07-28 09:30:00,0.72,15061.0,United Kingdom,103.68,Sale
542881,22296,HEART IVORY TRELLIS LARGE,4,2011-02-01 12:54:00,1.65,14587.0,United Kingdom,6.6,Sale
554116,22961,JAM MAKING SET PRINTED,8,2011-05-22 15:11:00,1.45,14514.0,United Kingdom,11.6,Sale
581336,22960,JAM MAKING SET WITH JARS,6,2011-12-08 12:10:00,4.25,16161.0,United Kingdom,25.5,Sale
543028,21925,UNION STRIPE CUSHION COVER ,12,2011-02-02 15:09:00,1.25,14443.0,United Kingdom,15.0,Sale
536945,22035,VINTAGE CARAVAN GREETING CARD ,12,2010-12-03 12:24:00,0.42,14083.0,United Kingdom,5.04,Sale
542634,22720,SET OF 3 CAKE TINS PANTRY DESIGN ,3,2011-01-31 10:42:00,4.95,15448.0,United Kingdom,14.85,Sale
539261,84946,ANTIQUE SILVER TEA GLASS ETCHED,12,2010-12-16 14:34:00,1.25,15620.0,United Kingdom,15.0,Sale
542633,22076,6 RIBBONS EMPIRE  ,1,2011-01-31 10:31:00,2.46,,United Kingdom,2.46,Sale
561113,21224,SET/4 SKULL BADGES,1,2011-07-25 12:09:00,1.25,17841.0,United Kingdom,1.25,Sale
552285,22972,CHILDREN'S SPACEBOY MUG,1,2011-05-08 12:58:00,1.65,14684.0,United Kingdom,1.65,Sale
555397,85204,HANGING WOOD AND FELT FLOWER,4,2011-06-02 17:26:00,0.42,,United Kingdom,1.68,Sale
544681,22322,BIRD DECORATION GREEN POLKADOT,1,2011-02-22 16:28:00,1.63,,United Kingdom,1.63,Sale
548916,21472,LADYBIRD + BEE RAFFIA FOOD COVER,2,2011-04-05 10:07:00,3.75,14849.0,United Kingdom,7.5,Sale
551280,90201D,GREEN ENAMEL FLOWER RING,3,2011-04-27 13:31:00,2.95,16016.0,United Kingdom,8.850000000000001,Sale
575034,22634,CHILDS BREAKFAST SET SPACEBOY ,1,2011-11-08 11:38:00,9.95,15573.0,United Kingdom,9.95,Sale
575176,23543,WALL ART KEEP CALM ,1,2011-11-08 18:29:00,16.63,,United Kingdom,16.63,Sale
570288,20725,LUNCH BAG RED RETROSPOT,2,2011-10-10 11:47:00,1.65,16960.0,United Kingdom,3.3,Sale
547063,21972,SET OF 36 DINOSAUR PAPER DOILIES,2,2011-03-20 13:33:00,1.45,14769.0,United Kingdom,2.9,Sale
546892,22027,TEA PARTY BIRTHDAY CARD,1,2011-03-17 18:20:00,0.83,,United Kingdom,0.83,Sale
575854,23485,BOTANICAL GARDENS WALL CLOCK ,1,2011-11-11 12:20:00,25.0,14125.0,United Kingdom,25.0,Sale
576617,22653,BUTTON BOX ,9,2011-11-15 16:57:00,1.63,,United Kingdom,14.669999999999998,Sale
563928,20727,LUNCH BAG  BLACK SKULL.,3,2011-08-21 15:17:00,1.65,17059.0,United Kingdom,4.949999999999999,Sale
557891,23306,SET OF 36 DOILIES PANTRY DESIGN,12,2011-06-23 14:05:00,1.45,17652.0,United Kingdom,17.4,Sale
565844,23196,VINTAGE LEAF MAGNETIC NOTEPAD,12,2011-09-07 12:19:00,1.45,17442.0,United Kingdom,17.4,Sale
548470,21914,BLUE HARMONICA IN BOX ,12,2011-03-31 12:36:00,1.25,12782.0,Portugal,15.0,Sale
570448,85049E,SCANDINAVIAN REDS RIBBONS,3,2011-10-10 14:55:00,1.25,13224.0,United Kingdom,3.75,Sale
579943,20971,PINK BLUE FELT CRAFT TRINKET BOX,12,2011-12-01 10:38:00,1.25,13040.0,United Kingdom,15.0,Sale
556523,22920,HERB MARKER BASIL,15,2011-06-13 11:24:00,0.65,16938.0,United Kingdom,9.75,Sale
577484,23318,BOX OF 6 MINI VINTAGE CRACKERS,6,2011-11-20 11:52:00,2.49,13536.0,United Kingdom,14.94,Sale
571257,23435,3 RAFFIA RIBBONS VINTAGE CHRISTMAS,1,2011-10-14 17:17:00,0.83,,United Kingdom,0.83,Sale
548373,84378,SET OF 3 HEART COOKIE CUTTERS,1,2011-03-30 16:34:00,2.46,,United Kingdom,2.46,Sale
553146,23134,LARGE ZINC HEART WALL ORGANISER,2,2011-05-13 13:52:00,8.25,14873.0,United Kingdom,16.5,Sale
561218,90000B,MIDNIGHT BLUE COPPER FLOWER NECKLAC,1,2011-07-25 17:11:00,6.23,,United Kingdom,6.23,Sale
565800,21889,WOODEN BOX OF DOMINOES,12,2011-09-07 10:23:00,1.25,14911.0,EIRE,15.0,Sale
577951,85049A,TRADITIONAL CHRISTMAS RIBBONS,1,2011-11-22 12:09:00,1.25,17238.0,United Kingdom,1.25,Sale
573585,21730,GLASS STAR FROSTED T-LIGHT HOLDER,2,2011-10-31 14:41:00,9.96,,United Kingdom,19.92,Sale
553193,22487,WHITE WOOD GARDEN PLANT LADDER,1,2011-05-15 13:31:00,9.95,15081.0,United Kingdom,9.95,Sale
567821,84997D,CHILDRENS CUTLERY POLKADOT PINK,5,2011-09-22 12:45:00,4.15,14659.0,United Kingdom,20.75,Sale
543371,20931,BLUE POT PLANT CANDLE ,1,2011-02-07 14:53:00,3.75,14048.0,United Kingdom,3.75,Sale
546875,21754,HOME BUILDING BLOCK WORD,6,2011-03-17 16:38:00,5.95,12514.0,Italy,35.7,Sale
543977,20727,LUNCH BAG  BLACK SKULL.,10,2011-02-14 15:35:00,1.65,15615.0,United Kingdom,16.5,Sale
538524,22955,36 FOIL STAR CAKE CASES ,1,2010-12-13 09:35:00,4.21,,United Kingdom,4.21,Sale
541866,22960,JAM MAKING SET WITH JARS,6,2011-01-24 09:25:00,4.25,16477.0,United Kingdom,25.5,Sale
552514,48188,DOORMAT WELCOME PUPPIES,1,2011-05-09 16:30:00,15.79,,United Kingdom,15.79,Sale
554597,23300,GARDENERS KNEELING PAD CUP OF TEA ,24,2011-05-25 11:01:00,1.65,15140.0,United Kingdom,39.6,Sale
547066,21212,PACK OF 72 RETROSPOT CAKE CASES,24,2011-03-20 13:41:00,0.55,12921.0,United Kingdom,13.2,Sale
575222,23543,WALL ART KEEP CALM ,2,2011-11-09 11:33:00,8.25,16880.0,United Kingdom,16.5,Sale
575128,23108,SET OF 10 LED DOLLY LIGHTS,4,2011-11-08 14:27:00,6.25,16837.0,United Kingdom,25.0,Sale
547377,22464,HANGING METAL HEART LANTERN,12,2011-03-22 14:43:00,1.65,13050.0,United Kingdom,19.8,Sale
560245,22413,METAL SIGN TAKE IT OR LEAVE IT ,1,2011-07-17 12:15:00,2.95,,Switzerland,2.95,Sale
560551,21866,UNION JACK FLAG LUGGAGE TAG,1,2011-07-19 12:47:00,1.25,18041.0,United Kingdom,1.25,Sale
558204,21713,CITRONELLA CANDLE FLOWERPOT,8,2011-06-27 13:58:00,2.1,18193.0,United Kingdom,16.8,Sale
550145,POST,POSTAGE,3,2011-04-14 14:15:00,18.0,12637.0,France,54.0,Sale
566912,84991,60 TEATIME FAIRY CAKE CASES,24,2011-09-15 14:05:00,0.55,14367.0,United Kingdom,13.2,Sale
554940,21249,WOODLAND  HEIGHT CHART STICKERS ,6,2011-05-27 13:49:00,2.95,12494.0,France,17.700000000000003,Sale
566912,21524,DOORMAT SPOTTY HOME SWEET HOME,2,2011-09-15 14:05:00,8.25,14367.0,United Kingdom,16.5,Sale
548154,22677,FRENCH BLUE METAL DOOR SIGN 2,10,2011-03-29 13:06:00,1.25,17675.0,United Kingdom,12.5,Sale
579102,23245,SET OF 3 REGENCY CAKE TINS,4,2011-11-28 11:33:00,4.95,14911.0,EIRE,19.8,Sale
537823,21413,PERIWINKLE T-LIGHT HOLDER,2,2010-12-08 14:25:00,2.51,,United Kingdom,5.02,Sale
546306,22720,SET OF 3 CAKE TINS PANTRY DESIGN ,1,2011-03-10 16:16:00,10.79,,United Kingdom,10.79,Sale
540387,16237,SLEEPING CAT ERASERS,30,2011-01-06 17:58:00,0.21,16306.0,United Kingdom,6.3,Sale
542934,22381,TOY TIDY PINK POLKADOT,15,2011-02-02 11:01:00,2.1,13093.0,United Kingdom,31.5,Sale
555808,21390,FILIGRIS HEART WITH BUTTERFLY,24,2011-06-07 11:39:00,1.25,14867.0,United Kingdom,30.0,Sale
581492,82582,AREA PATROLLED METAL SIGN,1,2011-12-09 10:03:00,4.13,,United Kingdom,4.13,Sale
550316,22466,FAIRY TALE COTTAGE NIGHTLIGHT,12,2011-04-17 11:45:00,1.95,16193.0,United Kingdom,23.4,Sale
571660,22086,PAPER CHAIN KIT 50'S CHRISTMAS ,6,2011-10-18 12:49:00,2.95,16191.0,United Kingdom,17.700000000000003,Sale
539255,22626,BLACK KITCHEN SCALES,4,2010-12-16 14:26:00,8.5,16316.0,United Kingdom,34.0,Sale
571441,21903,MAN FLU METAL SIGN,3,2011-10-17 13:31:00,4.13,14096.0,United Kingdom,12.39,Sale
573407,23425,STORAGE TIN HOME SWEET HOME,6,2011-10-30 15:58:00,2.49,18067.0,United Kingdom,14.94,Sale
580367,22596,CHRISTMAS STAR WISH LIST CHALKBOARD,31,2011-12-02 16:39:00,2.46,,United Kingdom,76.26,Sale
564755,72816,SET/3 CHRISTMAS DECOUPAGE CANDLES,2,2011-08-30 10:31:00,2.46,,United Kingdom,4.92,Sale
540154,21949,SET OF 6 STRAWBERRY CHOPSTICKS,1,2011-01-05 11:30:00,1.28,,United Kingdom,1.28,Sale
547705,21354,TOAST ITS - BEST MUM,16,2011-03-24 18:20:00,1.25,14056.0,United Kingdom,20.0,Sale
576599,21584,RETROSPOT SMALL TUBE MATCHES,20,2011-11-15 15:06:00,1.65,14544.0,United Kingdom,33.0,Sale
559817,21934,SKULL SHOULDER BAG,4,2011-07-12 16:20:00,1.63,,United Kingdom,6.52,Sale
546913,22667,RECIPE BOX RETROSPOT ,1,2011-03-17 20:18:00,2.95,15861.0,United Kingdom,2.95,Sale
539663,22378,WALL TIDY RETROSPOT ,2,2010-12-21 10:26:00,2.1,17961.0,United Kingdom,4.2,Sale
552508,22227,HANGING HEART MIRROR DECORATION ,1,2011-05-09 16:27:00,1.25,,United Kingdom,1.25,Sale
555535,20723,STRAWBERRY CHARLOTTE BAG,10,2011-06-05 12:16:00,0.85,16458.0,United Kingdom,8.5,Sale
571283,82567,"AIRLINE LOUNGE,METAL SIGN",1,2011-10-16 13:51:00,2.1,16533.0,United Kingdom,2.1,Sale
574326,22969,HOMEMADE JAM SCENTED CANDLES,12,2011-11-04 08:29:00,1.45,14913.0,United Kingdom,17.4,Sale
569835,22114,HOT WATER BOTTLE TEA AND SYMPATHY,3,2011-10-06 13:05:00,4.25,15518.0,United Kingdom,12.75,Sale
559550,22659,LUNCH BOX I LOVE LONDON,2,2011-07-10 15:38:00,1.95,17757.0,United Kingdom,3.9,Sale
553389,21067,VINTAGE RED TEATIME MUG,1,2011-05-16 16:37:00,2.46,,United Kingdom,2.46,Sale
570227,23173,REGENCY TEAPOT ROSES ,8,2011-10-09 13:21:00,9.95,13260.0,United Kingdom,79.6,Sale
575495,22865,HAND WARMER OWL DESIGN,48,2011-11-10 09:09:00,2.1,14944.0,United Kingdom,100.8,Sale
568952,22798,ANTIQUE GLASS DRESSING TABLE POT,8,2011-09-29 15:29:00,2.95,14305.0,United Kingdom,23.6,Sale
562340,85099B,JUMBO BAG RED RETROSPOT,10,2011-08-04 12:05:00,2.08,13985.0,United Kingdom,20.8,Sale
555603,21174,POTTERING IN THE SHED METAL SIGN,12,2011-06-06 11:36:00,2.08,16209.0,United Kingdom,24.96,Sale
558119,22131,FOOD CONTAINER SET 3 LOVE HEART ,1,2011-06-27 09:12:00,4.13,,United Kingdom,4.13,Sale
576860,20758,ABSTRACT CIRCLES POCKET BOOK,3,2011-11-16 15:58:00,0.85,17602.0,United Kingdom,2.55,Sale
571296,22816,CARD MOTORBIKE SANTA,12,2011-10-16 16:13:00,0.42,13760.0,United Kingdom,5.04,Sale
561502,82001S,VINYL RECORD FRAME SILVER,8,2011-07-27 14:14:00,3.75,14305.0,United Kingdom,30.0,Sale
571725,22720,SET OF 3 CAKE TINS PANTRY DESIGN ,3,2011-10-19 08:32:00,4.95,13491.0,United Kingdom,14.85,Sale
540418,90125E,AMBER BERTIE GLASS BEAD BAG CHARM,1,2011-01-07 11:04:00,1.66,,United Kingdom,1.66,Sale
559605,21307,SET/4 BUTTERFLY MIRROR MAGNETS,12,2011-07-11 11:33:00,0.29,15045.0,United Kingdom,3.4799999999999995,Sale
565447,21479,WHITE SKULL HOT WATER BOTTLE ,4,2011-09-04 15:20:00,4.25,14107.0,United Kingdom,17.0,Sale
544899,37447,CERAMIC CAKE DESIGN SPOTTED PLATE,6,2011-02-24 12:32:00,1.49,13118.0,United Kingdom,8.94,Sale
548484,20717,STRAWBERRY SHOPPER BAG,2,2011-03-31 12:43:00,1.25,13571.0,United Kingdom,2.5,Sale
576851,23490,T-LIGHT HOLDER HANGING LOVE BIRD,2,2011-11-16 15:41:00,3.75,15967.0,United Kingdom,7.5,Sale
550541,84946,ANTIQUE SILVER T-LIGHT GLASS,30,2011-04-19 11:33:00,2.46,,United Kingdom,73.8,Sale
554940,82600,NO SINGING METAL SIGN,12,2011-05-27 13:49:00,2.1,12494.0,France,25.200000000000003,Sale
542613,21985,PACK OF 12 HEARTS DESIGN TISSUES ,12,2011-01-30 14:36:00,0.29,17431.0,United Kingdom,3.4799999999999995,Sale
544392,21931,JUMBO STORAGE BAG SUKI,100,2011-02-18 11:54:00,1.65,14680.0,United Kingdom,165.0,Sale
579711,23378,PACK OF 12 50'S CHRISTMAS TISSUES,3,2011-11-30 14:17:00,0.39,15060.0,United Kingdom,1.17,Sale
557967,22667,RECIPE BOX RETROSPOT ,6,2011-06-24 09:40:00,2.95,17704.0,United Kingdom,17.700000000000003,Sale
571779,23531,WALL ART BIG LOVE ,1,2011-10-19 11:27:00,6.95,12748.0,United Kingdom,6.95,Sale
544657,22090,PAPER BUNTING RETROSPOT,6,2011-02-22 13:08:00,2.95,14895.0,United Kingdom,17.700000000000003,Sale
568938,23308,SET OF 60 VINTAGE LEAF CAKE CASES ,3,2011-09-29 14:46:00,0.55,17220.0,United Kingdom,1.65,Sale
564757,20981,12 PENCILS TALL TUBE WOODLAND,1,2011-08-30 10:36:00,1.63,,United Kingdom,1.63,Sale
561209,21084,SET/6 COLLAGE PAPER CUPS,4,2011-07-25 16:57:00,0.83,,United Kingdom,3.32,Sale
569132,22581,WOOD STOCKING CHRISTMAS SCANDISPOT,3,2011-09-30 13:54:00,0.85,17757.0,United Kingdom,2.55,Sale
576844,23479,WIRE EGG BASKET ,12,2011-11-16 15:33:00,6.95,16713.0,United Kingdom,83.4,Sale
575685,23084,RABBIT NIGHT LIGHT,24,2011-11-10 15:57:00,1.79,15694.0,United Kingdom,42.96,Sale
581497,23168,CLASSIC CAFE SUGAR DISPENSER,1,2011-12-09 10:23:00,6.54,,United Kingdom,6.54,Sale
560259,47566,PARTY BUNTING,4,2011-07-17 13:29:00,4.95,13654.0,United Kingdom,19.8,Sale
553088,21137,BLACK RECORD COVER FRAME,4,2011-05-13 11:53:00,3.75,16180.0,United Kingdom,15.0,Sale
572314,21167,WHITE SAGE INCENSE,50,2011-10-23 15:59:00,0.21,17111.0,United Kingdom,10.5,Sale
563350,20961,STRAWBERRY BATH SPONGE ,10,2011-08-15 14:10:00,1.25,14498.0,United Kingdom,12.5,Sale
562024,23307,SET OF 60 PANTRY DESIGN CAKE CASES ,1,2011-08-01 16:07:00,1.25,,United Kingdom,1.25,Sale
574477,22469,HEART OF WICKER SMALL,1,2011-11-04 12:21:00,1.65,15453.0,United Kingdom,1.65,Sale
559918,22663,JUMBO BAG DOLLY GIRL DESIGN,10,2011-07-13 15:29:00,2.08,18225.0,United Kingdom,20.8,Sale
568202,21156,RETROSPOT CHILDRENS APRON,8,2011-09-25 15:01:00,1.95,15366.0,United Kingdom,15.6,Sale
537607,21484,CHICK GREY HOT WATER BOTTLE,2,2010-12-07 13:18:00,3.45,15965.0,United Kingdom,6.9,Sale
540352,84931B,BLUE SCOTTIE DOG W FLOWER PATTERN,1,2011-01-06 14:27:00,1.66,,United Kingdom,1.66,Sale
574300,21695,SMALL SILVER FLOWER CANDLE POT,12,2011-11-03 16:12:00,2.95,14636.0,United Kingdom,35.400000000000006,Sale
555277,84988,SET OF 72 PINK HEART PAPER DOILIES,1,2011-06-01 17:30:00,2.92,,United Kingdom,2.92,Sale
565672,23055,IVORY CHANDELIER T-LIGHT HOLDER,3,2011-09-06 09:34:00,6.25,17700.0,United Kingdom,18.75,Sale
564740,20727,LUNCH BAG  BLACK SKULL.,2,2011-08-28 14:39:00,1.65,14044.0,United Kingdom,3.3,Sale
568949,22534,MAGIC DRAWING SLATE SPACEBOY ,1,2011-09-29 15:13:00,0.83,,United Kingdom,0.83,Sale
546306,20707,CRAZY DAISY HEART DECORATION,2,2011-03-10 16:16:00,0.83,,United Kingdom,1.66,Sale
568101,23504,PLAYING CARDS JUBILEE UNION JACK,12,2011-09-23 15:21:00,1.25,15978.0,United Kingdom,15.0,Sale
564321,90200D,PINK SWEETHEART BRACELET,2,2011-08-24 13:22:00,4.25,15059.0,United Kingdom,8.5,Sale
578678,23301,GARDENERS KNEELING PAD KEEP CALM ,1,2011-11-24 19:59:00,1.65,17841.0,United Kingdom,1.65,Sale
562918,82551,LAUNDRY 15C METAL SIGN,12,2011-08-10 13:51:00,1.45,15615.0,United Kingdom,17.4,Sale
537144,22952,60 CAKE CASES VINTAGE CHRISTMAS,2,2010-12-05 13:00:00,0.55,15880.0,United Kingdom,1.1,Sale
554125,21733,RED HANGING HEART T-LIGHT HOLDER,6,2011-05-23 08:52:00,2.95,13885.0,United Kingdom,17.700000000000003,Sale
554712,22892,SET OF SALT AND PEPPER TOADSTOOLS,24,2011-05-26 10:43:00,1.25,16873.0,United Kingdom,30.0,Sale
559354,22784,LANTERN CREAM GAZEBO ,3,2011-07-07 18:02:00,4.95,16012.0,United Kingdom,14.85,Sale
538069,22945,CHRISTMAS METAL TAGS ASSORTED ,6,2010-12-09 14:08:00,0.85,16795.0,United Kingdom,5.1,Sale
557261,22617,BAKING SET SPACEBOY DESIGN,3,2011-06-19 10:53:00,4.95,13005.0,United Kingdom,14.85,Sale
572540,22166,WALL MIRROR RECTANGLE DIAMANTE PINK,2,2011-10-24 16:17:00,15.79,,United Kingdom,31.58,Sale
551833,22896,PEG BAG APPLES DESIGN,6,2011-05-04 13:12:00,2.55,16779.0,United Kingdom,15.3,Sale
556812,23243,SET OF TEA COFFEE SUGAR TINS PANTRY,1,2011-06-14 17:25:00,10.79,,United Kingdom,10.79,Sale
576246,23697,A PRETTY THANK YOU CARD,12,2011-11-14 13:42:00,0.42,17566.0,United Kingdom,5.04,Sale
571296,21137,BLACK RECORD COVER FRAME,2,2011-10-16 16:13:00,3.75,13760.0,United Kingdom,7.5,Sale
562880,20677,PINK POLKADOT BOWL,72,2011-08-10 10:53:00,1.06,15838.0,United Kingdom,76.32000000000001,Sale
579470,22534,MAGIC DRAWING SLATE SPACEBOY ,2,2011-11-29 15:06:00,0.42,16549.0,United Kingdom,0.84,Sale
548496,22551,PLASTERS IN TIN SPACEBOY,96,2011-03-31 13:40:00,1.45,12678.0,France,139.2,Sale
563549,23236,STORAGE TIN VINTAGE DOILY ,1,2011-08-17 12:34:00,5.79,,United Kingdom,5.79,Sale
562024,15056N,EDWARDIAN PARASOL NATURAL,1,2011-08-01 16:07:00,12.46,,United Kingdom,12.46,Sale
574532,21891,TRADITIONAL WOODEN SKIPPING ROPE,12,2011-11-04 14:19:00,1.45,15676.0,United Kingdom,17.4,Sale
537653,85059,FRENCH ENAMEL WATER BASIN,1,2010-12-07 15:54:00,3.75,17897.0,United Kingdom,3.75,Sale
572513,22093,MOTORING TISSUE BOX,1,2011-10-24 14:36:00,0.39,16728.0,United Kingdom,0.39,Sale
542004,84988,SET OF 72 PINK HEART PAPER DOILIES,12,2011-01-25 11:08:00,1.45,12971.0,United Kingdom,17.4,Sale
559321,22356,CHARLOTTE BAG PINK POLKADOT,10,2011-07-07 14:30:00,0.85,17069.0,United Kingdom,8.5,Sale
563614,22940,FELTCRAFT CHRISTMAS FAIRY,336,2011-08-18 08:51:00,3.75,12415.0,Australia,1260.0,Sale
578255,23254,CHILDRENS CUTLERY DOLLY GIRL ,2,2011-11-23 12:58:00,4.15,14675.0,United Kingdom,8.3,Sale
571683,22690,DOORMAT HOME SWEET HOME BLUE ,4,2011-10-18 14:07:00,8.25,15140.0,United Kingdom,33.0,Sale
568528,22899,CHILDREN'S APRON DOLLY GIRL ,6,2011-09-27 13:32:00,2.1,13979.0,United Kingdom,12.6,Sale
538349,21874,GIN AND TONIC MUG,2,2010-12-10 14:59:00,3.36,,United Kingdom,6.72,Sale
565917,22960,JAM MAKING SET WITH JARS,2,2011-09-07 16:15:00,8.29,,United Kingdom,16.58,Sale
565202,22111,SCOTTIE DOG HOT WATER BOTTLE,3,2011-09-01 16:44:00,4.95,14482.0,United Kingdom,14.85,Sale
564172,22396,MAGNETS PACK OF 4 RETRO PHOTO,4,2011-08-23 14:19:00,0.39,16033.0,United Kingdom,1.56,Sale
536762,22961,JAM MAKING SET PRINTED,12,2010-12-02 14:40:00,1.45,16186.0,United Kingdom,17.4,Sale
559051,22232,JIGSAW TOADSTOOLS 3 PIECE,1,2011-07-05 16:47:00,1.25,,United Kingdom,1.25,Sale
578056,23267,SET OF 4 SANTA PLACE SETTINGS,24,2011-11-22 15:04:00,1.25,16164.0,United Kingdom,30.0,Sale
544455,85176,SEWING SUSAN 21 NEEDLE SET,10,2011-02-20 13:18:00,0.85,13097.0,United Kingdom,8.5,Sale
570856,23161,REGENCY CAKE FORK,12,2011-10-12 15:01:00,1.25,13464.0,United Kingdom,15.0,Sale
578128,23328,SET 6 SCHOOL MILK BOTTLES IN CRATE,4,2011-11-23 10:38:00,3.75,12919.0,United Kingdom,15.0,Sale
580673,23118,PARISIENNE JEWELLERY DRAWER ,2,2011-12-05 14:30:00,7.5,13089.0,United Kingdom,15.0,Sale
571214,23080,RED METAL BOX TOP SECRET,2,2011-10-14 12:56:00,8.25,14390.0,United Kingdom,16.5,Sale
580360,16236,KITTY PENCIL ERASERS,28,2011-12-02 16:14:00,0.21,14493.0,United Kingdom,5.88,Sale
552448,22507,MEMO BOARD RETROSPOT  DESIGN,1,2011-05-09 13:45:00,4.95,18120.0,United Kingdom,4.95,Sale
539300,22720,SET OF 3 CAKE TINS PANTRY DESIGN ,2,2010-12-16 17:31:00,4.95,,United Kingdom,9.9,Sale
570506,23204,CHARLOTTE BAG APPLES DESIGN,10,2011-10-11 09:50:00,0.85,13283.0,United Kingdom,8.5,Sale
541238,21361,LOVE LARGE WOOD LETTERS ,1,2011-01-16 10:42:00,12.75,16746.0,United Kingdom,12.75,Sale
581193,23289,DOLLY GIRL CHILDRENS BOWL,2,2011-12-07 17:05:00,1.25,17097.0,Spain,2.5,Sale
564974,23300,GARDENERS KNEELING PAD CUP OF TEA ,2,2011-08-31 15:32:00,3.29,,United Kingdom,6.58,Sale
581219,21739,COSY SLIPPER SHOES SMALL GREEN,1,2011-12-08 09:28:00,2.46,,United Kingdom,2.46,Sale
568881,22464,HANGING METAL HEART LANTERN,12,2011-09-29 12:39:00,1.65,13960.0,United Kingdom,19.8,Sale
551516,21888,BINGO SET,1,2011-05-01 11:10:00,3.75,14800.0,United Kingdom,3.75,Sale
579694,23382,BOX OF 6 CHRISTMAS CAKE DECORATIONS,6,2011-11-30 14:11:00,7.46,,United Kingdom,44.76,Sale
559499,21211,SET OF 72 SKULL PAPER  DOILIES,1,2011-07-08 14:22:00,3.75,,United Kingdom,3.75,Sale
563382,21621,VINTAGE UNION JACK BUNTING,2,2011-08-16 10:50:00,8.5,18221.0,United Kingdom,17.0,Sale
543161,84375,SET OF 20 KIDS COOKIE CUTTERS,12,2011-02-03 17:01:00,2.1,14497.0,United Kingdom,25.200000000000003,Sale
575734,22632,HAND WARMER RED RETROSPOT,12,2011-11-11 08:39:00,2.1,12384.0,Switzerland,25.200000000000003,Sale
547880,22964,3 PIECE SPACEBOY COOKIE CUTTER SET,1,2011-03-27 16:05:00,2.1,15426.0,United Kingdom,2.1,Sale
552860,23053,RECYCLED ACAPULCO MAT PINK,1,2011-05-11 16:26:00,8.25,17889.0,United Kingdom,8.25,Sale
560180,23093,SMALL PARISIENNE HEART PHOTO FRAME ,8,2011-07-15 11:38:00,2.49,14640.0,United Kingdom,19.92,Sale
559357,22749,FELTCRAFT PRINCESS CHARLOTTE DOLL,1,2011-07-07 18:56:00,3.75,17107.0,United Kingdom,3.75,Sale
549903,22256,FELT FARM ANIMAL CHICKEN,4,2011-04-12 16:19:00,1.25,17576.0,United Kingdom,5.0,Sale
546580,22438,BALLOON ART MAKE YOUR OWN FLOWERS,10,2011-03-15 11:09:00,1.95,14911.0,EIRE,19.5,Sale
541497,47593B,SCOTTIE DOGS BABY BIB,2,2011-01-18 15:19:00,0.83,,United Kingdom,1.66,Sale
541969,82599,FANNY'S REST STOPMETAL SIGN,1,2011-01-24 13:46:00,4.13,,United Kingdom,4.13,Sale
537400,46115B,GREEN POP ART MAO CUSHION COVER ,6,2010-12-06 14:36:00,0.19,17191.0,United Kingdom,1.14,Sale
543631,22723,SET OF 6 HERB TINS SKETCHBOOK,2,2011-02-10 16:17:00,3.95,14081.0,United Kingdom,7.9,Sale
568058,23188,VINTAGE  2 METER FOLDING RULER,12,2011-09-23 12:58:00,1.65,18188.0,United Kingdom,19.8,Sale
562602,22630,DOLLY GIRL LUNCH BOX,12,2011-08-08 10:11:00,1.95,12865.0,Austria,23.4,Sale
555924,35916A,YELLOW FELT HANGING HEART W FLOWER,3,2011-06-07 17:12:00,0.63,,United Kingdom,1.89,Sale
567670,22090,PAPER BUNTING RETROSPOT,1,2011-09-21 15:32:00,5.79,,United Kingdom,5.79,Sale
579297,21876,POTTERING MUG,4,2011-11-29 11:23:00,3.29,,United Kingdom,13.16,Sale
540372,15034,PAPER POCKET TRAVELING FAN ,168,2011-01-06 16:41:00,0.14,13081.0,United Kingdom,23.520000000000003,Sale
551197,22781,GUMBALL MAGAZINE RACK,1,2011-04-27 11:26:00,7.65,14078.0,United Kingdom,7.65,Sale
548642,84406B,CREAM CUPID HEARTS COAT HANGER,2,2011-04-01 13:00:00,4.15,17287.0,United Kingdom,8.3,Sale
567341,85099B,JUMBO BAG RED RETROSPOT,10,2011-09-19 15:04:00,2.08,14961.0,United Kingdom,20.8,Sale
542533,22781,GUMBALL MAGAZINE RACK,12,2011-01-28 13:18:00,6.75,16019.0,United Kingdom,81.0,Sale
557115,22120,WELCOME  WOODEN BLOCK LETTERS,3,2011-06-16 16:47:00,9.95,14107.0,United Kingdom,29.85,Sale
550054,22423,REGENCY CAKESTAND 3 TIER,6,2011-04-14 12:00:00,12.75,14040.0,United Kingdom,76.5,Sale
581405,21984,PACK OF 12 PINK PAISLEY TISSUES ,1,2011-12-08 13:50:00,0.39,13521.0,United Kingdom,0.39,Sale
565456,22981,PANTRY APPLE CORER,1,2011-09-04 16:12:00,1.45,16629.0,United Kingdom,1.45,Sale
574547,22578,WOODEN STAR CHRISTMAS SCANDINAVIAN,5,2011-11-04 15:08:00,0.29,17841.0,United Kingdom,1.45,Sale
554122,20685,DOORMAT RED RETROSPOT,2,2011-05-22 15:37:00,7.95,15705.0,United Kingdom,15.9,Sale
572319,21619,4 VANILLA BOTANICAL CANDLES,1,2011-10-23 16:19:00,1.25,14704.0,United Kingdom,1.25,Sale
541421,22211,WOOD STAMP SET FLOWERS,2,2011-01-17 17:44:00,1.63,,United Kingdom,3.26,Sale
545668,23052,RECYCLED ACAPULCO MAT TURQUOISE,1,2011-03-04 17:02:00,8.25,14031.0,United Kingdom,8.25,Sale
552491,85184C,S/4 VALENTINE DECOUPAGE HEART BOX,6,2011-05-09 16:01:00,2.95,17033.0,United Kingdom,17.700000000000003,Sale
573381,23264,SET OF 3 WOODEN SLEIGH DECORATIONS,2,2011-10-30 14:05:00,1.25,17590.0,United Kingdom,2.5,Sale
548148,21188,3D HEARTS  HONEYCOMB PAPER GARLAND,1,2011-03-29 12:31:00,2.95,17931.0,United Kingdom,2.95,Sale
570126,21340,CLASSIC METAL BIRDCAGE PLANT HOLDER,1,2011-10-07 13:16:00,12.75,16910.0,United Kingdom,12.75,Sale
580996,22111,SCOTTIE DOG HOT WATER BOTTLE,1,2011-12-06 17:18:00,4.95,14578.0,United Kingdom,4.95,Sale
548863,75049L,LARGE CIRCULAR MIRROR MOBILE,96,2011-04-04 13:57:00,0.85,15311.0,United Kingdom,81.6,Sale
580115,85049A,TRADITIONAL CHRISTMAS RIBBONS,4,2011-12-01 16:22:00,2.46,,United Kingdom,9.84,Sale
540821,48185,DOORMAT FAIRY CAKE,3,2011-01-11 13:16:00,14.43,,United Kingdom,43.29,Sale
556237,47559B,TEA TIME OVEN GLOVE,1,2011-06-09 15:34:00,2.46,,United Kingdom,2.46,Sale
546561,22072,RED RETROSPOT TEA CUP AND SAUCER ,4,2011-03-15 10:34:00,3.75,18260.0,United Kingdom,15.0,Sale
580730,23541,WALL ART CLASSIC PUDDINGS ,1,2011-12-05 17:28:00,16.63,,United Kingdom,16.63,Sale
571281,23401,RUSTIC MIRROR WITH LACE HEART,14,2011-10-16 13:23:00,5.39,14088.0,United Kingdom,75.46,Sale
540455,22556,PLASTERS IN TIN CIRCUS PARADE ,24,2011-01-07 12:07:00,1.65,12583.0,France,39.6,Sale
540646,22738,RIBBON REEL SNOWY VILLAGE,1,2011-01-10 14:32:00,3.36,,United Kingdom,3.36,Sale
573311,22367,CHILDRENS APRON SPACEBOY DESIGN,1,2011-10-28 16:45:00,1.95,14071.0,United Kingdom,1.95,Sale
550123,22367,CHILDRENS APRON SPACEBOY DESIGN,2,2011-04-14 12:39:00,1.95,,United Kingdom,3.9,Sale
556732,21428,SET3 BOOK BOX GREEN GINGHAM FLOWER ,1,2011-06-14 11:47:00,4.25,15039.0,United Kingdom,4.25,Sale
567671,22652,TRAVEL SEWING KIT,1,2011-09-21 15:34:00,3.29,,United Kingdom,3.29,Sale
565841,21094,SET/6 RED SPOTTY PAPER PLATES,4,2011-09-07 12:04:00,0.83,,United Kingdom,3.32,Sale
578757,22940,FELTCRAFT CHRISTMAS FAIRY,2,2011-11-25 11:41:00,4.25,12748.0,United Kingdom,8.5,Sale
568057,82600,NO SINGING METAL SIGN,1,2011-09-23 12:56:00,4.13,,United Kingdom,4.13,Sale
563844,84970S,HANGING HEART ZINC T-LIGHT HOLDER,12,2011-08-19 14:04:00,0.85,17725.0,United Kingdom,10.2,Sale
542405,22789,T-LIGHT HOLDER SWEETHEART HANGING,1,2011-01-27 16:11:00,1.95,13534.0,United Kingdom,1.95,Sale
555815,21504,SKULLS GREETING CARD,12,2011-06-07 11:47:00,0.42,13089.0,United Kingdom,5.04,Sale
554112,90144,SILVER DROP EARRINGS WITH FLOWER,1,2011-05-22 14:44:00,3.75,17611.0,United Kingdom,3.75,Sale
562933,21731,RED TOADSTOOL LED NIGHT LIGHT,1,2011-08-10 16:51:00,3.29,,United Kingdom,3.29,Sale
543448,21452,TOADSTOOL MONEY BOX,1,2011-02-08 12:12:00,4.96,,United Kingdom,4.96,Sale
561485,72800E,4 IVORY DINNER CANDLES SILVER FLOCK,1,2011-07-27 13:42:00,2.55,17841.0,United Kingdom,2.55,Sale
569846,23004,TRAVEL CARD WALLET PANTRY,24,2011-10-06 13:42:00,0.42,13422.0,United Kingdom,10.08,Sale
543251,22841,ROUND CAKE TIN VINTAGE GREEN,2,2011-02-04 14:51:00,7.95,14194.0,United Kingdom,15.9,Sale
560248,22772,PINK DRAWER KNOB ACRYLIC EDWARDIAN,12,2011-07-17 12:24:00,1.25,16255.0,United Kingdom,15.0,Sale
578289,23157,SET OF 6 NATIVITY MAGNETS ,2,2011-11-23 14:07:00,2.08,17841.0,United Kingdom,4.16,Sale
549238,21755,LOVE BUILDING BLOCK WORD,2,2011-04-07 11:30:00,5.95,14667.0,United Kingdom,11.9,Sale
578084,84945,MULTI COLOUR SILVER T-LIGHT HOLDER,12,2011-11-22 16:34:00,0.85,12465.0,Belgium,10.2,Sale
539092,84947,ANTIQUE SILVER TEA GLASS ENGRAVED,72,2010-12-16 10:08:00,1.06,15482.0,United Kingdom,76.32000000000001,Sale
568164,23103,JINGLE BELL HEART DECORATION,24,2011-09-25 12:39:00,1.65,14561.0,United Kingdom,39.6,Sale
574670,20676,RED RETROSPOT BOWL,2,2011-11-06 12:20:00,1.25,12838.0,United Kingdom,2.5,Sale
541277,22197,SMALL POPCORN HOLDER,10,2011-01-17 11:46:00,0.85,12673.0,Germany,8.5,Sale
543251,21217,RED RETROSPOT ROUND CAKE TINS,2,2011-02-04 14:51:00,9.95,14194.0,United Kingdom,19.9,Sale
565767,84031B,CHARLIE LOLA BLUE HOT WATER BOTTLE ,1,2011-09-06 14:28:00,4.96,,United Kingdom,4.96,Sale
558565,84993A,75 GREEN PETIT FOUR CASES,2,2011-06-30 13:58:00,0.42,14803.0,United Kingdom,0.84,Sale
578026,48111,DOORMAT 3 SMILEY CATS,2,2011-11-22 13:29:00,8.25,17659.0,United Kingdom,16.5,Sale
579408,23002,TRAVEL CARD WALLET SKULLS,5,2011-11-29 12:34:00,0.42,14701.0,United Kingdom,2.1,Sale
564745,82482,WOODEN PICTURE FRAME WHITE FINISH,4,2011-08-28 15:27:00,2.55,16806.0,United Kingdom,10.2,Sale
545188,21791,VINTAGE HEADS AND TAILS CARD GAME ,4,2011-02-28 15:19:00,1.25,14056.0,United Kingdom,5.0,Sale
544051,22303,COFFEE MUG APPLES DESIGN,6,2011-02-15 12:40:00,2.55,16700.0,United Kingdom,15.3,Sale
537638,90209B,GREEN ENAMEL+GLASS HAIR COMB,1,2010-12-07 15:28:00,2.11,,United Kingdom,2.11,Sale
567709,22077,6 RIBBONS RUSTIC CHARM,12,2011-09-22 09:53:00,1.95,15239.0,United Kingdom,23.4,Sale
564353,22560,TRADITIONAL MODELLING CLAY,24,2011-08-24 15:08:00,1.25,15764.0,United Kingdom,30.0,Sale
573585,23087,ZINC  HEART T-LIGHT HOLDER,2,2011-10-31 14:41:00,2.46,,United Kingdom,4.92,Sale
537638,46776E,WOVEN CANDY CUSHION COVER ,1,2010-12-07 15:28:00,4.21,,United Kingdom,4.21,Sale
568241,85099B,JUMBO BAG RED RETROSPOT,100,2011-09-26 12:10:00,1.79,15218.0,United Kingdom,179.0,Sale
567970,22133,PINK LOVE HEART SHAPE CUP,48,2011-09-23 10:02:00,0.85,18041.0,United Kingdom,40.8,Sale
561220,22432,WATERING CAN PINK BUNNY,6,2011-07-26 09:20:00,1.95,17734.0,United Kingdom,11.7,Sale
537209,21850,BLUE  DIAMANTE PEN IN GIFT BOX,1,2010-12-05 15:12:00,4.95,14606.0,United Kingdom,4.95,Sale
536446,84625C,BLUE NEW BAROQUE CANDLESTICK CANDLE,10,2010-12-01 12:15:00,2.95,15983.0,United Kingdom,29.5,Sale
578806,22531,MAGIC DRAWING SLATE CIRCUS PARADE  ,24,2011-11-25 13:09:00,0.42,13149.0,United Kingdom,10.08,Sale
540545,22198,LARGE POPCORN HOLDER ,8,2011-01-09 15:35:00,1.65,13451.0,United Kingdom,13.2,Sale
541972,21217,RED RETROSPOT ROUND CAKE TINS,1,2011-01-24 13:58:00,9.95,12935.0,United Kingdom,9.95,Sale
558637,22032,BOTANICAL LILY GREETING CARD,12,2011-06-30 20:08:00,0.42,17891.0,United Kingdom,5.04,Sale
545474,22349,DOG BOWL CHASING BALL DESIGN,6,2011-03-03 10:55:00,3.75,16709.0,United Kingdom,22.5,Sale
572513,23280,FOLDING BUTTERFLY MIRROR HOT PINK ,2,2011-10-24 14:36:00,0.83,16728.0,United Kingdom,1.66,Sale
544928,22915,ASSORTED BOTTLE TOP  MAGNETS ,2,2011-02-24 18:07:00,4.96,,United Kingdom,9.92,Sale
548167,22297,HEART IVORY TRELLIS SMALL,1,2011-03-29 13:45:00,2.46,,United Kingdom,2.46,Sale
537192,21114,LAVENDER SCENTED FABRIC HEART,5,2010-12-05 13:42:00,1.25,16402.0,United Kingdom,6.25,Sale
560090,22174,PHOTO CUBE,1,2011-07-14 16:46:00,3.29,,United Kingdom,3.29,Sale
540646,21650,ASSORTED TUTTI FRUTTI BRACELET,7,2011-01-10 14:32:00,0.43,,United Kingdom,3.01,Sale
574138,22818,CARD CHRISTMAS VILLAGE,24,2011-11-03 11:26:00,0.42,12415.0,Australia,10.08,Sale
579508,23109,PACK OF SIX LED TEA LIGHTS,2,2011-11-29 16:33:00,5.79,,United Kingdom,11.58,Sale
542586,22326,ROUND SNACK BOXES SET OF4 WOODLAND ,6,2011-01-28 15:45:00,2.95,12377.0,Switzerland,17.700000000000003,Sale
569729,22138,BAKING SET 9 PIECE RETROSPOT ,3,2011-10-06 09:43:00,4.95,16350.0,United Kingdom,14.85,Sale
570021,46000U,POLYESTER FILLER PAD 30CMx30CM,1,2011-10-07 10:20:00,1.25,17841.0,United Kingdom,1.25,Sale
578653,85123A,WHITE HANGING HEART T-LIGHT HOLDER,12,2011-11-24 16:40:00,2.95,18161.0,United Kingdom,35.400000000000006,Sale
570856,23264,SET OF 3 WOODEN SLEIGH DECORATIONS,12,2011-10-12 15:01:00,1.25,13464.0,United Kingdom,15.0,Sale
563754,22749,FELTCRAFT PRINCESS CHARLOTTE DOLL,4,2011-08-19 10:56:00,3.75,15396.0,United Kingdom,15.0,Sale
552690,21658,GLASS  BEURRE DISH,4,2011-05-10 15:10:00,3.95,16676.0,United Kingdom,15.8,Sale
563500,85071B,RED CHARLIE+LOLA PERSONAL DOORSIGN,6,2011-08-16 17:25:00,0.39,15856.0,United Kingdom,2.34,Sale
569545,46776D,WOVEN SUNSET CUSHION COVER ,1,2011-10-04 16:37:00,4.13,,United Kingdom,4.13,Sale
544461,17003,BROCADE RING PURSE ,144,2011-02-20 14:08:00,0.29,13744.0,United Kingdom,41.76,Sale
546982,20828,GLITTER BUTTERFLY CLIPS,1,2011-03-18 12:26:00,2.55,15483.0,United Kingdom,2.55,Sale
537218,22749,FELTCRAFT PRINCESS CHARLOTTE DOLL,16,2010-12-05 15:46:00,3.75,12763.0,Japan,60.0,Sale
570465,22381,TOY TIDY PINK POLKADOT,1,2011-10-10 16:02:00,4.13,,United Kingdom,4.13,Sale
559796,84997d,CHILDRENS CUTLERY POLKADOT PINK,4,2011-07-12 13:30:00,8.29,,United Kingdom,33.16,Sale
544453,84952C,MIRROR LOVE BIRD T-LIGHT HOLDER,5,2011-02-20 13:06:00,3.75,17214.0,United Kingdom,18.75,Sale
546653,71053,WHITE METAL LANTERN,1,2011-03-15 14:18:00,8.29,,United Kingdom,8.29,Sale
577536,22422,TOOTHPASTE TUBE PEN,1,2011-11-20 14:14:00,0.65,15850.0,United Kingdom,0.65,Sale
562274,23144,ZINC T-LIGHT HOLDER STARS SMALL,12,2011-08-04 10:00:00,0.83,12704.0,Finland,9.96,Sale
555735,22523,CHILDS GARDEN FORK PINK,12,2011-06-07 08:54:00,0.85,13327.0,United Kingdom,10.2,Sale
555076,23182,TOILET SIGN OCCUPIED OR VACANT,24,2011-05-31 12:11:00,0.83,13900.0,United Kingdom,19.92,Sale
551349,22621,TRADITIONAL KNITTING NANCY,12,2011-04-28 10:03:00,1.65,14740.0,United Kingdom,19.8,Sale
570888,22749,FELTCRAFT PRINCESS CHARLOTTE DOLL,4,2011-10-13 10:26:00,3.75,17509.0,United Kingdom,15.0,Sale
538866,21623,VINTAGE UNION JACK MEMOBOARD,1,2010-12-14 14:40:00,9.95,17841.0,United Kingdom,9.95,Sale
561100,21232,STRAWBERRY CERAMIC TRINKET BOX,12,2011-07-25 11:01:00,1.25,15289.0,United Kingdom,15.0,Sale
543565,22499,WOODEN UNION JACK BUNTING,6,2011-02-10 10:40:00,5.95,14431.0,United Kingdom,35.7,Sale
566292,22625,RED KITCHEN SCALES,2,2011-09-11 15:35:00,8.5,13381.0,United Kingdom,17.0,Sale
567186,22470,HEART OF WICKER LARGE,5,2011-09-18 16:04:00,2.95,17073.0,United Kingdom,14.75,Sale
577857,21929,JUMBO BAG PINK VINTAGE PAISLEY,20,2011-11-22 11:21:00,2.08,13499.0,United Kingdom,41.6,Sale
572295,22466,FAIRY TALE COTTAGE NIGHT LIGHT,2,2011-10-23 13:49:00,1.95,16686.0,United Kingdom,3.9,Sale
559708,22766,PHOTO FRAME CORNICE,8,2011-07-12 10:05:00,2.95,13549.0,United Kingdom,23.6,Sale
555009,21175,GIN + TONIC DIET METAL SIGN,12,2011-05-31 10:32:00,2.55,17340.0,United Kingdom,30.6,Sale
578347,23298,SPOTTY BUNTING,1,2011-11-24 09:26:00,10.79,,United Kingdom,10.79,Sale
544081,22310,IVORY KNITTED MUG COSY ,50,2011-02-15 15:49:00,1.45,17819.0,United Kingdom,72.5,Sale
543370,22697,GREEN REGENCY TEACUP AND SAUCER,6,2011-02-07 14:51:00,2.95,12359.0,Cyprus,17.700000000000003,Sale
568938,22382,LUNCH BAG SPACEBOY DESIGN ,1,2011-09-29 14:46:00,1.65,17220.0,United Kingdom,1.65,Sale
556876,47559B,TEA TIME OVEN GLOVE,2,2011-06-15 11:56:00,1.25,16241.0,United Kingdom,2.5,Sale
579541,21314,SMALL GLASS HEART TRINKET POT,4,2011-11-30 10:12:00,2.1,14653.0,United Kingdom,8.4,Sale
555003,22082,RIBBON REEL STRIPES DESIGN ,10,2011-05-31 09:36:00,1.65,12787.0,Netherlands,16.5,Sale
579187,21126,SET OF 6 GIRLS CELEBRATION CANDLES,2,2011-11-28 15:31:00,1.25,,United Kingdom,2.5,Sale
538566,22834,HAND WARMER BABUSHKA DESIGN,2,2010-12-13 11:21:00,4.21,,United Kingdom,8.42,Sale
549577,22074,6 RIBBONS SHIMMERING PINKS ,12,2011-04-11 08:16:00,1.65,14286.0,United Kingdom,19.8,Sale
539314,22831,WHITE BROCANTE SOAP DISH,6,2010-12-16 18:20:00,2.95,13874.0,United Kingdom,17.700000000000003,Sale
577038,84378,SET OF 3 HEART COOKIE CUTTERS,1,2011-11-17 13:30:00,1.45,14796.0,United Kingdom,1.45,Sale
567913,23245,SET OF 3 REGENCY CAKE TINS,16,2011-09-22 17:08:00,4.15,18144.0,United Kingdom,66.4,Sale
567656,84992,72 SWEETHEART FAIRY CAKE CASES,4,2011-09-21 14:40:00,1.25,14096.0,United Kingdom,5.0,Sale
571180,22485,SET OF 2 WOODEN MARKET CRATES,6,2011-10-14 10:47:00,12.75,15498.0,United Kingdom,76.5,Sale
542713,22212,FOUR HOOK  WHITE LOVEBIRDS,6,2011-01-31 13:27:00,2.1,12668.0,Germany,12.6,Sale
581578,22622,BOX OF VINTAGE ALPHABET BLOCKS,6,2011-12-09 12:16:00,11.95,12713.0,Germany,71.69999999999999,Sale
574868,22441,GROW YOUR OWN BASIL IN ENAMEL MUG,8,2011-11-07 12:41:00,2.1,13824.0,United Kingdom,16.8,Sale
544095,22722,SET OF 6 SPICE TINS PANTRY DESIGN,6,2011-02-16 09:25:00,3.95,16509.0,United Kingdom,23.700000000000003,Sale
564539,23201,JUMBO BAG ALPHABET,10,2011-08-25 15:22:00,2.08,12715.0,Sweden,20.8,Sale
570179,22142,CHRISTMAS CRAFT WHITE FAIRY ,12,2011-10-07 14:27:00,1.45,17509.0,United Kingdom,17.4,Sale
578225,22621,TRADITIONAL KNITTING NANCY,12,2011-11-23 11:51:00,1.65,17700.0,United Kingdom,19.8,Sale
576339,22429,ENAMEL MEASURING JUG CREAM,1,2011-11-14 15:27:00,8.29,14096.0,United Kingdom,8.29,Sale
553522,20914,SET/5 RED RETROSPOT LID GLASS BOWLS,2,2011-05-17 14:43:00,2.95,15005.0,United Kingdom,5.9,Sale
552276,22560,TRADITIONAL MODELLING CLAY,48,2011-05-08 12:31:00,1.06,18142.0,United Kingdom,50.88,Sale
572843,23541,WALL ART CLASSIC PUDDINGS ,2,2011-10-26 12:06:00,8.25,14315.0,United Kingdom,16.5,Sale
563569,23236,STORAGE TIN VINTAGE DOILY ,6,2011-08-17 14:47:00,2.89,18257.0,United Kingdom,17.34,Sale
560926,21618,4 WILDFLOWER BOTANICAL CANDLES,1,2011-07-22 09:20:00,2.46,,United Kingdom,2.46,Sale
564729,82552,WASHROOM METAL SIGN,4,2011-08-28 12:44:00,1.45,13137.0,United Kingdom,5.8,Sale
556237,84796B,BLUE SAVANNAH PICNIC HAMPER FOR 2,1,2011-06-09 15:34:00,8.29,,United Kingdom,8.29,Sale
572058,21122,SET/10 PINK POLKADOT PARTY CANDLES,1,2011-10-20 12:43:00,1.25,18252.0,United Kingdom,1.25,Sale
539988,21354,TOAST ITS - BEST MUM,2,2010-12-23 16:06:00,1.25,18116.0,United Kingdom,2.5,Sale
564061,21671,RED SPOT CERAMIC DRAWER KNOB,2,2011-08-22 14:38:00,1.25,14505.0,United Kingdom,2.5,Sale
578302,23534,WALL ART STOP FOR TEA ,3,2011-11-23 15:23:00,5.95,16057.0,United Kingdom,17.85,Sale
575931,22027,TEA PARTY BIRTHDAY CARD,12,2011-11-13 10:35:00,0.42,16560.0,United Kingdom,5.04,Sale
570030,21212,PACK OF 72 RETROSPOT CAKE CASES,24,2011-10-07 10:44:00,0.55,12740.0,France,13.2,Sale
572921,23541,WALL ART CLASSIC PUDDINGS ,1,2011-10-26 16:57:00,8.25,15993.0,United Kingdom,8.25,Sale
545349,21947,SET OF 6 HEART CHOPSTICKS,3,2011-03-02 11:07:00,1.25,18118.0,United Kingdom,3.75,Sale
568795,23108,SET OF 10 LED DOLLY LIGHTS,1,2011-09-29 10:19:00,6.25,17870.0,United Kingdom,6.25,Sale
551868,23230,WRAP ALPHABET DESIGN,25,2011-05-04 16:29:00,0.42,12540.0,Spain,10.5,Sale
544459,22844,VINTAGE CREAM DOG FOOD CONTAINER,4,2011-02-20 13:52:00,8.5,17838.0,United Kingdom,34.0,Sale
562933,20956,PORCELAIN T-LIGHT HOLDERS ASSORTED,2,2011-08-10 16:51:00,2.46,,United Kingdom,4.92,Sale
552660,22179,SET 10 LIGHTS NIGHT OWL,1,2011-05-10 15:03:00,13.29,,United Kingdom,13.29,Sale
559507,21742,LARGE ROUND WICKER PLATTER ,1,2011-07-08 15:22:00,5.95,15920.0,United Kingdom,5.95,Sale
572026,21314,SMALL GLASS HEART TRINKET POT,16,2011-10-20 11:40:00,2.1,13245.0,United Kingdom,33.6,Sale
551532,23056,FLOWERS CHANDELIER T-LIGHT HOLDER,3,2011-05-01 14:17:00,6.25,16554.0,United Kingdom,18.75,Sale
576078,82482,WOODEN PICTURE FRAME WHITE FINISH,10,2011-11-13 16:22:00,2.95,14432.0,United Kingdom,29.5,Sale
569545,21579,LOLITA  DESIGN  COTTON TOTE BAG,1,2011-10-04 16:37:00,4.96,,United Kingdom,4.96,Sale
569372,21880,RED RETROSPOT TAPE,3,2011-10-03 16:04:00,0.42,,United Kingdom,1.26,Sale
560047,22475,SKULL DESIGN TV DINNER TRAY,1,2011-07-14 15:01:00,4.95,17259.0,United Kingdom,4.95,Sale
567236,22689,DOORMAT MERRY CHRISTMAS RED ,4,2011-09-19 11:33:00,8.25,14735.0,United Kingdom,33.0,Sale
539475,22968,ROSE COTTAGE KEEPSAKE BOX ,1,2010-12-19 14:41:00,9.95,16686.0,United Kingdom,9.95,Sale
581175,21731,RED TOADSTOOL LED NIGHT LIGHT,24,2011-12-07 15:16:00,1.65,14646.0,Netherlands,39.6,Sale
566314,23293,SET OF 12 FAIRY CAKE BAKING CASES,8,2011-09-12 09:57:00,0.83,15358.0,United Kingdom,6.64,Sale
544462,22993,SET OF 4 PANTRY JELLY MOULDS,1,2011-02-20 14:21:00,1.25,17050.0,United Kingdom,1.25,Sale
570332,23322,LARGE WHITE HEART OF WICKER,12,2011-10-10 12:18:00,2.95,18169.0,United Kingdom,35.400000000000006,Sale
558200,22317,FIVE CATS HANGING DECORATION,1,2011-06-27 13:00:00,2.95,15976.0,United Kingdom,2.95,Sale
558703,22045,SPACEBOY GIFT WRAP,25,2011-07-01 12:47:00,0.42,13730.0,United Kingdom,10.5,Sale
577545,16236,KITTY PENCIL ERASERS,5,2011-11-20 14:43:00,0.21,16931.0,United Kingdom,1.05,Sale
549245,20724,RED RETROSPOT CHARLOTTE BAG,6,2011-04-07 12:00:00,0.85,15005.0,United Kingdom,5.1,Sale
570036,22746,POPPY'S PLAYHOUSE LIVINGROOM ,6,2011-10-07 10:50:00,2.1,16358.0,United Kingdom,12.6,Sale
555351,23298,SPOTTY BUNTING,24,2011-06-02 12:37:00,4.95,13408.0,United Kingdom,118.8,Sale
540504,21485,RETROSPOT HEART HOT WATER BOTTLE,2,2011-01-09 11:02:00,4.95,13668.0,United Kingdom,9.9,Sale
572451,23036,T-LIGHT HOLDER SILVER PETIT FOUR ,12,2011-10-24 12:36:00,1.25,12921.0,United Kingdom,15.0,Sale
537434,22376,AIRLINE BAG VINTAGE JET SET WHITE,2,2010-12-06 16:57:00,8.47,,United Kingdom,16.94,Sale
561043,22457,NATURAL SLATE HEART CHALKBOARD ,5,2011-07-24 12:20:00,2.95,15708.0,United Kingdom,14.75,Sale
578016,23149,ANTIQUE IVORY WIRE BOWL SMALL,6,2011-11-22 13:02:00,2.49,14506.0,United Kingdom,14.94,Sale
556489,22789,T-LIGHT HOLDER SWEETHEART HANGING,3,2011-06-12 13:59:00,1.95,14704.0,United Kingdom,5.85,Sale
578522,20757,RED DAISY POCKET BOOK ,3,2011-11-24 14:09:00,0.85,17254.0,United Kingdom,2.55,Sale
565839,16161G,WRAP BAD HAIR DAY,25,2011-09-07 11:46:00,0.1,13186.0,United Kingdom,2.5,Sale
565921,22111,SCOTTIE DOG HOT WATER BOTTLE,6,2011-09-08 09:13:00,4.95,13889.0,United Kingdom,29.700000000000003,Sale
541013,20749,ASSORTED COLOUR MINI CASES,12,2011-01-13 11:54:00,6.35,15694.0,United Kingdom,76.19999999999999,Sale
580685,22867,HAND WARMER BIRD DESIGN,24,2011-12-05 15:16:00,2.1,17676.0,United Kingdom,50.400000000000006,Sale
575500,23311,VINTAGE CHRISTMAS STOCKING ,6,2011-11-10 09:57:00,2.55,16003.0,United Kingdom,15.3,Sale
554326,23299,FOOD COVER WITH BEADS SET 2 ,3,2011-05-23 16:32:00,3.75,13737.0,United Kingdom,11.25,Sale
550496,21458,2 PICTURE BOOK EGGS EASTER BUNNY,1,2011-04-18 15:05:00,2.46,,United Kingdom,2.46,Sale
561689,21892,TRADITIONAL WOODEN CATCH CUP GAME ,36,2011-07-29 09:01:00,1.25,15942.0,United Kingdom,45.0,Sale
547561,23126,DOLLCRAFT GIRL AMELIE,4,2011-03-24 08:44:00,4.95,14129.0,United Kingdom,19.8,Sale
554096,84192,ASSORTED COLOUR METAL CAT ,12,2011-05-22 12:51:00,1.25,14921.0,United Kingdom,15.0,Sale
573548,85123A,WHITE HANGING HEART T-LIGHT HOLDER,6,2011-10-31 13:22:00,2.95,13680.0,United Kingdom,17.700000000000003,Sale
537237,85049E,SCANDINAVIAN REDS RIBBONS,2,2010-12-06 09:58:00,2.51,,United Kingdom,5.02,Sale
564856,23240,SET OF 4 KNICK KNACK TINS DOILY ,6,2011-08-31 09:11:00,4.15,12477.0,Germany,24.9,Sale
571286,23400,SHELF WITH 4 HOOKS HOME SWEET HOME,1,2011-10-16 14:35:00,6.25,14547.0,United Kingdom,6.25,Sale
539742,21174,POTTERING IN THE SHED METAL SIGN,1,2010-12-21 15:20:00,4.21,,United Kingdom,4.21,Sale
555124,21172,PARTY METAL SIGN ,3,2011-05-31 15:26:00,1.45,18204.0,United Kingdom,4.35,Sale
568245,21232,STRAWBERRY CERAMIC TRINKET BOX,12,2011-09-26 12:23:00,1.25,13867.0,United Kingdom,15.0,Sale
559676,23144,ZINC T-LIGHT HOLDER STARS SMALL,12,2011-07-11 14:40:00,0.83,17340.0,United Kingdom,9.96,Sale
562264,22360,GLASS JAR ENGLISH CONFECTIONERY,1,2011-08-03 16:14:00,5.79,,United Kingdom,5.79,Sale
559698,22554,PLASTERS IN TIN WOODLAND ANIMALS,3,2011-07-11 17:07:00,1.65,17589.0,United Kingdom,4.949999999999999,Sale
542906,21935,SUKI  SHOULDER BAG,1,2011-02-01 15:12:00,3.29,,United Kingdom,3.29,Sale
540372,22061,LARGE CAKE STAND  HANGING STRAWBERY,2,2011-01-06 16:41:00,9.95,13081.0,United Kingdom,19.9,Sale
573076,22382,LUNCH BAG SPACEBOY DESIGN ,10,2011-10-27 14:05:00,1.65,13488.0,United Kingdom,16.5,Sale
563019,22800,ANTIQUE TALL SWIRLGLASS TRINKET POT,6,2011-08-11 12:58:00,3.75,17340.0,United Kingdom,22.5,Sale
547664,21257,VICTORIAN SEWING BOX MEDIUM,1,2011-03-24 13:16:00,7.95,13069.0,United Kingdom,7.95,Sale
558183,22676,FRENCH BLUE METAL DOOR SIGN 1,2,2011-06-27 12:13:00,1.25,15996.0,United Kingdom,2.5,Sale
552806,23152,IVORY SWEETHEART WIRE LETTER RACK ,4,2011-05-11 12:36:00,3.75,15729.0,United Kingdom,15.0,Sale
564760,23196,VINTAGE LEAF MAGNETIC NOTEPAD,2,2011-08-30 10:47:00,3.29,,United Kingdom,6.58,Sale
570388,22993,SET OF 4 PANTRY JELLY MOULDS,12,2011-10-10 12:37:00,1.25,14911.0,EIRE,15.0,Sale
580672,22747,POPPY'S PLAYHOUSE BATHROOM,2,2011-12-05 14:29:00,2.1,17920.0,United Kingdom,4.2,Sale
580304,23319,BOX OF 6 MINI 50'S CRACKERS,4,2011-12-02 14:25:00,2.49,18055.0,United Kingdom,9.96,Sale
577519,16216,LETTER SHAPE PENCIL SHARPENER,80,2011-11-20 13:20:00,0.06,15044.0,United Kingdom,4.8,Sale
552229,22993,SET OF 4 PANTRY JELLY MOULDS,1,2011-05-06 15:40:00,2.46,,United Kingdom,2.46,Sale
575076,22470,HEART OF WICKER LARGE,6,2011-11-08 13:20:00,2.95,16639.0,United Kingdom,17.700000000000003,Sale
547102,84819,DANISH ROSE ROUND SEWING BOX,3,2011-03-21 10:41:00,4.25,14245.0,United Kingdom,12.75,Sale
581000,21531,RED RETROSPOT SUGAR JAM BOWL,6,2011-12-07 08:03:00,2.55,12720.0,Germany,15.3,Sale
567656,82580,BATHROOM METAL SIGN,1,2011-09-21 14:40:00,1.25,14096.0,United Kingdom,1.25,Sale
561359,22759,SET OF 3 NOTEBOOKS IN PARCEL,12,2011-07-26 15:29:00,1.65,17160.0,United Kingdom,19.8,Sale
581439,22798,ANTIQUE GLASS DRESSING TABLE POT,2,2011-12-08 16:30:00,5.79,,United Kingdom,11.58,Sale
573008,22966,GINGERBREAD MAN COOKIE CUTTER,24,2011-10-27 12:26:00,1.06,12901.0,United Kingdom,25.44,Sale
574298,20712,JUMBO BAG WOODLAND ANIMALS,1,2011-11-03 15:56:00,4.13,,United Kingdom,4.13,Sale
551399,85036B,CHOCOLATE 1 WICK MORRIS BOX CANDLE,1,2011-04-28 13:17:00,4.25,17874.0,United Kingdom,4.25,Sale
542057,22926,IVORY GIANT GARDEN THERMOMETER,1,2011-01-25 11:57:00,5.95,15967.0,United Kingdom,5.95,Sale
561658,22700,BLACK AND WHITE DOG BOWL,1,2011-07-28 16:06:00,2.95,12743.0,Unspecified,2.95,Sale
568103,22898,CHILDRENS APRON APPLES DESIGN,8,2011-09-23 15:45:00,1.95,12518.0,Germany,15.6,Sale
579301,21166,COOK WITH WINE METAL SIGN ,1,2011-11-29 11:32:00,2.08,18118.0,United Kingdom,2.08,Sale
577297,23296,SET OF 6 TEA TIME BAKING CASES,1,2011-11-18 12:48:00,1.25,14593.0,United Kingdom,1.25,Sale
557502,21716,BOYS VINTAGE TIN SEASIDE BUCKET,1,2011-06-20 15:32:00,4.96,,United Kingdom,4.96,Sale
558614,21974,SET OF 36 PAISLEY FLOWER DOILIES,1,2011-06-30 15:56:00,2.92,,United Kingdom,2.92,Sale
566581,23328,SET 6 SCHOOL MILK BOTTLES IN CRATE,4,2011-09-13 13:47:00,3.75,16081.0,United Kingdom,15.0,Sale
536572,21811,CHRISTMAS HANGING HEART WITH BELL,12,2010-12-01 15:40:00,1.25,16539.0,United Kingdom,15.0,Sale
570465,21207,SKULL AND CROSSBONES  GARLAND ,1,2011-10-10 16:02:00,1.63,,United Kingdom,1.63,Sale
577078,90013A,MIDNIGHT BLUE VINTAGE EARRINGS,1,2011-11-17 15:17:00,3.73,,United Kingdom,3.73,Sale
578086,23460,SWEETHEART WALL TIDY ,2,2011-11-22 16:43:00,9.95,17519.0,United Kingdom,19.9,Sale
539455,21166,COOK WITH WINE METAL SIGN ,1,2010-12-17 17:17:00,1.95,12748.0,United Kingdom,1.95,Sale
566397,23103,JINGLE BELL HEART DECORATION,4,2011-09-12 12:54:00,1.65,17811.0,United Kingdom,6.6,Sale
536859,85123A,WHITE HANGING HEART T-LIGHT HOLDER,2,2010-12-03 10:43:00,2.95,12841.0,United Kingdom,5.9,Sale
549874,21156,RETROSPOT CHILDRENS APRON,2,2011-04-12 15:23:00,1.95,16919.0,United Kingdom,3.9,Sale
541684,22956,36 FOIL HEART CAKE CASES,13,2011-01-20 15:22:00,2.1,15498.0,United Kingdom,27.3,Sale
567184,84991,60 TEATIME FAIRY CAKE CASES,2,2011-09-18 15:41:00,0.55,16033.0,United Kingdom,1.1,Sale
573361,84826,ASSTD DESIGN 3D PAPER STICKERS,8,2011-10-30 12:53:00,0.85,14456.0,United Kingdom,6.8,Sale
538524,21821,GLITTER STAR GARLAND WITH BELLS ,1,2010-12-13 09:35:00,7.62,,United Kingdom,7.62,Sale
570211,23330,DECORATIVE WICKER HEART MEDIUM,1,2011-10-09 11:15:00,1.25,13558.0,United Kingdom,1.25,Sale
547034,22845,VINTAGE CREAM CAT FOOD CONTAINER,12,2011-03-20 10:30:00,5.55,18229.0,United Kingdom,66.6,Sale
548702,21903,MAN FLU METAL SIGN,3,2011-04-03 11:36:00,2.1,17085.0,United Kingdom,6.300000000000001,Sale
539453,22757,LARGE RED BABUSHKA NOTEBOOK ,4,2010-12-17 17:08:00,2.51,,United Kingdom,10.04,Sale
537638,48184,DOORMAT ENGLISH ROSE ,1,2010-12-07 15:28:00,14.43,,United Kingdom,14.43,Sale
580771,22754,SMALL RED BABUSHKA NOTEBOOK ,2,2011-12-06 10:58:00,0.21,16015.0,United Kingdom,0.42,Sale
571239,23535,WALL ART BICYCLE SAFETY,4,2011-10-14 14:54:00,5.95,12744.0,Singapore,23.8,Sale
570818,47559B,TEA TIME OVEN GLOVE,1,2011-10-12 12:47:00,1.25,17841.0,United Kingdom,1.25,Sale
580523,35001G,HAND OPEN SHAPE GOLD,1,2011-12-04 15:00:00,1.25,17827.0,United Kingdom,1.25,Sale
556290,84879,ASSORTED COLOUR BIRD ORNAMENT,8,2011-06-10 09:23:00,1.69,17088.0,United Kingdom,13.52,Sale
580077,23478,WOODLAND LARGE PINK FELT HEART,12,2011-12-01 14:17:00,1.25,14262.0,United Kingdom,15.0,Sale
560387,23301,GARDENERS KNEELING PAD KEEP CALM ,3,2011-07-18 13:00:00,1.65,14667.0,United Kingdom,4.949999999999999,Sale
540995,17012F,ORIGAMI SANDLEWOOD INCENSE/CAND SET,1,2011-01-13 09:30:00,2.46,,United Kingdom,2.46,Sale
563377,21558,SKULL LUNCH BOX WITH CUTLERY ,3,2011-08-16 10:44:00,2.55,15002.0,United Kingdom,7.649999999999999,Sale
537435,21071,VINTAGE BILLBOARD DRINK ME MUG,6,2010-12-06 16:58:00,1.25,17920.0,United Kingdom,7.5,Sale
572457,22326,ROUND SNACK BOXES SET OF4 WOODLAND ,18,2011-10-24 12:44:00,2.95,12594.0,Italy,53.1,Sale
554630,22807,SET OF 6 T-LIGHTS TOADSTOOLS,1,2011-05-25 11:34:00,2.95,13268.0,United Kingdom,2.95,Sale
544885,21531,RED RETROSPOT SUGAR JAM BOWL,6,2011-02-24 11:38:00,2.55,14243.0,United Kingdom,15.3,Sale
547380,21977,PACK OF 60 PINK PAISLEY CAKE CASES,6,2011-03-22 15:20:00,0.55,16809.0,United Kingdom,3.3000000000000003,Sale
538177,20719,WOODLAND CHARLOTTE BAG,4,2010-12-10 09:51:00,1.66,,United Kingdom,6.64,Sale
553062,22896,PEG BAG APPLES DESIGN,50,2011-05-13 11:25:00,2.1,13629.0,United Kingdom,105.0,Sale
548554,79030D,"TUMBLER, BAROQUE",24,2011-04-01 09:19:00,0.39,13694.0,United Kingdom,9.36,Sale
550437,22930,BAKING MOULD HEART MILK CHOCOLATE,1,2011-04-18 12:14:00,2.55,16923.0,United Kingdom,2.55,Sale
578067,23493,VINTAGE DOILY TRAVEL SEWING KIT,2,2011-11-22 15:43:00,3.29,,United Kingdom,6.58,Sale
557442,22712,CARD DOLLY GIRL ,24,2011-06-20 12:53:00,0.42,14808.0,United Kingdom,10.08,Sale
568868,85049A,TRADITIONAL CHRISTMAS RIBBONS,12,2011-09-29 12:00:00,1.25,12957.0,United Kingdom,15.0,Sale
564818,22193,RED DINER WALL CLOCK,1,2011-08-30 12:10:00,16.63,,United Kingdom,16.63,Sale
574670,21240,BLUE POLKADOT CUP,1,2011-11-06 12:20:00,0.85,12838.0,United Kingdom,0.85,Sale
572287,23161,REGENCY CAKE FORK,12,2011-10-23 12:26:00,1.25,15584.0,United Kingdom,15.0,Sale
553356,23207,LUNCH BAG ALPHABET DESIGN,10,2011-05-16 14:05:00,1.65,14038.0,United Kingdom,16.5,Sale
579187,21650,ASSORTED TUTTI FRUTTI BRACELET,5,2011-11-28 15:31:00,0.83,,United Kingdom,4.15,Sale
541552,21557,SET OF 6 FUNKY BEAKERS,2,2011-01-19 11:15:00,2.95,15039.0,United Kingdom,5.9,Sale
573894,23344,JUMBO BAG 50'S CHRISTMAS ,1,2011-11-01 13:59:00,2.08,17812.0,United Kingdom,2.08,Sale
575875,70007,HI TEC ALPINE HAND WARMER,2,2011-11-11 13:06:00,3.29,,United Kingdom,6.58,Sale
548213,84997A,CHILDRENS CUTLERY POLKADOT GREEN ,4,2011-03-30 09:15:00,4.15,15521.0,United Kingdom,16.6,Sale
574476,21982,PACK OF 12 SUKI TISSUES ,12,2011-11-04 12:20:00,0.39,17203.0,United Kingdom,4.68,Sale
577228,22141,CHRISTMAS CRAFT TREE TOP ANGEL,1,2011-11-18 12:07:00,2.1,12391.0,Cyprus,2.1,Sale
553340,20718,RED RETROSPOT SHOPPER BAG,20,2011-05-16 12:20:00,1.25,15125.0,United Kingdom,25.0,Sale
578925,22977,DOLLY GIRL CHILDRENS EGG CUP,3,2011-11-27 12:13:00,1.25,17365.0,United Kingdom,3.75,Sale
578781,22902,TOTE BAG I LOVE LONDON,2,2011-11-25 11:54:00,2.1,15872.0,United Kingdom,4.2,Sale
564758,22870,NUMBER TILE COTTAGE GARDEN 2,1,2011-08-30 10:39:00,4.13,,United Kingdom,4.13,Sale
571508,23378,PACK OF 12 50'S CHRISTMAS TISSUES,3,2011-10-17 15:27:00,0.83,,United Kingdom,2.49,Sale
557268,22714,CARD BIRTHDAY COWBOY,12,2011-06-19 11:26:00,0.42,13097.0,United Kingdom,5.04,Sale
552867,22456,NATURAL SLATE CHALKBOARD LARGE ,18,2011-05-12 08:36:00,4.25,15513.0,United Kingdom,76.5,Sale
560922,22991,GIRAFFE WOODEN RULER,12,2011-07-21 19:34:00,1.95,14911.0,EIRE,23.4,Sale
543820,72351B,SET/6 PINK  BUTTERFLY T-LIGHTS,2,2011-02-13 16:05:00,2.1,16084.0,United Kingdom,4.2,Sale
559816,22713,CARD I LOVE LONDON ,5,2011-07-12 16:11:00,0.83,,United Kingdom,4.15,Sale
575898,21481,FAWN BLUE HOT WATER BOTTLE,3,2011-11-11 15:08:00,3.75,16368.0,United Kingdom,11.25,Sale
559497,23103,JINGLE BELL HEART DECORATION,6,2011-07-08 13:54:00,3.29,,United Kingdom,19.74,Sale
571809,20679,EDWARDIAN PARASOL RED,1,2011-10-19 11:44:00,5.95,15039.0,United Kingdom,5.95,Sale
539436,22739,RIBBON REEL CHRISTMAS SOCK BAUBLE,1,2010-12-17 14:49:00,3.36,,United Kingdom,3.36,Sale
546486,84692,BOX OF 24 COCKTAIL PARASOLS,2,2011-03-14 11:41:00,0.42,15039.0,United Kingdom,0.84,Sale
567866,47590B,PINK HAPPY BIRTHDAY BUNTING,3,2011-09-22 14:13:00,5.45,16669.0,United Kingdom,16.35,Sale
538177,22224,WHITE LOVEBIRD LANTERN,2,2010-12-10 09:51:00,5.91,,United Kingdom,11.82,Sale
567666,22333,RETROSPOT PARTY BAG + STICKER SET,8,2011-09-21 15:23:00,1.65,12520.0,Germany,13.2,Sale
578347,22798,ANTIQUE GLASS DRESSING TABLE POT,5,2011-11-24 09:26:00,5.79,,United Kingdom,28.95,Sale
546562,22423,REGENCY CAKESTAND 3 TIER,1,2011-03-15 10:45:00,12.75,16293.0,United Kingdom,12.75,Sale
569474,23507,MINI PLAYING CARDS BUFFALO BILL ,6,2011-10-04 12:39:00,0.42,14178.0,United Kingdom,2.52,Sale
565396,21975,PACK OF 60 DINOSAUR CAKE CASES,6,2011-09-02 16:39:00,0.55,,United Kingdom,3.3000000000000003,Sale
557007,22278,OVERNIGHT BAG VINTAGE ROSE PAISLEY,7,2011-06-16 11:30:00,4.95,12484.0,Spain,34.65,Sale
546236,22224,WHITE LOVEBIRD LANTERN,6,2011-03-10 12:48:00,2.95,12370.0,Cyprus,17.700000000000003,Sale
545217,22994,TRAVEL CARD WALLET RETROSPOT,1,2011-02-28 16:59:00,0.83,,United Kingdom,0.83,Sale
542080,21156,RETROSPOT CHILDRENS APRON,8,2011-01-25 12:16:00,1.95,13815.0,Germany,15.6,Sale
559557,22396,MAGNETS PACK OF 4 RETRO PHOTO,12,2011-07-11 10:33:00,0.39,17444.0,Canada,4.68,Sale
572081,23328,SET 6 SCHOOL MILK BOTTLES IN CRATE,4,2011-10-20 14:13:00,3.75,16592.0,United Kingdom,15.0,Sale
564962,35961,FOLKART ZINC HEART CHRISTMAS DEC,2,2011-08-31 14:35:00,0.85,17777.0,United Kingdom,1.7,Sale
538533,22197,SMALL POPCORN HOLDER,2,2010-12-13 10:31:00,0.85,14796.0,United Kingdom,1.7,Sale
547386,22960,JAM MAKING SET WITH JARS,2,2011-03-22 15:52:00,8.29,,United Kingdom,16.58,Sale
575176,22100,SKULLS SQUARE TISSUE BOX,1,2011-11-08 18:29:00,2.46,,United Kingdom,2.46,Sale
580730,22983,CARD BILLBOARD FONT,1,2011-12-05 17:28:00,0.83,,United Kingdom,0.83,Sale
546910,22957,SET 3 PAPER VINTAGE CHICK PAPER EGG,4,2011-03-17 19:46:00,2.95,13969.0,United Kingdom,11.8,Sale
573544,21484,CHICK GREY HOT WATER BOTTLE,4,2011-10-31 13:11:00,4.25,12856.0,United Kingdom,17.0,Sale
571913,23104,IVORY CAFE HANGING LAMP ,2,2011-10-19 15:29:00,12.5,18210.0,United Kingdom,25.0,Sale
571724,23360,SET 8 CANDLES VINTAGE DOILY,12,2011-10-19 08:20:00,1.95,12572.0,Germany,23.4,Sale
571809,21428,SET3 BOOK BOX GREEN GINGHAM FLOWER ,2,2011-10-19 11:44:00,4.25,15039.0,United Kingdom,8.5,Sale
557502,20719,WOODLAND CHARLOTTE BAG,3,2011-06-20 15:32:00,1.63,,United Kingdom,4.89,Sale
540372,16156S,WRAP PINK FAIRY CAKES ,25,2011-01-06 16:41:00,0.42,13081.0,United Kingdom,10.5,Sale
544634,22383,LUNCH BAG SUKI DESIGN ,5,2011-02-22 11:02:00,1.65,17994.0,United Kingdom,8.25,Sale
566746,23060,HEART BEADED TRELLIS DECORATION,12,2011-09-14 15:18:00,2.08,13321.0,United Kingdom,24.96,Sale
546922,21931,JUMBO STORAGE BAG SUKI,10,2011-03-18 09:59:00,1.95,14110.0,United Kingdom,19.5,Sale
548162,20734,SILVER MINI TAPE MEASURE ,7,2011-03-29 13:42:00,1.63,,United Kingdom,11.41,Sale
537237,16258A,SWIRLY CIRCULAR RUBBERS IN BAG,3,2010-12-06 09:58:00,0.84,,United Kingdom,2.52,Sale
555520,23284,DOORMAT KEEP CALM AND COME IN,1,2011-06-05 11:14:00,7.95,15038.0,United Kingdom,7.95,Sale
572896,POST,POSTAGE,4,2011-10-26 14:41:00,40.0,12456.0,Switzerland,160.0,Sale
565232,48194,DOORMAT HEARTS,1,2011-09-02 09:30:00,15.79,,United Kingdom,15.79,Sale
570212,23284,DOORMAT KEEP CALM AND COME IN,1,2011-10-09 11:29:00,8.25,17811.0,United Kingdom,8.25,Sale
537643,20828,GLITTER BUTTERFLY CLIPS,1,2010-12-07 15:34:00,5.06,,United Kingdom,5.06,Sale
537055,82494L,WOODEN FRAME ANTIQUE WHITE ,6,2010-12-05 11:45:00,2.95,16814.0,United Kingdom,17.700000000000003,Sale
555406,22297,HEART IVORY TRELLIS SMALL,2,2011-06-02 19:50:00,1.25,17231.0,United Kingdom,2.5,Sale
539434,22190,LOCAL CAFE MUG,2,2010-12-17 14:41:00,2.51,,United Kingdom,5.02,Sale
579777,23367,SET 12 COLOUR PENCILS SPACEBOY ,2,2011-11-30 15:13:00,1.25,,United Kingdom,2.5,Sale
568917,22867,HAND WARMER BIRD DESIGN,12,2011-09-29 14:11:00,2.1,15955.0,United Kingdom,25.200000000000003,Sale
556102,22569,FELTCRAFT CUSHION BUTTERFLY,8,2011-06-08 16:15:00,3.75,13115.0,United Kingdom,30.0,Sale
556727,22727,ALARM CLOCK BAKELIKE RED ,4,2011-06-14 11:33:00,3.75,17675.0,United Kingdom,15.0,Sale
580044,23470,CARD HOLDER LOVE BIRD LARGE ,2,2011-12-01 12:36:00,6.25,14869.0,United Kingdom,12.5,Sale
551279,22740,POLKADOT PEN,240,2011-04-27 13:19:00,0.72,16013.0,United Kingdom,172.79999999999998,Sale
540469,22750,FELTCRAFT PRINCESS LOLA DOLL,2,2011-01-07 14:04:00,3.75,12484.0,Spain,7.5,Sale
564838,22771,CLEAR DRAWER KNOB ACRYLIC EDWARDIAN,2,2011-08-30 12:43:00,2.46,,United Kingdom,4.92,Sale
555583,48187,DOORMAT NEW ENGLAND,2,2011-06-06 09:03:00,7.95,13534.0,United Kingdom,15.9,Sale
569246,22791,T-LIGHT GLASS FLUTED ANTIQUE,7,2011-10-03 09:57:00,2.46,14096.0,United Kingdom,17.22,Sale
568381,22340,NOEL GARLAND PAINTED ZINC ,24,2011-09-27 09:24:00,0.39,14321.0,United Kingdom,9.36,Sale
575941,85174,S/4 CACTI CANDLES,2,2011-11-13 11:39:00,4.95,16438.0,United Kingdom,9.9,Sale
572758,22227,HANGING HEART MIRROR DECORATION ,2,2011-10-25 18:39:00,1.25,,United Kingdom,2.5,Sale
543450,22135,MINI LADLE LOVE HEART PINK,2,2011-02-08 12:12:00,0.83,,United Kingdom,1.66,Sale
578067,47563A,RETRO LONGBOARD IRONING BOARD COVER,1,2011-11-22 15:43:00,3.29,,United Kingdom,3.29,Sale
572325,84347,ROTATING SILVER ANGELS T-LIGHT HLDR,600,2011-10-24 09:54:00,1.74,14607.0,United Kingdom,1044.0,Sale
578013,21329,DINOSAURS  WRITING SET ,2,2011-11-22 12:55:00,1.65,17360.0,United Kingdom,3.3,Sale
573379,23530,WALL ART ONLY ONE PERSON ,6,2011-10-30 14:03:00,4.95,15680.0,United Kingdom,29.700000000000003,Sale
546383,85206A,CREAM FELT EASTER EGG BASKET,6,2011-03-11 12:54:00,1.65,13654.0,United Kingdom,9.9,Sale
563848,23076,ICE CREAM SUNDAE LIP GLOSS,24,2011-08-19 14:57:00,1.25,14911.0,EIRE,30.0,Sale
538008,21843,RED RETROSPOT CAKE STAND,2,2010-12-09 12:17:00,10.95,12683.0,France,21.9,Sale
571188,82494L,WOODEN FRAME ANTIQUE WHITE ,6,2011-10-14 11:42:00,2.95,12783.0,Portugal,17.700000000000003,Sale
547971,84522,PINK PARTY SUNGLASSES,2,2011-03-28 16:37:00,1.95,17917.0,United Kingdom,3.9,Sale
578032,23312,VINTAGE CHRISTMAS GIFT SACK,4,2011-11-22 13:41:00,4.15,16633.0,United Kingdom,16.6,Sale
546569,22148,EASTER CRAFT 4 CHICKS ,12,2011-03-15 10:53:00,1.95,14016.0,EIRE,23.4,Sale
537081,22300,COFFEE MUG DOG + BALL DESIGN,18,2010-12-05 12:00:00,2.55,15332.0,Lithuania,45.9,Sale
546652,22844,VINTAGE CREAM DOG FOOD CONTAINER,1,2011-03-15 14:18:00,16.63,,United Kingdom,16.63,Sale
578074,84347,ROTATING SILVER ANGELS T-LIGHT HLDR,2,2011-11-22 16:06:00,2.55,17590.0,United Kingdom,5.1,Sale
562427,84984D,ORIENTAL RED CUSHION COVER ,3,2011-08-04 17:19:00,4.65,17267.0,United Kingdom,13.95,Sale
549372,20717,STRAWBERRY SHOPPER BAG,2,2011-04-08 11:28:00,1.25,14958.0,United Kingdom,2.5,Sale
541827,84249A,"GREETING CARD,SQUARE, DOUGHNUTS",1,2011-01-21 17:05:00,0.83,,United Kingdom,0.83,Sale
545696,22804,CANDLEHOLDER PINK HANGING HEART,3,2011-03-06 14:21:00,2.95,15696.0,United Kingdom,8.850000000000001,Sale
541280,21199,PINK  HEART CONFETTI IN TUBE,12,2011-01-17 11:57:00,1.65,15296.0,United Kingdom,19.8,Sale
570693,23461,SWEETHEART BIRD HOUSE,2,2011-10-11 16:50:00,4.15,16161.0,United Kingdom,8.3,Sale
555149,22686,FRENCH BLUE METAL DOOR SIGN No,1,2011-05-31 15:49:00,2.46,,United Kingdom,2.46,Sale
579012,72799C,PINK PILLAR CANDLE SILVER FLOCK,1,2011-11-28 09:43:00,2.95,15511.0,United Kingdom,2.95,Sale
574683,21576,LETS GO SHOPPING COTTON TOTE BAG,2,2011-11-06 12:50:00,2.25,16372.0,United Kingdom,4.5,Sale
540647,84832,ZINC WILLIE WINKIE  CANDLE STICK,4,2011-01-10 14:57:00,0.85,17406.0,United Kingdom,3.4,Sale
541669,22804,CANDLEHOLDER PINK HANGING HEART,3,2011-01-20 12:29:00,2.95,17315.0,United Kingdom,8.850000000000001,Sale
568949,23419,HOME SWEET HOME BOTTLE ,1,2011-09-29 15:13:00,4.13,,United Kingdom,4.13,Sale
571293,20914,SET/5 RED RETROSPOT LID GLASS BOWLS,1,2011-10-16 15:56:00,2.95,13956.0,United Kingdom,2.95,Sale
546027,22661,CHARLOTTE BAG DOLLY GIRL DESIGN,10,2011-03-09 08:09:00,0.85,12759.0,Netherlands,8.5,Sale
549568,21937,STRAWBERRY   PICNIC BAG,6,2011-04-10 15:09:00,2.95,15665.0,United Kingdom,17.700000000000003,Sale
576629,23155,KNICKERBOCKERGLORY MAGNET ASSORTED ,24,2011-11-16 08:37:00,0.83,12621.0,Germany,19.92,Sale
571562,23157,SET OF 6 NATIVITY MAGNETS ,24,2011-10-18 10:04:00,2.08,14156.0,EIRE,49.92,Sale
569920,20914,SET/5 RED RETROSPOT LID GLASS BOWLS,6,2011-10-06 17:28:00,2.95,13348.0,United Kingdom,17.700000000000003,Sale
576617,23287,RED VINTAGE SPOT BEAKER,2,2011-11-15 16:57:00,1.63,,United Kingdom,3.26,Sale
554497,84380,SET OF 3 BUTTERFLY COOKIE CUTTERS,12,2011-05-24 14:38:00,1.25,15819.0,United Kingdom,15.0,Sale
578844,22784,LANTERN CREAM GAZEBO ,2,2011-11-25 16:14:00,10.79,,United Kingdom,21.58,Sale
562586,22130,PARTY CONE CHRISTMAS DECORATION ,144,2011-08-07 14:33:00,0.72,16066.0,United Kingdom,103.68,Sale
572058,22866,HAND WARMER SCOTTY DOG DESIGN,2,2011-10-20 12:43:00,2.1,18252.0,United Kingdom,4.2,Sale
547372,21715,GIRLS VINTAGE TIN SEASIDE BUCKET,2,2011-03-22 13:46:00,2.55,16374.0,United Kingdom,5.1,Sale
575177,82616C,MIDNIGHT GLAMOUR SCARF KNITTING KIT,2,2011-11-08 18:41:00,2.46,,United Kingdom,4.92,Sale
555947,47021G,SET/6 BEAD COASTERS GAUZE BAG GOLD,34,2011-06-08 10:45:00,0.39,14911.0,EIRE,13.26,Sale
538652,20826,SILVER APERITIF GLASS,6,2010-12-13 15:12:00,2.12,17890.0,United Kingdom,12.72,Sale
565150,22963,JAM JAR WITH GREEN LID,12,2011-09-01 14:26:00,0.72,14298.0,United Kingdom,8.64,Sale
547383,22386,JUMBO BAG PINK POLKADOT,10,2011-03-22 15:42:00,1.95,12613.0,Germany,19.5,Sale
568340,84879,ASSORTED COLOUR BIRD ORNAMENT,16,2011-09-26 14:54:00,1.69,13866.0,United Kingdom,27.04,Sale
537691,22791,T-LIGHT GLASS FLUTED ANTIQUE,12,2010-12-08 10:39:00,1.25,13842.0,United Kingdom,15.0,Sale
543255,21165,BEWARE OF THE CAT METAL SIGN ,12,2011-02-04 15:43:00,1.69,13050.0,United Kingdom,20.28,Sale
575989,23360,SET 8 CANDLES VINTAGE DOILY,6,2011-11-13 14:20:00,1.95,14698.0,United Kingdom,11.7,Sale
580720,22495,SET OF 2 ROUND TINS CAMEMBERT ,3,2011-12-05 16:55:00,0.79,14629.0,United Kingdom,2.37,Sale
560120,22352,LUNCH BOX WITH CUTLERY RETROSPOT ,6,2011-07-15 10:27:00,2.55,14907.0,United Kingdom,15.3,Sale
567818,85208,SET/12 FUNKY FELT FLOWER PEG IN BAG,3,2011-09-22 12:41:00,2.1,14395.0,United Kingdom,6.300000000000001,Sale
576412,21289,LARGE STRIPES CHOCOLATE GIFT BAG,16,2011-11-15 11:21:00,1.25,13455.0,United Kingdom,20.0,Sale
569412,23343,JUMBO BAG VINTAGE CHRISTMAS ,10,2011-10-04 09:51:00,2.08,13650.0,United Kingdom,20.8,Sale
542393,85038,6 CHOCOLATE LOVE HEART T-LIGHTS,2,2011-01-27 15:02:00,2.1,18125.0,United Kingdom,4.2,Sale
553549,22088,PAPER BUNTING COLOURED LACE,2,2011-05-17 16:09:00,5.79,,United Kingdom,11.58,Sale
558100,23106,ZINC HEARTS PLANT POT HOLDER,8,2011-06-26 13:46:00,2.89,17768.0,United Kingdom,23.12,Sale
541789,22786,CUSHION COVER PINK UNION JACK,10,2011-01-21 13:07:00,4.95,14088.0,United Kingdom,49.5,Sale
541684,21355,TOAST ITS - I LOVE YOU ,14,2011-01-20 15:22:00,1.25,15498.0,United Kingdom,17.5,Sale
550057,21205,MULTICOLOUR 3D BALLS GARLAND,1,2011-04-14 12:01:00,2.55,14606.0,United Kingdom,2.55,Sale
548808,72807A,SET/3 ROSE CANDLE IN JEWELLED BOX,4,2011-04-04 12:55:00,4.25,17774.0,United Kingdom,17.0,Sale
571502,84978,HANGING HEART JAR T-LIGHT HOLDER,12,2011-10-17 15:18:00,1.25,14422.0,United Kingdom,15.0,Sale
575875,23188,VINTAGE  2 METRE FOLDING RULER,1,2011-11-11 13:06:00,3.29,,United Kingdom,3.29,Sale
564843,21508,VINTAGE KID DOLLY CARD ,12,2011-08-30 14:09:00,0.42,15866.0,United Kingdom,5.04,Sale
539451,20934,SET/3 POT PLANT CANDLES,1,2010-12-17 16:59:00,11.02,,United Kingdom,11.02,Sale
580193,23344,JUMBO BAG 50'S CHRISTMAS ,1,2011-12-02 12:03:00,2.08,16899.0,United Kingdom,2.08,Sale
542353,22897,OVEN MITT APPLES DESIGN,10,2011-01-27 12:19:00,1.45,16700.0,United Kingdom,14.5,Sale
560555,84818,DANISH ROSE PHOTO FRAME,2,2011-07-19 13:01:00,0.79,14178.0,United Kingdom,1.58,Sale
576339,22024,RAINY LADIES BIRTHDAY CARD,7,2011-11-14 15:27:00,0.83,14096.0,United Kingdom,5.81,Sale
545897,84692,BOX OF 24 COCKTAIL PARASOLS,3,2011-03-07 17:22:00,0.83,,United Kingdom,2.49,Sale
538511,84520B,PACK 20 ENGLISH ROSE PAPER NAPKINS,5,2010-12-12 13:56:00,0.85,13959.0,United Kingdom,4.25,Sale
563620,84987,SET OF 36 TEATIME PAPER DOILIES,12,2011-08-18 10:06:00,1.45,13014.0,United Kingdom,17.4,Sale
542541,22149,FELTCRAFT 6 FLOWER FRIENDS,1,2011-01-28 14:25:00,4.13,,United Kingdom,4.13,Sale
548511,22629,SPACEBOY LUNCH BOX ,2,2011-03-31 15:43:00,1.95,14056.0,United Kingdom,3.9,Sale
546908,84406B,CREAM CUPID HEARTS COAT HANGER,8,2011-03-17 18:59:00,4.15,15648.0,United Kingdom,33.2,Sale
545592,22980,PANTRY SCRUBBING BRUSH,12,2011-03-04 10:30:00,1.65,17581.0,United Kingdom,19.8,Sale
578155,23332,IVORY WICKER HEART LARGE,2,2011-11-23 11:32:00,1.65,12748.0,United Kingdom,3.3,Sale
572651,22942,CHRISTMAS LIGHTS 10 SANTAS ,4,2011-10-25 12:06:00,8.5,17350.0,United Kingdom,34.0,Sale
571905,22767,TRIPLE PHOTO FRAME CORNICE ,4,2011-10-19 14:51:00,9.95,12370.0,Cyprus,39.8,Sale
569202,22129,PARTY CONES CANDY DECORATION,1,2011-09-30 17:22:00,2.46,,United Kingdom,2.46,Sale
566270,85078,SCANDINAVIAN 3 HEARTS NAPKIN RING,24,2011-09-11 13:40:00,0.19,16523.0,United Kingdom,4.5600000000000005,Sale
556083,22379,RECYCLING BAG RETROSPOT ,1,2011-06-08 15:23:00,4.96,,United Kingdom,4.96,Sale
551163,22403,MAGNETS PACK OF 4 VINTAGE LABELS ,1,2011-04-26 15:52:00,1.25,12573.0,France,1.25,Sale
565320,21218,RED SPOTTY BISCUIT TIN,24,2011-09-02 13:10:00,3.25,16745.0,United Kingdom,78.0,Sale
567882,22970,LONDON BUS COFFEE MUG,36,2011-09-22 15:03:00,2.1,12906.0,United Kingdom,75.60000000000001,Sale
577022,22739,RIBBON REEL CHRISTMAS SOCK BAUBLE,5,2011-11-17 12:42:00,1.65,13668.0,United Kingdom,8.25,Sale
539453,90042C,FRESHWATER PEARL BRACELET IVORY,1,2010-12-17 17:08:00,2.54,,United Kingdom,2.54,Sale
568132,21914,BLUE HARMONICA IN BOX ,1,2011-09-23 16:22:00,1.25,15549.0,United Kingdom,1.25,Sale
564631,21985,PACK OF 12 HEARTS DESIGN TISSUES ,24,2011-08-26 11:54:00,0.29,17451.0,United Kingdom,6.959999999999999,Sale
536988,21918,SET 12 KIDS COLOUR  CHALK STICKS,1,2010-12-03 15:05:00,0.42,17238.0,United Kingdom,0.42,Sale
573576,21936,RED RETROSPOT PICNIC BAG,3,2011-10-31 14:09:00,5.79,14096.0,United Kingdom,17.37,Sale
574741,22496,SET OF 2 ROUND TINS DUTCH CHEESE,1,2011-11-06 16:13:00,2.95,15993.0,United Kingdom,2.95,Sale
549584,22487,WHITE WOOD GARDEN PLANT LADDER,3,2011-04-11 09:47:00,9.95,17574.0,United Kingdom,29.85,Sale
544903,22365,DOORMAT RESPECTABLE HOUSE,2,2011-02-24 13:43:00,7.95,18065.0,United Kingdom,15.9,Sale
541972,37446,MINI CAKE STAND WITH HANGING CAKES,8,2011-01-24 13:58:00,1.45,12935.0,United Kingdom,11.6,Sale
574055,82482,WOODEN PICTURE FRAME WHITE FINISH,36,2011-11-02 14:08:00,2.55,16525.0,United Kingdom,91.8,Sale
538877,84029G,KNITTED UNION FLAG HOT WATER BOTTLE,58,2010-12-14 15:29:00,8.47,,United Kingdom,491.2600000000001,Sale
541422,84661C,PINK SQUARE TABLE CLOCK,1,2011-01-17 17:48:00,2.46,,United Kingdom,2.46,Sale
573347,22594,CHRISTMAS GINGHAM TREE,5,2011-10-30 12:26:00,0.85,13137.0,United Kingdom,4.25,Sale
578155,23426,METAL SIGN DROP YOUR PANTS,1,2011-11-23 11:32:00,2.89,12748.0,United Kingdom,2.89,Sale
568013,22491,PACK OF 12 COLOURED PENCILS,12,2011-09-23 11:39:00,0.85,17480.0,United Kingdom,10.2,Sale
549238,22858,EASTER TIN KEEPSAKE,6,2011-04-07 11:30:00,1.65,14667.0,United Kingdom,9.9,Sale
574965,22551,PLASTERS IN TIN SPACEBOY,1,2011-11-08 10:44:00,1.65,17964.0,United Kingdom,1.65,Sale
562732,21114,LAVENDER SCENTED FABRIC HEART,10,2011-08-09 10:19:00,1.25,18248.0,United Kingdom,12.5,Sale
578541,37413,ICON MUG REVOLUTIONARY,6,2011-11-24 15:01:00,0.39,14277.0,France,2.34,Sale
554494,21558,SKULL LUNCH BOX WITH CUTLERY ,3,2011-05-24 14:00:00,2.55,16327.0,United Kingdom,7.649999999999999,Sale
559916,21417,COCKLE SHELL DISH,6,2011-07-13 15:18:00,2.1,14201.0,United Kingdom,12.6,Sale
559544,21991,BOHEMIAN COLLAGE STATIONERY SET,1,2011-07-10 13:52:00,1.25,17126.0,United Kingdom,1.25,Sale
544701,22665,RECIPE BOX BLUE SKETCHBOOK DESIGN,6,2011-02-23 10:27:00,2.95,17428.0,United Kingdom,17.700000000000003,Sale
541985,84078A,SET/4 WHITE RETRO STORAGE CUBES ,2,2011-01-24 15:52:00,39.95,15052.0,United Kingdom,79.9,Sale
560281,85163B,BLACK BAROQUE WALL CLOCK ,1,2011-07-17 15:59:00,12.75,17984.0,United Kingdom,12.75,Sale
552727,85099F,JUMBO BAG STRAWBERRY,10,2011-05-11 10:32:00,1.95,14920.0,United Kingdom,19.5,Sale
563100,21249,WOODLAND  HEIGHT CHART STICKERS ,6,2011-08-12 09:57:00,2.95,12381.0,Norway,17.700000000000003,Sale
549258,22996,TRAVEL CARD WALLET VINTAGE TICKET,24,2011-04-07 12:30:00,0.42,13102.0,United Kingdom,10.08,Sale
569695,21508,VINTAGE KID DOLLY CARD ,24,2011-10-05 15:35:00,0.42,16843.0,United Kingdom,10.08,Sale
568729,22984,CARD GINGHAM ROSE ,216,2011-09-28 16:45:00,0.36,16909.0,United Kingdom,77.75999999999999,Sale
562540,23255,CHILDRENS CUTLERY CIRCUS PARADE,1,2011-08-05 15:38:00,4.15,17400.0,United Kingdom,4.15,Sale
565927,22464,HANGING METAL HEART LANTERN,12,2011-09-08 10:08:00,1.65,,EIRE,19.8,Sale
572865,23149,ANTIQUE IVORY WIRE BOWL SMALL,1,2011-10-26 13:01:00,2.49,17841.0,United Kingdom,2.49,Sale
552042,21218,RED SPOTTY BISCUIT TIN,6,2011-05-06 09:00:00,3.75,13952.0,United Kingdom,22.5,Sale
564187,23346,SPACEBOY BEAKER,2,2011-08-23 15:24:00,1.25,15005.0,United Kingdom,2.5,Sale
568346,85131B,BEADED CRYSTAL HEART GREEN ON STICK,15,2011-09-26 15:28:00,0.83,14096.0,United Kingdom,12.45,Sale
571716,84029G,KNITTED UNION FLAG HOT WATER BOTTLE,1,2011-10-18 17:05:00,8.29,,United Kingdom,8.29,Sale
580723,21874,GIN AND TONIC MUG,6,2011-12-05 17:09:00,1.65,15856.0,United Kingdom,9.9,Sale
577768,21902,"KEY FOB , FRONT  DOOR ",1,2011-11-21 15:18:00,1.63,,United Kingdom,1.63,Sale
576857,22095,LADS ONLY TISSUE BOX,1,2011-11-16 15:52:00,0.39,12748.0,United Kingdom,0.39,Sale
576857,23192,BUNDLE OF 3 ALPHABET EXERCISE BOOKS,1,2011-11-16 15:52:00,1.65,12748.0,United Kingdom,1.65,Sale
571713,21833,CAMOUFLAGE LED TORCH,2,2011-10-18 16:58:00,3.29,,United Kingdom,6.58,Sale
568701,22138,BAKING SET 9 PIECE RETROSPOT ,3,2011-09-28 15:07:00,4.95,13924.0,United Kingdom,14.85,Sale
552325,23204,CHARLOTTE BAG APPLES DESIGN,20,2011-05-09 09:47:00,0.85,12490.0,France,17.0,Sale
539263,21527,RED RETROSPOT TRADITIONAL TEAPOT ,2,2010-12-16 14:36:00,7.95,16560.0,United Kingdom,15.9,Sale
536752,82486,WOOD S/3 CABINET ANT WHITE FINISH,4,2010-12-02 14:06:00,6.95,17850.0,United Kingdom,27.8,Sale
557311,21242,RED RETROSPOT PLATE ,12,2011-06-19 15:36:00,1.69,15700.0,United Kingdom,20.28,Sale
566985,22328,ROUND SNACK BOXES SET OF 4 FRUITS ,2,2011-09-16 10:42:00,4.13,,United Kingdom,8.26,Sale
571061,22386,JUMBO BAG PINK POLKADOT,3,2011-10-13 14:33:00,4.13,,United Kingdom,12.39,Sale
560772,22481,BLACK TEA TOWEL CLASSIC DESIGN,3,2011-07-20 16:12:00,0.83,,United Kingdom,2.49,Sale
571701,21668,RED STRIPE CERAMIC DRAWER KNOB,12,2011-10-18 15:05:00,1.45,14639.0,United Kingdom,17.4,Sale
561542,23191,BUNDLE OF 3 RETRO NOTE BOOKS,12,2011-07-28 10:09:00,1.65,15105.0,United Kingdom,19.8,Sale
573150,84375,SET OF 20 KIDS COOKIE CUTTERS,3,2011-10-27 20:07:00,2.1,15014.0,United Kingdom,6.300000000000001,Sale
538533,21704,BAG 250g SWIRLY MARBLES,1,2010-12-13 10:31:00,0.85,14796.0,United Kingdom,0.85,Sale
567613,22734,SET OF 6 RIBBONS VINTAGE CHRISTMAS,6,2011-09-21 11:49:00,2.89,13908.0,United Kingdom,17.34,Sale
565150,22698,PINK REGENCY TEACUP AND SAUCER,24,2011-09-01 14:26:00,2.55,14298.0,United Kingdom,61.2,Sale
540995,84968A,SET OF 16 VINTAGE ROSE CUTLERY,7,2011-01-13 09:30:00,8.29,,United Kingdom,58.03,Sale
576353,23505,PLAYING CARDS I LOVE LONDON ,6,2011-11-14 16:17:00,1.25,15050.0,United Kingdom,7.5,Sale
542216,22715,CARD WEDDING DAY,12,2011-01-26 12:29:00,0.42,14911.0,EIRE,5.04,Sale
540268,22318,FIVE HEART HANGING DECORATION,12,2011-01-06 11:25:00,2.95,13458.0,United Kingdom,35.400000000000006,Sale
562949,22189,CREAM HEART CARD HOLDER,4,2011-08-11 09:47:00,3.95,14346.0,United Kingdom,15.8,Sale
578826,84029G,KNITTED UNION FLAG HOT WATER BOTTLE,2,2011-11-25 14:24:00,4.25,17329.0,United Kingdom,8.5,Sale
551747,85039C,S/4 BLACK MINI ROSE CANDLE IN BOWL,96,2011-05-04 11:00:00,0.42,14298.0,United Kingdom,40.32,Sale
551718,22871,NUMBER TILE COTTAGE GARDEN 3 ,1,2011-05-03 16:06:00,4.13,,United Kingdom,4.13,Sale
553657,48185,DOORMAT FAIRY CAKE,1,2011-05-18 11:28:00,7.95,14583.0,United Kingdom,7.95,Sale
563078,23245,SET OF 3 REGENCY CAKE TINS,4,2011-08-11 16:30:00,4.95,15955.0,United Kingdom,19.8,Sale
542406,22631,CIRCUS PARADE LUNCH BOX ,1,2011-01-27 16:13:00,1.95,17757.0,United Kingdom,1.95,Sale
552542,21933,PINK VINTAGE PAISLEY PICNIC BAG,10,2011-05-10 10:20:00,1.65,16841.0,United Kingdom,16.5,Sale
574491,23367,SET 12 COLOUR PENCILS SPACEBOY ,16,2011-11-04 13:05:00,0.65,16318.0,United Kingdom,10.4,Sale
570275,23209,LUNCH BAG VINTAGE DOILY ,20,2011-10-10 10:57:00,1.65,13098.0,United Kingdom,33.0,Sale
575176,22759,SET OF 3 NOTEBOOKS IN PARCEL,5,2011-11-08 18:29:00,3.29,,United Kingdom,16.45,Sale
540468,84748,FOLK FELT HANGING MULTICOL GARLAND,7,2011-01-07 13:55:00,2.51,,United Kingdom,17.57,Sale
539988,22854,CREAM SWEETHEART EGG HOLDER,2,2010-12-23 16:06:00,4.95,18116.0,United Kingdom,9.9,Sale
569136,23242,TREASURE TIN BUFFALO BILL ,2,2011-09-30 14:41:00,2.08,15834.0,United Kingdom,4.16,Sale
550835,22424,ENAMEL BREAD BIN CREAM,1,2011-04-21 10:52:00,12.75,15034.0,United Kingdom,12.75,Sale
547837,82494L,WOODEN FRAME ANTIQUE WHITE ,6,2011-03-27 10:26:00,2.95,17243.0,United Kingdom,17.700000000000003,Sale
562096,22315,200 RED + WHITE BENDY STRAWS,1,2011-08-02 13:16:00,1.25,15311.0,United Kingdom,1.25,Sale
578941,23695,DOILY THANK YOU CARD,6,2011-11-27 13:26:00,0.42,16024.0,United Kingdom,2.52,Sale
556056,22420,LIPSTICK PEN BABY PINK,6,2011-06-08 13:35:00,0.42,17841.0,United Kingdom,2.52,Sale
550470,21917,SET 12 KIDS  WHITE CHALK STICKS,1,2011-04-18 13:49:00,0.83,,United Kingdom,0.83,Sale
541489,22983,CARD BILLBOARD FONT,12,2011-01-18 13:38:00,0.42,15023.0,United Kingdom,5.04,Sale
554489,22557,PLASTERS IN TIN VINTAGE PAISLEY ,12,2011-05-24 13:46:00,1.65,17272.0,United Kingdom,19.8,Sale
545719,22829,SWEETHEART WIRE WALL TIDY,2,2011-03-07 10:28:00,9.95,13344.0,United Kingdom,19.9,Sale
580816,84805B,BLUE CLIMBING HYDRANGA ART FLOWER,12,2011-12-06 11:28:00,1.25,15157.0,United Kingdom,15.0,Sale
539019,22178,VICTORIAN GLASS HANGING T-LIGHT,3,2010-12-15 14:12:00,1.25,17551.0,United Kingdom,3.75,Sale
539434,22759,SET OF 3 NOTEBOOKS IN PARCEL,3,2010-12-17 14:41:00,3.36,,United Kingdom,10.08,Sale
543096,22367,CHILDRENS APRON SPACEBOY DESIGN,1,2011-02-03 11:39:00,1.95,14044.0,United Kingdom,1.95,Sale
557231,21212,PACK OF 72 RETROSPOT CAKE CASES,19,2011-06-17 14:09:00,2.08,,United Kingdom,39.52,Sale
554816,22230,JIGSAW TREE WITH WATERING CAN,1,2011-05-26 14:01:00,0.85,17550.0,United Kingdom,0.85,Sale
538518,84030E,ENGLISH ROSE HOT WATER BOTTLE,2,2010-12-12 16:14:00,4.25,14505.0,United Kingdom,8.5,Sale
550458,22998,TRAVEL CARD WALLET KEEP CALM,1,2011-04-18 13:13:00,0.83,,United Kingdom,0.83,Sale
577523,23408,PHOTO FRAME LINEN AND LACE SMALL,6,2011-11-20 13:33:00,2.08,12597.0,Spain,12.48,Sale
547249,85066,CREAM SWEETHEART MINI CHEST,2,2011-03-22 09:27:00,24.96,,United Kingdom,49.92,Sale
543237,20676,RED RETROSPOT BOWL,3,2011-02-04 13:39:00,2.46,,United Kingdom,7.38,Sale
571508,48187,DOORMAT NEW ENGLAND,1,2011-10-17 15:27:00,15.79,,United Kingdom,15.79,Sale
578942,23541,WALL ART CLASSIC PUDDINGS ,1,2011-11-27 13:29:00,8.25,17288.0,United Kingdom,8.25,Sale
537212,21981,PACK OF 12 WOODLAND TISSUES ,24,2010-12-05 15:21:00,0.29,12720.0,Germany,6.959999999999999,Sale
540472,21700,BIG DOUGHNUT FRIDGE MAGNETS,12,2011-01-07 14:22:00,0.85,18179.0,United Kingdom,10.2,Sale
540529,22383,LUNCH BAG SUKI  DESIGN ,20,2011-01-09 13:50:00,1.65,16748.0,United Kingdom,33.0,Sale
565460,16259,PIECE OF CAMO STATIONERY SET,324,2011-09-05 09:24:00,0.08,16843.0,United Kingdom,25.92,Sale
581217,23504,PLAYING CARDS JUBILEE UNION JACK,1,2011-12-08 09:20:00,2.46,,United Kingdom,2.46,Sale
554694,22716,CARD CIRCUS PARADE,1,2011-05-25 17:06:00,0.83,,United Kingdom,0.83,Sale
571240,22386,JUMBO BAG PINK POLKADOT,10,2011-10-14 14:55:00,2.08,12562.0,France,20.8,Sale
571033,23154,SET OF 4 JAM JAR MAGNETS,12,2011-10-13 12:46:00,2.08,14251.0,United Kingdom,24.96,Sale
577023,23209,LUNCH BAG VINTAGE DOILY ,10,2011-11-17 12:43:00,1.65,16186.0,United Kingdom,16.5,Sale
579099,16046,TEATIME PEN CASE & PENS,1,2011-11-28 11:26:00,0.85,15714.0,United Kingdom,0.85,Sale
580610,21559,STRAWBERRY LUNCH BOX WITH CUTLERY,1,2011-12-05 11:48:00,4.96,,United Kingdom,4.96,Sale
575692,22595,GINGHAM HEART DECORATION,10,2011-11-10 16:27:00,0.85,12508.0,France,8.5,Sale
568868,22328,ROUND SNACK BOXES SET OF 4 FRUITS ,6,2011-09-29 12:00:00,2.95,12957.0,United Kingdom,17.700000000000003,Sale
540352,47593B,SCOTTIE DOGS BABY BIB,4,2011-01-06 14:27:00,0.85,,United Kingdom,3.4,Sale
568095,23353,6 GIFT TAGS VINTAGE CHRISTMAS ,12,2011-09-23 14:49:00,0.83,14911.0,EIRE,9.96,Sale
545691,22220,CAKE STAND LOVEBIRD 2 TIER WHITE,2,2011-03-06 12:52:00,9.95,14161.0,United Kingdom,19.9,Sale
548707,21905,MORE BUTTER METAL SIGN ,2,2011-04-03 12:08:00,2.1,13781.0,United Kingdom,4.2,Sale
536500,22113,GREY HEART HOT WATER BOTTLE,3,2010-12-01 12:35:00,3.75,17377.0,United Kingdom,11.25,Sale
572049,23227,FILIGREE HEART BUTTERFLY WHITE ,24,2011-10-20 12:21:00,1.25,17243.0,United Kingdom,30.0,Sale
541121,22645,CERAMIC HEART FAIRY CAKE MONEY BANK,12,2011-01-14 09:20:00,1.45,12672.0,France,17.4,Sale
540832,22557,PLASTERS IN TIN VINTAGE PAISLEY ,2,2011-01-11 14:42:00,3.29,,United Kingdom,6.58,Sale
543815,82581,TOILET METAL SIGN,2,2011-02-13 15:18:00,0.55,17255.0,United Kingdom,1.1,Sale
574890,22193,RED DINER WALL CLOCK,2,2011-11-07 14:23:00,8.5,18229.0,United Kingdom,17.0,Sale
571046,22736,RIBBON REEL MAKING SNOWMEN ,1,2011-10-13 13:35:00,1.65,18096.0,United Kingdom,1.65,Sale
570688,22457,NATURAL SLATE HEART CHALKBOARD ,3,2011-10-11 16:29:00,2.95,,United Kingdom,8.850000000000001,Sale
549951,47599A,PINK PARTY BAGS,6,2011-04-13 12:57:00,2.1,13134.0,United Kingdom,12.6,Sale
575914,23321,SMALL WHITE HEART OF WICKER,40,2011-11-11 16:31:00,1.45,17071.0,United Kingdom,58.0,Sale
572677,20973,12 PENCIL SMALL TUBE WOODLAND,2,2011-10-25 13:46:00,0.65,17596.0,United Kingdom,1.3,Sale
567917,35471D,SET OF 3 BIRD LIGHT PINK FEATHER ,24,2011-09-22 17:19:00,0.39,14298.0,United Kingdom,9.36,Sale
564648,84987,SET OF 36 TEATIME PAPER DOILIES,12,2011-08-26 14:04:00,1.45,15641.0,United Kingdom,17.4,Sale
571671,21818,GLITTER HEART DECORATION,72,2011-10-18 13:15:00,0.39,16940.0,United Kingdom,28.08,Sale
536522,21121,SET/10 RED POLKADOT PARTY CANDLES,1,2010-12-01 12:49:00,1.25,15012.0,United Kingdom,1.25,Sale
549301,84879,ASSORTED COLOUR BIRD ORNAMENT,16,2011-04-08 08:24:00,1.69,16643.0,United Kingdom,27.04,Sale
560434,22199,FRYING PAN RED RETROSPOT,1,2011-07-18 15:56:00,4.13,,United Kingdom,4.13,Sale
576064,20724,RED RETROSPOT CHARLOTTE BAG,5,2011-11-13 15:37:00,0.85,12508.0,France,4.25,Sale
568567,21111,"SWISS ROLL TOWEL, CHOCOLATE  SPOTS",1,2011-09-27 18:41:00,5.79,,United Kingdom,5.79,Sale
537781,22074,6 RIBBONS SHIMMERING PINKS ,1,2010-12-08 12:46:00,1.65,17341.0,United Kingdom,1.65,Sale
549749,85099C,JUMBO  BAG BAROQUE BLACK WHITE,10,2011-04-12 10:45:00,2.08,12928.0,United Kingdom,20.8,Sale
569544,21809,CHRISTMAS HANGING TREE WITH BELL,3,2011-10-04 16:33:00,0.83,,United Kingdom,2.49,Sale
564756,21773,DECORATIVE ROSE BATHROOM BOTTLE,1,2011-08-30 10:33:00,2.46,,United Kingdom,2.46,Sale
581217,35961,FOLKART ZINC HEART CHRISTMAS DEC,3,2011-12-08 09:20:00,1.63,,United Kingdom,4.89,Sale
553509,22493,PAINT YOUR OWN CANVAS SET,3,2011-05-17 13:44:00,1.65,17220.0,United Kingdom,4.949999999999999,Sale
559693,20725,LUNCH BAG RED RETROSPOT,1,2011-07-11 16:21:00,4.13,,United Kingdom,4.13,Sale
563928,22386,JUMBO BAG PINK POLKADOT,3,2011-08-21 15:17:00,2.08,17059.0,United Kingdom,6.24,Sale
581400,22619,SET OF 6 SOLDIER SKITTLES,6,2011-12-08 13:36:00,3.75,14056.0,United Kingdom,22.5,Sale
545150,22558,CLOTHES PEGS RETROSPOT PACK 24 ,12,2011-02-28 12:27:00,1.49,14227.0,United Kingdom,17.88,Sale
546896,21790,VINTAGE SNAP CARDS,1,2011-03-17 18:24:00,1.63,,United Kingdom,1.63,Sale
574346,22109,FULL ENGLISH BREAKFAST PLATE,16,2011-11-04 10:23:00,3.39,17930.0,United Kingdom,54.24,Sale
546896,21976,PACK OF 60 MUSHROOM CAKE CASES,1,2011-03-17 18:24:00,1.25,,United Kingdom,1.25,Sale
560433,85132C,CHARLIE AND LOLA FIGURES TINS,2,2011-07-18 15:49:00,5.79,,United Kingdom,11.58,Sale
542836,20832,RED FLOCK LOVE HEART PHOTO FRAME,1,2011-02-01 11:31:00,0.85,16745.0,United Kingdom,0.85,Sale
558099,90129C,GREEN GLASS TASSLE BAG CHARM,3,2011-06-26 13:45:00,2.95,17593.0,United Kingdom,8.850000000000001,Sale
564727,22139,RETROSPOT TEA SET CERAMIC 11 PC ,2,2011-08-28 12:31:00,4.95,16686.0,United Kingdom,9.9,Sale
547964,21880,RED RETROSPOT TAPE,6,2011-03-28 15:45:00,0.42,,United Kingdom,2.52,Sale
558096,21992,VINTAGE PAISLEY STATIONERY SET,1,2011-06-26 13:24:00,1.25,15532.0,United Kingdom,1.25,Sale
536404,22964,3 PIECE SPACEBOY COOKIE CUTTER SET,12,2010-12-01 11:29:00,2.1,16218.0,United Kingdom,25.200000000000003,Sale
536415,22909,SET OF 20 VINTAGE CHRISTMAS NAPKINS,5,2010-12-01 11:57:00,0.85,12838.0,United Kingdom,4.25,Sale
538153,21895,POTTING SHED SOW 'N' GROW SET,1,2010-12-09 16:31:00,8.47,,United Kingdom,8.47,Sale
549302,22138,BAKING SET 9 PIECE RETROSPOT ,3,2011-04-08 08:25:00,4.95,14246.0,United Kingdom,14.85,Sale
546008,21326,AGED GLASS SILVER T-LIGHT HOLDER,1,2011-03-08 15:43:00,1.63,,United Kingdom,1.63,Sale
579634,21210,SET OF 72 RETROSPOT PAPER  DOILIES,12,2011-11-30 12:18:00,1.45,12598.0,France,17.4,Sale
539044,22111,SCOTTIE DOG HOT WATER BOTTLE,2,2010-12-15 15:47:00,4.95,15727.0,United Kingdom,9.9,Sale
543122,21929,JUMBO BAG PINK VINTAGE PAISLEY,20,2011-02-03 14:01:00,1.95,13819.0,United Kingdom,39.0,Sale
554645,21564,PINK  HEART SHAPE LOVE BUCKET ,5,2011-05-25 12:34:00,2.95,17770.0,United Kingdom,14.75,Sale
539084,22561,WOODEN SCHOOL COLOURING SET,12,2010-12-16 09:31:00,1.65,13890.0,United Kingdom,19.8,Sale
558718,22089,PAPER BUNTING VINTAGE PAISLEY,6,2011-07-01 13:31:00,2.95,16589.0,United Kingdom,17.700000000000003,Sale
567656,21385,IVORY HANGING DECORATION  HEART,2,2011-09-21 14:40:00,1.63,14096.0,United Kingdom,3.26,Sale
578856,22730,ALARM CLOCK BAKELIKE IVORY,4,2011-11-27 11:18:00,3.75,17769.0,United Kingdom,15.0,Sale
552643,20886,BOX OF 9 PEBBLE CANDLES,3,2011-05-10 13:24:00,1.95,16791.0,United Kingdom,5.85,Sale
568719,22993,SET OF 4 PANTRY JELLY MOULDS,2,2011-09-28 16:19:00,2.46,,United Kingdom,4.92,Sale
538883,22309,TEA COSY RED  STRIPE,2,2010-12-14 15:56:00,5.06,,United Kingdom,10.12,Sale
564060,22456,NATURAL SLATE CHALKBOARD LARGE ,2,2011-08-22 14:37:00,4.95,17073.0,United Kingdom,9.9,Sale
573300,21876,POTTERING MUG,1,2011-10-28 16:10:00,1.65,16049.0,United Kingdom,1.65,Sale
569943,22966,GINGERBREAD MAN COOKIE CUTTER,1,2011-10-06 18:08:00,1.25,14592.0,United Kingdom,1.25,Sale
566913,84692,BOX OF 24 COCKTAIL PARASOLS,25,2011-09-15 14:07:00,0.42,17602.0,United Kingdom,10.5,Sale
537823,20616,CHERRY BLOSSOM PASSPORT COVER,1,2010-12-08 14:25:00,4.21,,United Kingdom,4.21,Sale
573665,35970,ZINC FOLKART SLEIGH BELLS,12,2011-10-31 16:24:00,1.69,13982.0,United Kingdom,20.28,Sale
579132,21034,REX CASH+CARRY JUMBO SHOPPER,2,2011-11-28 12:35:00,0.95,15022.0,United Kingdom,1.9,Sale
543527,84997B,RED 3 PIECE RETROSPOT CUTLERY SET,12,2011-02-09 12:08:00,4.15,15970.0,United Kingdom,49.8,Sale
555275,21992,VINTAGE PAISLEY STATIONERY SET,1,2011-06-01 17:18:00,2.46,,United Kingdom,2.46,Sale
578149,23048,SET OF 10 LANTERNS FAIRY LIGHT STAR,1,2011-11-23 11:11:00,8.29,,United Kingdom,8.29,Sale
551953,22908,PACK OF 20 NAPKINS RED APPLES,12,2011-05-05 11:53:00,0.85,13448.0,United Kingdom,10.2,Sale
571465,15036,ASSORTED COLOURS SILK FAN,12,2011-10-17 14:29:00,0.83,14830.0,United Kingdom,9.96,Sale
568698,22791,T-LIGHT GLASS FLUTED ANTIQUE,24,2011-09-28 14:57:00,1.25,14911.0,EIRE,30.0,Sale
556082,22507,MEMO BOARD RETROSPOT  DESIGN,1,2011-06-08 15:22:00,10.79,,United Kingdom,10.79,Sale
545027,22088,PAPER BUNTING COLOURED LACE,4,2011-02-25 14:59:00,4.13,,United Kingdom,16.52,Sale
539736,22309,TEA COSY RED  STRIPE,1,2010-12-21 15:18:00,5.06,,United Kingdom,5.06,Sale
558621,22029,SPACEBOY BIRTHDAY CARD,24,2011-06-30 16:43:00,0.42,13745.0,United Kingdom,10.08,Sale
550272,22710,WRAP I LOVE LONDON ,200,2011-04-15 12:14:00,0.34,18079.0,United Kingdom,68.0,Sale
566408,47566,PARTY BUNTING,2,2011-09-12 13:43:00,4.95,16984.0,United Kingdom,9.9,Sale
571289,21931,JUMBO STORAGE BAG SUKI,2,2011-10-16 15:27:00,2.08,15113.0,United Kingdom,4.16,Sale
576213,22578,WOODEN STAR CHRISTMAS SCANDINAVIAN,15,2011-11-14 12:47:00,0.29,18117.0,United Kingdom,4.35,Sale
539737,22314,OFFICE MUG WARMER CHOC+BLUE,1,2010-12-21 15:19:00,8.47,,United Kingdom,8.47,Sale
572296,23301,GARDENERS KNEELING PAD KEEP CALM ,1,2011-10-23 14:28:00,1.65,13598.0,United Kingdom,1.65,Sale
552508,22356,CHARLOTTE BAG PINK POLKADOT,2,2011-05-09 16:27:00,1.63,,United Kingdom,3.26,Sale
558777,15056N,EDWARDIAN PARASOL NATURAL,1,2011-07-04 10:23:00,12.46,,United Kingdom,12.46,Sale
555470,22383,LUNCH BAG SUKI DESIGN ,10,2011-06-03 11:33:00,1.65,12455.0,Spain,16.5,Sale
551824,22740,POLKADOT PEN,48,2011-05-04 12:32:00,0.85,15128.0,United Kingdom,40.8,Sale
562374,22950,36 DOILIES VINTAGE CHRISTMAS,288,2011-08-04 14:40:00,1.25,14911.0,EIRE,360.0,Sale
567822,23350,ROLL WRAP VINTAGE SPOT ,12,2011-09-22 12:54:00,1.25,17644.0,United Kingdom,15.0,Sale
567094,20727,LUNCH BAG  BLACK SKULL.,4,2011-09-16 12:54:00,1.65,16924.0,United Kingdom,6.6,Sale
559508,22907,PACK OF 20 NAPKINS PANTRY DESIGN,1,2011-07-08 15:23:00,0.85,12748.0,United Kingdom,0.85,Sale
577507,23328,SET 6 SCHOOL MILK BOTTLES IN CRATE,2,2011-11-20 12:42:00,3.75,14710.0,United Kingdom,7.5,Sale
552514,22357,KINGS CHOICE BISCUIT TIN,1,2011-05-09 16:30:00,8.29,,United Kingdom,8.29,Sale
575875,22600,CHRISTMAS RETROSPOT STAR WOOD,1,2011-11-11 13:06:00,1.63,,United Kingdom,1.63,Sale
576329,23184,BULL DOG BOTTLE OPENER,2,2011-11-14 15:22:00,10.79,,United Kingdom,21.58,Sale
547548,22666,RECIPE BOX PANTRY YELLOW DESIGN,2,2011-03-23 15:37:00,2.95,15644.0,United Kingdom,5.9,Sale
546866,47013A,WINE BOTTLE DRESSING LT.BLUE,6,2011-03-17 15:47:00,0.29,14462.0,United Kingdom,1.7399999999999998,Sale
579711,22597,MUSICAL ZINC HEART DECORATION ,2,2011-11-30 14:17:00,0.29,15060.0,United Kingdom,0.58,Sale
578949,22686,FRENCH BLUE METAL DOOR SIGN No,1,2011-11-27 14:30:00,1.25,14954.0,United Kingdom,1.25,Sale
571270,21733,RED HANGING HEART T-LIGHT HOLDER,3,2011-10-16 12:09:00,2.95,12940.0,United Kingdom,8.850000000000001,Sale
575884,22594,CHRISTMAS GINGHAM TREE,12,2011-11-11 13:46:00,0.85,12685.0,France,10.2,Sale
544322,21326,AGED GLASS SILVER T-LIGHT HOLDER,96,2011-02-17 15:50:00,0.65,14211.0,United Kingdom,62.400000000000006,Sale
551468,21195,PINK  HONEYCOMB PAPER BALL ,4,2011-04-28 16:21:00,4.13,,United Kingdom,16.52,Sale
577700,84879,ASSORTED COLOUR BIRD ORNAMENT,3,2011-11-21 12:06:00,1.69,14449.0,United Kingdom,5.07,Sale
553382,23087,ZINC  HEART T-LIGHT HOLDER,16,2011-05-16 15:47:00,1.25,14217.0,United Kingdom,20.0,Sale
575516,22800,ANTIQUE TALL SWIRLGLASS TRINKET POT,8,2011-11-10 10:45:00,3.75,17340.0,United Kingdom,30.0,Sale
574336,23289,DOLLY GIRL CHILDRENS BOWL,16,2011-11-04 09:52:00,1.25,12397.0,Belgium,20.0,Sale
542345,21199,PINK  HEART CONFETTI IN TUBE,2,2011-01-27 11:55:00,1.65,15910.0,United Kingdom,3.3,Sale
544922,22111,SCOTTIE DOG HOT WATER BOTTLE,3,2011-02-24 16:46:00,4.95,15847.0,United Kingdom,14.85,Sale
547386,22841,ROUND CAKE TIN VINTAGE GREEN,1,2011-03-22 15:52:00,15.79,,United Kingdom,15.79,Sale
540977,84951A,SET OF 4 PISTACHIO LOVEBIRD COASTER,1,2011-01-12 15:01:00,1.66,,United Kingdom,1.66,Sale
580983,84032A,CHARLIE+LOLA PINK HOT WATER BOTTLE,1,2011-12-06 16:26:00,3.29,,United Kingdom,3.29,Sale
572513,23112,PARISIENNE CURIO CABINET,2,2011-10-24 14:36:00,7.5,16728.0,United Kingdom,15.0,Sale
546785,23194,GYMKHANA TREASURE BOOK BOX,8,2011-03-17 09:56:00,2.25,15189.0,United Kingdom,18.0,Sale
549825,21791,VINTAGE HEADS AND TAILS CARD GAME ,12,2011-04-12 12:47:00,1.25,12463.0,Belgium,15.0,Sale
571845,21147,JINGLE BELLS TREE DECORATION,6,2011-10-19 12:34:00,2.1,16869.0,United Kingdom,12.6,Sale
550607,22649,STRAWBERRY FAIRY CAKE TEAPOT,2,2011-04-19 12:17:00,4.95,16919.0,United Kingdom,9.9,Sale
577742,47504H,ENGLISH ROSE SPIRIT LEVEL ,4,2011-11-21 13:41:00,0.79,13755.0,United Kingdom,3.16,Sale
570488,85049H,URBAN BLACK RIBBONS ,3,2011-10-10 17:12:00,0.83,14096.0,United Kingdom,2.49,Sale
540908,82001S,VINYL RECORD FRAME SILVER,48,2011-01-12 11:53:00,3.39,12980.0,United Kingdom,162.72,Sale
551966,22355,CHARLOTTE BAG SUKI DESIGN,10,2011-05-05 13:14:00,0.85,15356.0,United Kingdom,8.5,Sale
580865,21890,S/6 WOODEN SKITTLES IN COTTON BAG,1,2011-12-06 11:58:00,3.25,17914.0,United Kingdom,3.25,Sale
540848,22031,BOTANICAL LAVENDER BIRTHDAY CARD,2,2011-01-12 09:26:00,0.43,,United Kingdom,0.86,Sale
575583,22754,SMALL RED BABUSHKA NOTEBOOK ,1,2011-11-10 11:55:00,0.85,14456.0,United Kingdom,0.85,Sale
566195,72232,FENG SHUI PILLAR CANDLE,48,2011-09-09 13:44:00,0.19,12433.0,Norway,9.12,Sale
558709,22659,LUNCH BOX I LOVE LONDON,3,2011-07-01 13:02:00,1.95,17338.0,United Kingdom,5.85,Sale
561024,82484,WOOD BLACK BOARD ANT WHITE FINISH,3,2011-07-24 10:35:00,7.95,12916.0,United Kingdom,23.85,Sale
565725,22195,LARGE HEART MEASURING SPOONS,12,2011-09-06 11:55:00,1.65,13949.0,United Kingdom,19.8,Sale
573350,85034B,3 WHITE CHOC MORRIS BOXED CANDLES,24,2011-10-30 12:32:00,1.25,17725.0,United Kingdom,30.0,Sale
572528,22999,TRAVEL CARD WALLET VINTAGE LEAF,48,2011-10-24 15:43:00,0.42,13176.0,United Kingdom,20.16,Sale
540646,90214B,"LETTER ""B"" BLING KEY RING",1,2011-01-10 14:32:00,0.85,,United Kingdom,0.85,Sale
557849,21931,JUMBO STORAGE BAG SUKI,10,2011-06-23 10:52:00,2.08,17613.0,United Kingdom,20.8,Sale
581439,21109,LARGE CAKE TOWEL CHOCOLATE SPOTS,1,2011-12-08 16:30:00,13.29,,United Kingdom,13.29,Sale
536754,22335,HEART DECORATION PAINTED ZINC ,10,2010-12-02 14:09:00,0.65,14449.0,United Kingdom,6.5,Sale
564760,gift_0001_10,Dotcomgiftshop Gift Voucher £10.00,1,2011-08-30 10:47:00,8.33,,United Kingdom,8.33,Sale
575947,21327,SKULLS WRITING SET ,4,2011-11-13 11:50:00,2.46,,United Kingdom,9.84,Sale
581439,23495,SET OF 3 PANTRY WOODEN SPOONS,2,2011-12-08 16:30:00,2.46,,United Kingdom,4.92,Sale
537052,22791,T-LIGHT GLASS FLUTED ANTIQUE,72,2010-12-05 11:15:00,1.06,16839.0,United Kingdom,76.32000000000001,Sale
542920,85099F,JUMBO BAG STRAWBERRY,100,2011-02-02 07:51:00,1.65,13629.0,United Kingdom,165.0,Sale
579413,22909,SET OF 20 VINTAGE CHRISTMAS NAPKINS,4,2011-11-29 12:50:00,0.85,13668.0,United Kingdom,3.4,Sale
538799,22411,JUMBO SHOPPER VINTAGE RED PAISLEY,10,2010-12-14 11:48:00,1.95,15039.0,United Kingdom,19.5,Sale
545078,21212,PACK OF 72 RETROSPOT CAKE CASES,1,2011-02-28 10:15:00,1.25,,United Kingdom,1.25,Sale
556459,85123A,WHITE HANGING HEART T-LIGHT HOLDER,1,2011-06-10 17:25:00,5.79,,United Kingdom,5.79,Sale
558043,22384,LUNCH BAG PINK POLKADOT,10,2011-06-24 13:28:00,1.65,13425.0,United Kingdom,16.5,Sale
570413,22427,ENAMEL FLOWER JUG CREAM,6,2011-10-10 13:13:00,5.95,17652.0,United Kingdom,35.7,Sale
561658,23211,RED ROCKING HORSE HAND PAINTED,1,2011-07-28 16:06:00,1.25,12743.0,Unspecified,1.25,Sale
577152,POST,POSTAGE,2,2011-11-18 09:53:00,18.0,14277.0,France,36.0,Sale
573269,21931,JUMBO STORAGE BAG SUKI,1,2011-10-28 13:00:00,2.08,16764.0,United Kingdom,2.08,Sale
573085,22840,ROUND CAKE TIN VINTAGE RED,4,2011-10-27 14:27:00,7.95,14441.0,United Kingdom,31.8,Sale
577358,84596G,SMALL CHOCOLATES PINK BOWL,1,2011-11-18 15:59:00,0.83,,United Kingdom,0.83,Sale
536544,22355,CHARLOTTE BAG SUKI DESIGN,3,2010-12-01 14:32:00,1.66,,United Kingdom,4.98,Sale
542906,84951A,SET OF 4 PISTACHIO LOVEBIRD COASTER,4,2011-02-01 15:12:00,4.96,,United Kingdom,19.84,Sale
577479,90057,DIAMANTE RING ASSORTED IN BOX.,24,2011-11-20 11:34:00,1.25,14911.0,EIRE,30.0,Sale
577531,23245,SET OF 3 REGENCY CAKE TINS,1,2011-11-20 13:58:00,10.79,,United Kingdom,10.79,Sale
561820,22971,QUEENS GUARD COFFEE MUG,1,2011-07-29 16:00:00,4.96,,United Kingdom,4.96,Sale
571913,23518,EMBROIDERED RIBBON REEL RACHEL ,6,2011-10-19 15:29:00,2.89,18210.0,United Kingdom,17.34,Sale
576147,23209,LUNCH BAG VINTAGE DOILY ,20,2011-11-14 10:49:00,1.65,16303.0,United Kingdom,33.0,Sale
545300,22784,LANTERN CREAM GAZEBO ,3,2011-03-01 12:24:00,4.95,15092.0,United Kingdom,14.85,Sale
580750,23243,SET OF TEA COFFEE SUGAR TINS PANTRY,4,2011-12-06 09:56:00,4.95,12749.0,United Kingdom,19.8,Sale
579512,23108,SET OF 10 LED DOLLY LIGHTS,2,2011-11-29 16:47:00,12.46,,United Kingdom,24.92,Sale
536862,22429,ENAMEL MEASURING JUG CREAM,1,2010-12-03 11:13:00,8.47,,United Kingdom,8.47,Sale
576147,23355,HOT WATER BOTTLE KEEP CALM,8,2011-11-14 10:49:00,4.95,16303.0,United Kingdom,39.6,Sale
569343,22469,HEART OF WICKER SMALL,120,2011-10-03 14:34:00,1.45,18102.0,United Kingdom,174.0,Sale
547900,85028S,FRENCH CHATEAU SMALL FRUITBOWL,8,2011-03-28 11:51:00,2.55,13649.0,United Kingdom,20.4,Sale
560359,23293,SET OF 12 FAIRY CAKE BAKING CASES,2,2011-07-18 11:47:00,0.83,14159.0,United Kingdom,1.66,Sale
579708,21731,RED TOADSTOOL LED NIGHT LIGHT,12,2011-11-30 14:16:00,1.65,12682.0,France,19.8,Sale
547964,21456,2 PICTURE BOOK EGGS EASTER CHICKS,1,2011-03-28 15:45:00,2.46,,United Kingdom,2.46,Sale
544106,20956,PORCELAIN T-LIGHT HOLDERS ASSORTED,8,2011-02-16 10:47:00,1.25,14530.0,United Kingdom,10.0,Sale
560700,22980,PANTRY SCRUBBING BRUSH,1,2011-07-20 12:38:00,1.65,17229.0,United Kingdom,1.65,Sale
579196,90086,CRYSTAL FROG PHONE CHARM,2,2011-11-28 15:54:00,1.63,14096.0,United Kingdom,3.26,Sale
559141,21169,YOU'RE CONFUSING ME METAL SIGN ,2,2011-07-06 13:56:00,1.69,15311.0,United Kingdom,3.38,Sale
571508,22457,NATURAL SLATE HEART CHALKBOARD ,2,2011-10-17 15:27:00,5.79,,United Kingdom,11.58,Sale
543171,21253,SET OF PICTURE FRAME  STICKERS,2,2011-02-04 09:11:00,5.79,,United Kingdom,11.58,Sale
558686,21671,RED SPOT CERAMIC DRAWER KNOB,12,2011-07-01 11:33:00,1.25,17706.0,United Kingdom,15.0,Sale
568064,21231,SWEETHEART CERAMIC TRINKET BOX,12,2011-09-23 13:42:00,1.25,14880.0,United Kingdom,15.0,Sale
576618,22654,DELUXE SEWING KIT ,9,2011-11-15 17:00:00,5.79,,United Kingdom,52.11,Sale
580111,21636,MADRAS NOTEBOOK MEDIUM,12,2011-12-01 15:55:00,0.75,12950.0,United Kingdom,9.0,Sale
560434,21471,STRAWBERRY RAFFIA FOOD COVER,1,2011-07-18 15:56:00,3.29,,United Kingdom,3.29,Sale
555731,48194,DOORMAT HEARTS,2,2011-06-07 07:49:00,7.95,16655.0,United Kingdom,15.9,Sale
565595,22813,PACK 3 BOXES BIRD PANNETONE ,12,2011-09-05 14:13:00,1.95,13192.0,United Kingdom,23.4,Sale
559055,82482,WOODEN PICTURE FRAME WHITE FINISH,1,2011-07-05 17:09:00,5.79,,United Kingdom,5.79,Sale
574561,21015,DARK BIRD HOUSE TREE DECORATION,2,2011-11-04 15:52:00,0.83,,United Kingdom,1.66,Sale
543392,22659,LUNCH BOX I LOVE LONDON,12,2011-02-08 10:15:00,1.95,16839.0,United Kingdom,23.4,Sale
550750,22427,ENAMEL FLOWER JUG CREAM,3,2011-04-20 11:45:00,5.95,13632.0,United Kingdom,17.85,Sale
560225,23007, SPACEBOY BABY GIFT SET,1,2011-07-15 16:27:00,24.96,,United Kingdom,24.96,Sale
564221,82482,WOODEN PICTURE FRAME WHITE FINISH,1,2011-08-24 09:36:00,4.96,,United Kingdom,4.96,Sale
545227,21622,VINTAGE UNION JACK CUSHION COVER,4,2011-03-01 09:35:00,4.95,12428.0,Finland,19.8,Sale
578067,23275,SET OF 3 HANGING OWLS OLLIE BEAK,4,2011-11-22 15:43:00,2.46,,United Kingdom,9.84,Sale
575141,23296,SET OF 6 TEA TIME BAKING CASES,8,2011-11-08 15:35:00,1.25,15615.0,United Kingdom,10.0,Sale
537136,21980,PACK OF 12 RED RETROSPOT TISSUES ,12,2010-12-05 12:42:00,0.29,12748.0,United Kingdom,3.4799999999999995,Sale
576054,22530,MAGIC DRAWING SLATE DOLLY GIRL ,2,2011-11-13 14:55:00,0.42,15787.0,United Kingdom,0.84,Sale
572051,23371,SET 36 COLOUR PENCILS SPACEBOY ,128,2011-10-20 12:24:00,1.06,14646.0,Netherlands,135.68,Sale
548490,22508,DOORSTOP RETROSPOT HEART,4,2011-03-31 13:13:00,3.75,12909.0,United Kingdom,15.0,Sale
554465,21155,RED RETROSPOT PEG BAG,6,2011-05-24 12:36:00,2.55,13534.0,United Kingdom,15.3,Sale
574356,22729,ALARM CLOCK BAKELIKE ORANGE,4,2011-11-04 10:48:00,8.29,,United Kingdom,33.16,Sale
566048,22776,SWEETHEART 3 TIER CAKE STAND ,2,2011-09-08 14:21:00,9.95,16558.0,United Kingdom,19.9,Sale
575851,22562,MONSTERS STENCIL CRAFT,1,2011-11-11 12:13:00,1.25,14662.0,United Kingdom,1.25,Sale
571987,84946,ANTIQUE SILVER T-LIGHT GLASS,12,2011-10-20 10:47:00,1.25,17007.0,United Kingdom,15.0,Sale
542420,37479P,CUBIC MUG FLOCK PINK ON BROWN,1,2011-01-27 18:05:00,2.55,17180.0,United Kingdom,2.55,Sale
570215,22086,PAPER CHAIN KIT 50'S CHRISTMAS ,6,2011-10-09 11:53:00,2.95,16066.0,United Kingdom,17.700000000000003,Sale
557494,20711,JUMBO BAG TOYS ,5,2011-06-20 15:19:00,4.13,,United Kingdom,20.65,Sale
581101,22411,JUMBO SHOPPER VINTAGE RED PAISLEY,5,2011-12-07 11:48:00,2.08,17835.0,United Kingdom,10.4,Sale
567668,23308,SET OF 60 VINTAGE LEAF CAKE CASES ,1,2011-09-21 15:29:00,1.25,,United Kingdom,1.25,Sale
580730,22995,TRAVEL CARD WALLET SUKI,1,2011-12-05 17:28:00,0.83,,United Kingdom,0.83,Sale
577768,22631,CIRCUS PARADE LUNCH BOX ,2,2011-11-21 15:18:00,4.13,,United Kingdom,8.26,Sale
571850,23394,POSTE FRANCE CUSHION COVER,3,2011-10-19 12:54:00,3.75,14698.0,United Kingdom,11.25,Sale
549014,85208,SET/12 FUNKY FELT FLOWER PEG IN BAG,1,2011-04-05 15:00:00,2.1,17841.0,United Kingdom,2.1,Sale
576025,22065,CHRISTMAS PUDDING TRINKET POT ,1,2011-11-13 14:34:00,0.39,13232.0,United Kingdom,0.39,Sale
572096,21879,HEARTS GIFT TAPE,1,2011-10-20 15:20:00,0.65,16813.0,United Kingdom,0.65,Sale
578812,21934,SKULL SHOULDER BAG,10,2011-11-25 13:30:00,1.65,13332.0,United Kingdom,16.5,Sale
581415,22509,SEWING BOX RETROSPOT DESIGN ,4,2011-12-08 14:53:00,3.95,13269.0,United Kingdom,15.8,Sale
546843,22326,ROUND SNACK BOXES SET OF4 WOODLAND ,6,2011-03-17 12:40:00,2.95,12472.0,Germany,17.700000000000003,Sale
546888,22969,HOMEMADE JAM SCENTED CANDLES,4,2011-03-17 18:15:00,3.29,,United Kingdom,13.16,Sale
580115,90214C,"LETTER ""C"" BLING KEY RING",1,2011-12-01 16:22:00,0.83,,United Kingdom,0.83,Sale
570646,23123,COCKTAIL SWORDS 50 PIECES,12,2011-10-11 12:49:00,0.83,12824.0,United Kingdom,9.96,Sale
539492,21279,VINTAGE KITCHEN PRINT FRUITS,1,2010-12-20 10:14:00,5.06,,United Kingdom,5.06,Sale
552376,48194,DOORMAT HEARTS,2,2011-05-09 12:30:00,7.95,16326.0,United Kingdom,15.9,Sale
559338,84522,PINK PARTY SUNGLASSES,1,2011-07-07 16:30:00,1.63,,United Kingdom,1.63,Sale
559816,21934,SKULL SHOULDER BAG,2,2011-07-12 16:11:00,1.63,,United Kingdom,3.26,Sale
570884,23322,LARGE WHITE HEART OF WICKER,10,2011-10-13 10:09:00,2.95,17315.0,United Kingdom,29.5,Sale
536984,21916,SET 12 RETRO WHITE CHALK STICKS,1,2010-12-03 14:35:00,0.42,17841.0,United Kingdom,0.42,Sale
557634,22222,CAKE PLATE LOVEBIRD WHITE,2,2011-06-21 15:24:00,4.95,15412.0,United Kingdom,9.9,Sale
577109,23367,SET 12 COLOUR PENCILS SPACEBOY ,16,2011-11-17 17:50:00,0.65,16042.0,United Kingdom,10.4,Sale
538369,72818,CHRISTMAS DECOUPAGE CANDLE,2,2010-12-12 11:06:00,0.85,17251.0,United Kingdom,1.7,Sale
567095,22411,JUMBO SHOPPER VINTAGE RED PAISLEY,10,2011-09-16 13:03:00,2.08,17049.0,United Kingdom,20.8,Sale
540995,21212,PACK OF 72 RETROSPOT CAKE CASES,1,2011-01-13 09:30:00,1.25,,United Kingdom,1.25,Sale
540255,84991,60 TEATIME FAIRY CAKE CASES,3,2011-01-05 16:50:00,1.28,,United Kingdom,3.84,Sale
563686,21497,FANCY FONTS BIRTHDAY WRAP,25,2011-08-18 12:30:00,0.42,13098.0,United Kingdom,10.5,Sale
561320,22384,LUNCH BAG PINK POLKADOT,2,2011-07-26 12:57:00,1.65,16942.0,United Kingdom,3.3,Sale
539988,20754,RETROSPOT RED WASHING UP GLOVES,1,2010-12-23 16:06:00,2.1,18116.0,United Kingdom,2.1,Sale
550207,47566b,TEA TIME PARTY BUNTING,1,2011-04-15 10:38:00,8.29,,United Kingdom,8.29,Sale
575367,22600,CHRISTMAS RETROSPOT STAR WOOD,12,2011-11-09 15:05:00,0.85,15114.0,United Kingdom,10.2,Sale
549118,22637,PIGGY BANK RETROSPOT ,4,2011-04-06 13:18:00,2.55,14911.0,EIRE,10.2,Sale
536742,22822,CREAM WALL PLANTER HEART SHAPED,1,2010-12-02 13:14:00,5.95,16916.0,United Kingdom,5.95,Sale
541830,20969,RED FLORAL FELTCRAFT SHOULDER BAG,1,2011-01-21 17:09:00,3.29,,United Kingdom,3.29,Sale
573866,23319,BOX OF 6 MINI 50'S CRACKERS,12,2011-11-01 12:06:00,2.49,17495.0,United Kingdom,29.880000000000003,Sale
544922,21106,CREAM SLICE FLANNEL CHOCOLATE SPOT ,6,2011-02-24 16:46:00,2.95,15847.0,United Kingdom,17.700000000000003,Sale
557938,21899,"KEY FOB , GARAGE DESIGN",2,2011-06-23 15:35:00,1.63,,United Kingdom,3.26,Sale
577768,22748,POPPY'S PLAYHOUSE KITCHEN,1,2011-11-21 15:18:00,4.13,,United Kingdom,4.13,Sale
539075,22315,200 RED + WHITE BENDY STRAWS,1,2010-12-15 17:28:00,1.25,17189.0,United Kingdom,1.25,Sale
537955,22355,CHARLOTTE BAG SUKI DESIGN,1,2010-12-09 11:28:00,0.85,16782.0,United Kingdom,0.85,Sale
568709,22759,SET OF 3 NOTEBOOKS IN PARCEL,1,2011-09-28 15:42:00,1.65,15036.0,United Kingdom,1.65,Sale
549274,22518,CHILDS GARDEN BRUSH BLUE,6,2011-04-07 13:07:00,2.1,12721.0,France,12.6,Sale
556416,22434,BALLOON PUMP WITH 10 BALLOONS,1,2011-06-10 12:19:00,1.95,15527.0,United Kingdom,1.95,Sale
567178,82486,3 DRAWER ANTIQUE WHITE WOOD CABINET,2,2011-09-18 14:08:00,8.95,17858.0,United Kingdom,17.9,Sale
575219,23203,JUMBO BAG VINTAGE DOILY ,100,2011-11-09 11:17:00,1.79,17511.0,United Kingdom,179.0,Sale
557210,22061,LARGE CAKE STAND  HANGING STRAWBERY,1,2011-06-17 11:49:00,9.95,18118.0,United Kingdom,9.95,Sale
579196,21080,SET/20 RED RETROSPOT PAPER NAPKINS ,4,2011-11-28 15:54:00,0.83,14096.0,United Kingdom,3.32,Sale
563094,22212,FOUR HOOK  WHITE LOVEBIRDS,6,2011-08-11 17:35:00,2.1,14525.0,United Kingdom,12.6,Sale
577483,84843,WHITE SOAP RACK WITH 2 BOTTLES,1,2011-11-20 11:50:00,5.95,14502.0,United Kingdom,5.95,Sale
548521,22423,REGENCY CAKESTAND 3 TIER,1,2011-03-31 16:41:00,12.75,17735.0,United Kingdom,12.75,Sale
545046,22644,CERAMIC CHERRY CAKE MONEY BANK,12,2011-02-27 11:42:00,1.45,16598.0,United Kingdom,17.4,Sale
540415,21498,RED RETROSPOT WRAP ,25,2011-01-07 10:47:00,0.42,16889.0,United Kingdom,10.5,Sale
539740,22301,COFFEE MUG CAT + BIRD DESIGN,1,2010-12-21 15:20:00,5.06,,United Kingdom,5.06,Sale
553186,82551,LAUNDRY 15C METAL SIGN,12,2011-05-15 12:46:00,1.45,13183.0,United Kingdom,17.4,Sale
580729,23319,BOX OF 6 MINI 50'S CRACKERS,2,2011-12-05 17:24:00,4.96,,United Kingdom,9.92,Sale
555276,85039B,S/4 IVORY MINI ROSE CANDLE IN BOWL,1,2011-06-01 17:28:00,1.63,,United Kingdom,1.63,Sale
559674,47559B,TEA TIME OVEN GLOVE,1,2011-07-11 14:16:00,1.25,15856.0,United Kingdom,1.25,Sale
563500,85071A,BLUE CHARLIE+LOLA PERSONAL DOORSIGN,6,2011-08-16 17:25:00,0.39,15856.0,United Kingdom,2.34,Sale
563439,20719,WOODLAND CHARLOTTE BAG,40,2011-08-16 13:05:00,2.46,,United Kingdom,98.4,Sale
555925,22086,PAPER CHAIN KIT 50'S CHRISTMAS ,1,2011-06-07 17:13:00,5.79,,United Kingdom,5.79,Sale
558419,21936,RED RETROSPOT PICNIC BAG,5,2011-06-29 11:41:00,2.95,17702.0,United Kingdom,14.75,Sale
560926,84569A,PACK 3 IRON ON DOG PATCHES,1,2011-07-22 09:20:00,0.83,,United Kingdom,0.83,Sale
554072,84970L,SINGLE HEART ZINC T-LIGHT HOLDER,12,2011-05-22 11:24:00,0.95,13555.0,United Kingdom,11.4,Sale
563193,22457,NATURAL SLATE HEART CHALKBOARD ,1,2011-08-12 16:30:00,5.79,,United Kingdom,5.79,Sale
563585,20914,SET/5 RED RETROSPOT LID GLASS BOWLS,1,2011-08-17 17:01:00,2.95,17070.0,United Kingdom,2.95,Sale
550988,20712,JUMBO BAG WOODLAND ANIMALS,10,2011-04-21 18:10:00,2.08,14231.0,United Kingdom,20.8,Sale
546992,22741,FUNKY DIVA PEN,576,2011-03-18 13:18:00,0.72,16684.0,United Kingdom,414.72,Sale
541520,21937,STRAWBERRY   PICNIC BAG,5,2011-01-19 09:13:00,2.95,12422.0,Australia,14.75,Sale
555865,22460,EMBOSSED GLASS TEALIGHT HOLDER,6,2011-06-07 14:30:00,1.25,14530.0,United Kingdom,7.5,Sale
551283,22308,TEA COSY BLUE STRIPE,1,2011-04-27 14:01:00,2.55,16755.0,United Kingdom,2.55,Sale
550490,22780,LIGHT GARLAND BUTTERFILES PINK,4,2011-04-18 14:32:00,4.25,17054.0,United Kingdom,17.0,Sale
564059,82482,WOODEN PICTURE FRAME WHITE FINISH,6,2011-08-22 14:35:00,2.55,15796.0,United Kingdom,15.3,Sale
567639,21078,SET/20 STRAWBERRY PAPER NAPKINS ,48,2011-09-21 14:07:00,0.85,15290.0,United Kingdom,40.8,Sale
577530,23341,PINK DINER WALL CLOCK,2,2011-11-20 13:48:00,8.5,14950.0,United Kingdom,17.0,Sale
572732,22710,WRAP I LOVE LONDON ,150,2011-10-25 15:21:00,0.42,18079.0,United Kingdom,63.0,Sale
580677,21012,ANTIQUE ALL GLASS CANDLESTICK,2,2011-12-05 14:40:00,2.1,16200.0,United Kingdom,4.2,Sale
574863,85099C,JUMBO  BAG BAROQUE BLACK WHITE,4,2011-11-07 12:29:00,2.08,15719.0,United Kingdom,8.32,Sale
578688,23079,TOADSTOOL BEDSIDE LIGHT ,1,2011-11-25 09:27:00,8.95,16719.0,United Kingdom,8.95,Sale
550953,22961,JAM MAKING SET PRINTED,1,2011-04-21 16:17:00,3.29,,United Kingdom,3.29,Sale
554106,22384,LUNCH BAG PINK POLKADOT,10,2011-05-22 14:05:00,1.65,12710.0,Germany,16.5,Sale
569205,23332,IVORY WICKER HEART LARGE,9,2011-10-02 10:55:00,1.65,16923.0,United Kingdom,14.85,Sale
567662,23203,JUMBO BAG VINTAGE DOILY ,4,2011-09-21 15:12:00,2.08,17758.0,United Kingdom,8.32,Sale
575607,22174,PHOTO CUBE,6,2011-11-10 12:37:00,3.29,14096.0,United Kingdom,19.74,Sale
572312,23490,T-LIGHT HOLDER HANGING LOVE BIRD,6,2011-10-23 15:47:00,3.75,15022.0,United Kingdom,22.5,Sale
557626,20675,BLUE POLKADOT BOWL,8,2011-06-21 14:29:00,1.25,14175.0,United Kingdom,10.0,Sale
576236,23208,LUNCH BAG VINTAGE LEAF DESIGN,1,2011-11-14 13:31:00,1.65,13755.0,United Kingdom,1.65,Sale
539324,22402,MAGNETS PACK OF 4 VINTAGE COLLAGE,1,2010-12-16 19:51:00,1.25,14985.0,United Kingdom,1.25,Sale
568645,22725,ALARM CLOCK BAKELIKE CHOCOLATE,4,2011-09-28 11:38:00,3.75,12656.0,France,15.0,Sale
553931,23282,FOLDING BUTTERFLY MIRROR IVORY ,12,2011-05-20 10:27:00,0.83,14911.0,EIRE,9.96,Sale
558904,84536A,ENGLISH ROSE NOTEBOOK A7 SIZE,8,2011-07-04 16:18:00,0.42,,United Kingdom,3.36,Sale
550723,22930,BAKING MOULD HEART MILK CHOCOLATE,1,2011-04-20 11:19:00,2.55,17454.0,United Kingdom,2.55,Sale
554511,84692,BOX OF 24 COCKTAIL PARASOLS,1,2011-05-24 15:52:00,0.83,,United Kingdom,0.83,Sale
566976,22630,DOLLY GIRL LUNCH BOX,12,2011-09-16 09:27:00,1.95,15382.0,United Kingdom,23.4,Sale
563354,37448,CERAMIC CAKE DESIGN SPOTTED MUG,1,2011-08-15 14:35:00,1.49,15271.0,United Kingdom,1.49,Sale
555324,84509a,SET OF 4 ENGLISH ROSE PLACEMATS,1,2011-06-02 11:02:00,7.46,,United Kingdom,7.46,Sale
574298,90059E,DIAMANTE HAIR GRIP PACK/2 RUBY,1,2011-11-03 15:56:00,1.65,,United Kingdom,1.65,Sale
548351,21042,RED RETROSPOT APRON ,3,2011-03-30 14:51:00,5.95,13001.0,United Kingdom,17.85,Sale
567819,85178,VICTORIAN SEWING KIT,48,2011-09-22 12:42:00,1.25,14004.0,United Kingdom,60.0,Sale
567579,23355,HOT WATER BOTTLE KEEP CALM,4,2011-09-21 10:48:00,4.95,18228.0,United Kingdom,19.8,Sale
577795,21933,PINK VINTAGE PAISLEY PICNIC BAG,1,2011-11-21 16:50:00,1.65,13246.0,United Kingdom,1.65,Sale
571098,21524,DOORMAT SPOTTY HOME SWEET HOME,2,2011-10-13 15:38:00,8.25,17841.0,United Kingdom,16.5,Sale
551518,84997D,CHILDRENS CUTLERY POLKADOT PINK,2,2011-05-01 11:36:00,4.15,15708.0,United Kingdom,8.3,Sale
568413,84609,TALL ROCOCO CANDLE HOLDER,2,2011-09-27 11:01:00,8.5,14818.0,United Kingdom,17.0,Sale
554056,22482,BLUE TEA TOWEL CLASSIC DESIGN,1,2011-05-20 15:40:00,1.25,,United Kingdom,1.25,Sale
574643,23382,BOX OF 6 CHRISTMAS CAKE DECORATIONS,6,2011-11-06 11:25:00,3.75,17387.0,United Kingdom,22.5,Sale
553768,22411,JUMBO SHOPPER VINTAGE RED PAISLEY,3,2011-05-19 10:47:00,4.13,,United Kingdom,12.39,Sale
537680,22798,ANTIQUE GLASS DRESSING TABLE POT,16,2010-12-08 10:11:00,2.95,13599.0,United Kingdom,47.2,Sale
579508,22703,PINK CAT BOWL,4,2011-11-29 16:33:00,1.63,,United Kingdom,6.52,Sale
581119,22722,SET OF 6 SPICE TINS PANTRY DESIGN,6,2011-12-07 12:26:00,3.95,15136.0,United Kingdom,23.700000000000003,Sale
538688,22744,MAKE YOUR OWN MONSOON CARD KIT,6,2010-12-14 09:50:00,2.95,14829.0,United Kingdom,17.700000000000003,Sale
561648,21041,RED RETROSPOT OVEN GLOVE DOUBLE,3,2011-07-28 15:21:00,2.95,15746.0,United Kingdom,8.850000000000001,Sale
551174,22250,DECORATION  BUTTERFLY  MAGIC GARDEN,1,2011-04-26 17:02:00,1.63,,United Kingdom,1.63,Sale
578027,22114,HOT WATER BOTTLE TEA AND SYMPATHY,4,2011-11-22 13:29:00,4.25,15977.0,United Kingdom,17.0,Sale
549745,20728,LUNCH BAG CARS BLUE,10,2011-04-12 10:33:00,1.65,13577.0,United Kingdom,16.5,Sale
575756,23270,SET OF 2 CERAMIC PAINTED HEARTS ,1,2011-11-11 10:48:00,1.45,18118.0,United Kingdom,1.45,Sale
580403,22853,CAT BOWL VINTAGE CREAM,2,2011-12-04 11:56:00,3.25,17858.0,United Kingdom,6.5,Sale
559652,20972,PINK CREAM FELT CRAFT TRINKET BOX ,12,2011-07-11 12:47:00,1.25,17164.0,United Kingdom,15.0,Sale
538683,84949,SILVER HANGING T-LIGHT HOLDER,18,2010-12-13 17:40:00,1.65,14525.0,United Kingdom,29.7,Sale
553852,21916,SET 12 RETRO WHITE CHALK STICKS,24,2011-05-19 13:05:00,0.42,15599.0,United Kingdom,10.08,Sale
548670,21908,CHOCOLATE THIS WAY METAL SIGN,2,2011-04-01 15:37:00,2.1,15356.0,United Kingdom,4.2,Sale
575930,22675,FRENCH KITCHEN SIGN BLUE METAL,1,2011-11-11 17:58:00,2.46,,United Kingdom,2.46,Sale
575060,23344,JUMBO BAG 50'S CHRISTMAS ,10,2011-11-08 12:29:00,2.08,13089.0,United Kingdom,20.8,Sale
555400,71477,COLOUR GLASS. STAR T-LIGHT HOLDER,62,2011-06-02 17:50:00,2.75,14088.0,United Kingdom,170.5,Sale
553845,23132,SMALL IVORY HEART WALL ORGANISER,12,2011-05-19 12:38:00,4.95,17675.0,United Kingdom,59.400000000000006,Sale
563688,20972,PINK CREAM FELT CRAFT TRINKET BOX ,12,2011-08-18 12:41:00,1.25,16767.0,United Kingdom,15.0,Sale
544434,20707,CRAZY DAISY HEART DECORATION,3,2011-02-18 16:12:00,0.83,,United Kingdom,2.49,Sale
570806,22150,3 STRIPEY MICE FELTCRAFT,6,2011-10-12 12:42:00,1.95,13115.0,United Kingdom,11.7,Sale
565445,85099F,JUMBO BAG STRAWBERRY,1,2011-09-04 14:50:00,2.08,13548.0,United Kingdom,2.08,Sale
537823,22559,SEASIDE FLYING DISC,1,2010-12-08 14:25:00,2.51,,United Kingdom,2.51,Sale
572323,22577,WOODEN HEART CHRISTMAS SCANDINAVIAN,24,2011-10-24 09:46:00,0.29,14312.0,United Kingdom,6.959999999999999,Sale
555485,21246,RED RETROSPOT BIG BOWL,6,2011-06-03 12:39:00,4.95,17722.0,United Kingdom,29.700000000000003,Sale
551056,21212,PACK OF 72 RETROSPOT CAKE CASES,1,2011-04-26 11:51:00,0.55,16442.0,United Kingdom,0.55,Sale
571433,23293,SET OF 12 FAIRY CAKE BAKING CASES,8,2011-10-17 13:19:00,0.83,13015.0,United Kingdom,6.64,Sale
576189,85227,SET OF 6 3D KIT CARDS FOR KIDS,14,2011-11-14 11:33:00,0.85,14684.0,United Kingdom,11.9,Sale
543358,22469,HEART OF WICKER SMALL,1,2011-02-07 14:04:00,3.29,,United Kingdom,3.29,Sale
569416,23399,HOME SWEET HOME HANGING HEART,12,2011-10-04 10:15:00,0.85,13801.0,United Kingdom,10.2,Sale
536381,21169,YOU'RE CONFUSING ME METAL SIGN ,3,2010-12-01 09:41:00,1.69,15311.0,United Kingdom,5.07,Sale
562621,21929,JUMBO BAG PINK VINTAGE PAISLEY,10,2011-08-08 12:36:00,2.08,14415.0,United Kingdom,20.8,Sale
548659,22725,ALARM CLOCK BAKELIKE CHOCOLATE,4,2011-04-01 14:19:00,3.75,13418.0,United Kingdom,15.0,Sale
564838,22386,JUMBO BAG PINK POLKADOT,3,2011-08-30 12:43:00,4.13,,United Kingdom,12.39,Sale
541422,20832,RED FLOCK LOVE HEART PHOTO FRAME,2,2011-01-17 17:48:00,0.79,,United Kingdom,1.58,Sale
579515,23354,6 GIFT TAGS 50'S CHRISTMAS ,12,2011-11-29 17:23:00,0.83,14191.0,United Kingdom,9.96,Sale
572035,21673,WHITE SPOT BLUE CERAMIC DRAWER KNOB,96,2011-10-20 12:03:00,1.25,14646.0,Netherlands,120.0,Sale
556495,21202,DOLLY HONEYCOMB GARLAND,4,2011-06-12 15:14:00,1.65,18069.0,United Kingdom,6.6,Sale
546778,47590A,BLUE HAPPY BIRTHDAY BUNTING,1,2011-03-16 16:38:00,5.45,14572.0,United Kingdom,5.45,Sale
557409,22666,RECIPE BOX PANTRY YELLOW DESIGN,6,2011-06-20 11:34:00,2.95,15410.0,United Kingdom,17.700000000000003,Sale
556041,20725,LUNCH BAG RED RETROSPOT,2,2011-06-08 12:44:00,1.65,17954.0,United Kingdom,3.3,Sale
537799,22111,SCOTTIE DOG HOT WATER BOTTLE,4,2010-12-08 13:07:00,4.95,15916.0,United Kingdom,19.8,Sale
538508,85049C,ROMANTIC PINKS RIBBONS ,2,2010-12-12 13:32:00,1.25,15998.0,United Kingdom,2.5,Sale
557222,21217,RED RETROSPOT ROUND CAKE TINS,2,2011-06-17 13:14:00,9.95,14936.0,Channel Islands,19.9,Sale
564353,22950,36 DOILIES VINTAGE CHRISTMAS,12,2011-08-24 15:08:00,1.45,15764.0,United Kingdom,17.4,Sale
574182,84077,WORLD WAR 2 GLIDERS ASSTD DESIGNS,48,2011-11-03 11:51:00,0.29,16841.0,United Kingdom,13.919999999999998,Sale
576405,21894,POTTING SHED SEED ENVELOPES,13,2011-11-15 11:14:00,1.25,13735.0,United Kingdom,16.25,Sale
568535,22358,KINGS CHOICE TEA CADDY ,6,2011-09-27 14:00:00,2.95,15241.0,United Kingdom,17.700000000000003,Sale
547892,22971,QUEENS GUARD COFFEE MUG,6,2011-03-28 10:15:00,2.55,12669.0,France,15.3,Sale
572811,23330,DECORATIVE WICKER HEART MEDIUM,12,2011-10-26 11:14:00,1.25,16071.0,United Kingdom,15.0,Sale
574682,22899,CHILDREN'S APRON DOLLY GIRL ,3,2011-11-06 12:44:00,2.1,14963.0,United Kingdom,6.300000000000001,Sale
540354,85036C,ROSE 1 WICK MORRIS BOXED CANDLE,12,2011-01-06 14:58:00,1.85,13576.0,United Kingdom,22.200000000000003,Sale
539731,21218,RED SPOTTY BISCUIT TIN,48,2010-12-21 15:05:00,3.25,14646.0,Netherlands,156.0,Sale
537362,48173C,DOORMAT BLACK FLOCK ,1,2010-12-06 12:34:00,7.95,17596.0,United Kingdom,7.95,Sale
538844,84997D,PINK 3 PIECE POLKADOT CUTLERY SET,20,2010-12-14 13:19:00,3.75,14680.0,United Kingdom,75.0,Sale
547830,21891,TRADITIONAL WOODEN SKIPPING ROPE,1,2011-03-25 15:50:00,2.46,,United Kingdom,2.46,Sale
572065,22816,CARD MOTORBIKE SANTA,24,2011-10-20 13:06:00,0.42,12556.0,Spain,10.08,Sale
544280,22973,CHILDREN'S CIRCUS PARADE MUG,12,2011-02-17 12:21:00,1.65,14754.0,United Kingdom,19.8,Sale
574856,21929,JUMBO BAG PINK VINTAGE PAISLEY,1,2011-11-07 12:06:00,4.13,,United Kingdom,4.13,Sale
537370,85178,VICTORIAN SEWING KIT,9,2010-12-06 12:44:00,1.25,13155.0,United Kingdom,11.25,Sale
564817,20903,VINTAGE KEEPSAKE BOX TRAVELOGUE,3,2011-08-30 12:02:00,4.13,,United Kingdom,12.39,Sale
574306,23350,ROLL WRAP VINTAGE SPOT ,12,2011-11-03 16:37:00,1.25,17481.0,United Kingdom,15.0,Sale
566979,22569,FELTCRAFT CUSHION BUTTERFLY,4,2011-09-16 09:54:00,3.75,13141.0,United Kingdom,15.0,Sale
557525,84378,SET OF 3 HEART COOKIE CUTTERS,12,2011-06-21 09:26:00,1.25,12759.0,Netherlands,15.0,Sale
536592,17012D,ORIGAMI ROSE INCENSE/CANDLE SET ,1,2010-12-01 17:06:00,2.51,,United Kingdom,2.51,Sale
542528,22708,WRAP DOLLY GIRL,25,2011-01-28 13:04:00,0.42,13141.0,United Kingdom,10.5,Sale
561857,21790,VINTAGE SNAP CARDS,12,2011-07-29 16:24:00,0.85,13004.0,United Kingdom,10.2,Sale
564756,21313,GLASS HEART T-LIGHT HOLDER ,15,2011-08-30 10:33:00,1.63,,United Kingdom,24.45,Sale
539445,22423,REGENCY CAKESTAND 3 TIER,16,2010-12-17 15:57:00,10.95,17865.0,United Kingdom,175.2,Sale
572660,22672,FRENCH BATHROOM SIGN BLUE METAL,1,2011-10-25 12:30:00,1.65,14527.0,United Kingdom,1.65,Sale
572935,22910,PAPER CHAIN KIT VINTAGE CHRISTMAS,6,2011-10-27 10:26:00,2.95,14189.0,United Kingdom,17.700000000000003,Sale
576255,23271,CHRISTMAS TABLE SILVER CANDLE SPIKE,3,2011-11-14 14:09:00,0.83,15993.0,United Kingdom,2.49,Sale
561689,22420,LIPSTICK PEN BABY PINK,24,2011-07-29 09:01:00,0.42,15942.0,United Kingdom,10.08,Sale
550616,22907,PACK OF 20 NAPKINS PANTRY DESIGN,12,2011-04-19 12:59:00,0.85,15140.0,United Kingdom,10.2,Sale
578149,23353,6 GIFT TAGS VINTAGE CHRISTMAS ,1,2011-11-23 11:11:00,1.63,,United Kingdom,1.63,Sale
581439,15036,ASSORTED COLOURS SILK FAN,3,2011-12-08 16:30:00,1.63,,United Kingdom,4.89,Sale
557641,22028,PENNY FARTHING BIRTHDAY CARD,5,2011-06-21 16:35:00,0.83,,United Kingdom,4.15,Sale
546417,22745,POPPY'S PLAYHOUSE BEDROOM ,5,2011-03-13 10:48:00,2.1,14800.0,United Kingdom,10.5,Sale
557232,23190,BUNDLE OF 3 SCHOOL EXERCISE BOOKS  ,12,2011-06-17 14:28:00,1.65,12463.0,Belgium,19.8,Sale
572035,22025,RING OF ROSES BIRTHDAY CARD,144,2011-10-20 12:03:00,0.36,14646.0,Netherlands,51.84,Sale
562153,21558,SKULL LUNCH BOX WITH CUTLERY ,30,2011-08-03 11:21:00,2.1,14088.0,United Kingdom,63.0,Sale
538280,21871,SAVE THE PLANET MUG,12,2010-12-10 12:50:00,1.25,12748.0,United Kingdom,15.0,Sale
552694,23173,REGENCY TEAPOT ROSES ,3,2011-05-10 15:25:00,9.95,12749.0,United Kingdom,29.85,Sale
579777,22195,LARGE HEART MEASURING SPOONS,2,2011-11-30 15:13:00,3.29,,United Kingdom,6.58,Sale
548984,21121,SET/10 RED POLKADOT PARTY CANDLES,4,2011-04-05 12:37:00,1.25,14546.0,United Kingdom,5.0,Sale
544103,22519,CHILDS GARDEN BRUSH PINK,1,2011-02-16 10:33:00,2.1,17961.0,United Kingdom,2.1,Sale
570488,23184,BULL DOG BOTTLE OPENER,1,2011-10-10 17:12:00,10.79,14096.0,United Kingdom,10.79,Sale
573746,22077,6 RIBBONS RUSTIC CHARM,84,2011-11-01 09:01:00,1.95,13461.0,United Kingdom,163.79999999999998,Sale
569089,22077,6 RIBBONS RUSTIC CHARM,2,2011-09-30 12:03:00,1.95,13764.0,United Kingdom,3.9,Sale
551869,22984,CARD GINGHAM ROSE ,12,2011-05-04 16:36:00,0.42,16767.0,United Kingdom,5.04,Sale
567981,22645,CERAMIC HEART FAIRY CAKE MONEY BANK,9,2011-09-23 11:22:00,4.13,,United Kingdom,37.17,Sale
545580,22993,SET OF 4 PANTRY JELLY MOULDS,12,2011-03-04 08:43:00,1.25,13931.0,United Kingdom,15.0,Sale
546498,85150,LADIES & GENTLEMEN METAL SIGN,2,2011-03-14 11:44:00,2.55,15493.0,United Kingdom,5.1,Sale
579777,90198A,VINTAGE ROSE BEAD BRACELET RASPBERR,2,2011-11-30 15:13:00,4.15,,United Kingdom,8.3,Sale
553737,22203,MILK PAN RED RETROSPOT,4,2011-05-19 08:50:00,3.75,15116.0,United Kingdom,15.0,Sale
547892,22713,CARD I LOVE LONDON ,12,2011-03-28 10:15:00,0.42,12669.0,France,5.04,Sale
570127,47590B,PINK HAPPY BIRTHDAY BUNTING,3,2011-10-07 13:17:00,5.45,16900.0,United Kingdom,16.35,Sale
569046,23399,HOME SWEET HOME HANGING HEART,12,2011-09-30 10:48:00,0.85,14422.0,United Kingdom,10.2,Sale
554511,20701,PINK CAT FLORAL CUSHION COVER ,1,2011-05-24 15:52:00,4.13,,United Kingdom,4.13,Sale
548309,22587,FELTCRAFT HAIRBAND RED AND BLUE,2,2011-03-30 12:02:00,0.85,16657.0,United Kingdom,1.7,Sale
555275,22489,PACK OF 12 TRADITIONAL CRAYONS,1,2011-06-01 17:18:00,0.83,,United Kingdom,0.83,Sale
573772,22111,SCOTTIE DOG HOT WATER BOTTLE,2,2011-11-01 10:16:00,4.95,17377.0,United Kingdom,9.9,Sale
577893,M,Manual,1,2011-11-22 11:47:00,1.25,17073.0,United Kingdom,1.25,Sale
546738,22090,PAPER BUNTING RETROSPOT,40,2011-03-16 11:57:00,2.55,16422.0,United Kingdom,102.0,Sale
568686,85183A,CHARLIE & LOLA WASTEPAPER BIN BLUE,3,2011-09-28 14:26:00,1.25,16115.0,United Kingdom,3.75,Sale
539434,85131D,BEADED CRYSTAL HEART PINK ON STICK,1,2010-12-17 14:41:00,0.85,,United Kingdom,0.85,Sale
546465,85214,TUB 24 PINK FLOWER PEGS,1,2011-03-14 10:57:00,1.65,14395.0,United Kingdom,1.65,Sale
578901,22809,SET OF 6 T-LIGHTS SANTA,1,2011-11-27 11:47:00,2.95,17812.0,United Kingdom,2.95,Sale
547134,22880,NUMBER TILE VINTAGE FONT 1,4,2011-03-21 11:57:00,1.95,15996.0,United Kingdom,7.8,Sale
571441,23214,JINGLE BELL HEART ANTIQUE GOLD,1,2011-10-17 13:31:00,4.13,14096.0,United Kingdom,4.13,Sale
559289,37413,ICON MUG REVOLUTIONARY,6,2011-07-07 12:22:00,0.39,15719.0,United Kingdom,2.34,Sale
578258,23212,HEART WREATH DECORATION WITH BELL,5,2011-11-23 13:01:00,1.25,13263.0,United Kingdom,6.25,Sale
556108,84692,BOX OF 24 COCKTAIL PARASOLS,3,2011-06-08 17:59:00,0.83,,United Kingdom,2.49,Sale
576329,21891,TRADITIONAL WOODEN SKIPPING ROPE,3,2011-11-14 15:22:00,2.46,,United Kingdom,7.38,Sale
538508,22560,TRADITIONAL MODELLING CLAY,4,2010-12-12 13:32:00,1.25,15998.0,United Kingdom,5.0,Sale
567668,85087,CANDY SPOT CUSHION COVER,1,2011-09-21 15:29:00,3.29,,United Kingdom,3.29,Sale
541280,22892,SET OF SALT AND PEPPER TOADSTOOLS,12,2011-01-17 11:57:00,1.25,15296.0,United Kingdom,15.0,Sale
579501,23312,VINTAGE CHRISTMAS GIFT SACK,16,2011-11-29 16:16:00,3.75,14088.0,United Kingdom,60.0,Sale
555647,22840,ROUND CAKE TIN VINTAGE RED,2,2011-06-06 13:43:00,7.95,12957.0,United Kingdom,15.9,Sale
544434,90214C,"LETTER ""C"" BLING KEY RING",1,2011-02-18 16:12:00,0.83,,United Kingdom,0.83,Sale
550123,22514,CHILDS GARDEN SPADE BLUE,1,2011-04-14 12:39:00,2.1,,United Kingdom,2.1,Sale
559460,22417,PACK OF 60 SPACEBOY CAKE CASES,24,2011-07-08 13:00:00,0.55,13862.0,United Kingdom,13.2,Sale
539736,84596b,SMALL DOLLY MIX DESIGN ORANGE BOWL,1,2010-12-21 15:18:00,2.51,,United Kingdom,2.51,Sale
580089,22077,6 RIBBONS RUSTIC CHARM,12,2011-12-01 14:34:00,1.95,14732.0,United Kingdom,23.4,Sale
580127,22065,CHRISTMAS PUDDING TRINKET POT ,48,2011-12-01 17:51:00,0.39,14911.0,EIRE,18.72,Sale
545054,22295,HEART FILIGREE DOVE LARGE,1,2011-02-27 12:41:00,1.65,14472.0,United Kingdom,1.65,Sale
544097,22804,CANDLEHOLDER PINK HANGING HEART,32,2011-02-16 09:56:00,2.55,12455.0,Cyprus,81.6,Sale
554839,21374,MIRRORED WALL ART SKULLS,1,2011-05-26 17:15:00,3.75,14056.0,United Kingdom,3.75,Sale
543808,22720,SET OF 3 CAKE TINS PANTRY DESIGN ,1,2011-02-13 13:22:00,4.95,17454.0,United Kingdom,4.95,Sale
576692,22382,LUNCH BAG SPACEBOY DESIGN ,10,2011-11-16 12:21:00,1.65,17412.0,United Kingdom,16.5,Sale
575063,23213,STAR WREATH DECORATION WITH BELL,3,2011-11-08 12:32:00,1.25,16764.0,United Kingdom,3.75,Sale
561867,20725,LUNCH BAG RED RETROSPOT,2,2011-07-31 10:59:00,1.65,16931.0,United Kingdom,3.3,Sale
574353,22112,CHOCOLATE HOT WATER BOTTLE,3,2011-11-04 10:46:00,4.95,14659.0,United Kingdom,14.85,Sale
562256,22844,VINTAGE CREAM DOG FOOD CONTAINER,4,2011-08-03 15:14:00,8.5,15152.0,United Kingdom,34.0,Sale
575947,85039a,SET/4 RED MINI ROSE CANDLE IN BOWL,1,2011-11-13 11:50:00,3.29,,United Kingdom,3.29,Sale
577599,21094,SET/6 RED SPOTTY PAPER PLATES,24,2011-11-21 08:26:00,0.85,15738.0,United Kingdom,20.4,Sale
545667,21507,"ELEPHANT, BIRTHDAY CARD, ",1,2011-03-04 16:07:00,0.83,,United Kingdom,0.83,Sale
570027,22726,ALARM CLOCK BAKELIKE GREEN,4,2011-10-07 10:41:00,3.75,14844.0,United Kingdom,15.0,Sale
578233,22867,HAND WARMER BIRD DESIGN,1,2011-11-23 12:20:00,2.1,14049.0,United Kingdom,2.1,Sale
542003,22774,RED DRAWER KNOB ACRYLIC EDWARDIAN,24,2011-01-25 11:07:00,1.25,15311.0,United Kingdom,30.0,Sale
560225,21033,JUMBO BAG CHARLIE AND LOLA TOYS,1,2011-07-15 16:27:00,2.46,,United Kingdom,2.46,Sale
536620,21724,PANDA AND BUNNIES STICKER SHEET,12,2010-12-02 10:27:00,0.85,14135.0,United Kingdom,10.2,Sale
566079,22400,MAGNETS PACK OF 4 HOME SWEET HOME,24,2011-09-09 09:52:00,0.39,17593.0,United Kingdom,9.36,Sale
578526,23209,LUNCH BAG VINTAGE DOILY ,10,2011-11-24 14:22:00,1.65,13995.0,United Kingdom,16.5,Sale
570091,22584,PACK OF 6 PANNETONE GIFT BOXES,6,2011-10-07 11:47:00,2.55,15632.0,United Kingdom,15.3,Sale
561195,84596G,SMALL CHOCOLATES PINK BOWL,16,2011-07-25 13:57:00,0.42,14796.0,United Kingdom,6.72,Sale
567461,84031B,CHARLIE LOLA BLUE HOT WATER BOTTLE ,2,2011-09-20 12:31:00,4.96,,United Kingdom,9.92,Sale
556415,22558,CLOTHES PEGS RETROSPOT PACK 24 ,96,2011-06-10 12:19:00,1.45,12409.0,Switzerland,139.2,Sale
548768,22666,RECIPE BOX PANTRY YELLOW DESIGN,1,2011-04-04 12:34:00,2.95,17886.0,United Kingdom,2.95,Sale
539579,22725,ALARM CLOCK BAKELIKE CHOCOLATE,2,2010-12-20 12:51:00,3.75,16713.0,United Kingdom,7.5,Sale
578844,22998,TRAVEL CARD WALLET KEEP CALM,5,2011-11-25 16:14:00,0.83,,United Kingdom,4.15,Sale
567656,22738,RIBBON REEL SNOWY VILLAGE,4,2011-09-21 14:40:00,3.29,14096.0,United Kingdom,13.16,Sale
576690,21982,PACK OF 12 SUKI TISSUES ,2,2011-11-16 12:19:00,0.39,15900.0,United Kingdom,0.78,Sale
538863,22365,DOORMAT RESPECTABLE HOUSE,2,2010-12-14 14:15:00,7.95,16919.0,United Kingdom,15.9,Sale
571747,20975,12 PENCILS SMALL TUBE RED RETROSPOT,24,2011-10-19 10:59:00,0.65,13849.0,United Kingdom,15.6,Sale
575117,21929,JUMBO BAG PINK VINTAGE PAISLEY,1,2011-11-08 14:22:00,2.08,12748.0,United Kingdom,2.08,Sale
581437,22584,PACK OF 6 PANETTONE GIFT BOXES,12,2011-12-08 16:22:00,2.55,14621.0,United Kingdom,30.6,Sale
549526,22178,VICTORIAN GLASS HANGING T-LIGHT,24,2011-04-08 15:49:00,1.25,13630.0,United Kingdom,30.0,Sale
543178,22150,3 STRIPEY MICE FELTCRAFT,6,2011-02-04 10:31:00,1.95,14911.0,EIRE,11.7,Sale
581034,22383,LUNCH BAG SUKI DESIGN ,10,2011-12-07 10:48:00,1.65,17049.0,United Kingdom,16.5,Sale
559823,22621,TRADITIONAL KNITTING NANCY,12,2011-07-12 17:21:00,1.65,12919.0,United Kingdom,19.8,Sale
575739,22227,HANGING HEART MIRROR DECORATION ,1,2011-11-11 09:05:00,1.25,,United Kingdom,1.25,Sale
555275,21715,GIRLS VINTAGE TIN SEASIDE BUCKET,1,2011-06-01 17:18:00,4.96,,United Kingdom,4.96,Sale
544913,85049C,ROMANTIC PINKS RIBBONS ,2,2011-02-24 15:26:00,1.25,15543.0,United Kingdom,2.5,Sale
537781,22553,PLASTERS IN TIN SKULLS,1,2010-12-08 12:46:00,1.65,17341.0,United Kingdom,1.65,Sale
563534,23245,SET OF 3 REGENCY CAKE TINS,4,2011-08-17 11:37:00,4.95,14323.0,United Kingdom,19.8,Sale
560366,22460,EMBOSSED GLASS TEALIGHT HOLDER,12,2011-07-18 12:19:00,1.25,16859.0,United Kingdom,15.0,Sale
579516,22917,HERB MARKER ROSEMARY,1,2011-11-29 17:52:00,0.65,17841.0,United Kingdom,0.65,Sale
565616,85048,15CM CHRISTMAS GLASS BALL 20 LIGHTS,4,2011-09-05 15:26:00,7.95,15238.0,United Kingdom,31.8,Sale
577698,23078,ICE CREAM PEN LIP GLOSS ,24,2011-11-21 12:05:00,1.25,14963.0,United Kingdom,30.0,Sale
566290,23153,ZINC SWEETHEART WIRE LETTER RACK,2,2011-09-11 15:24:00,3.75,14456.0,United Kingdom,7.5,Sale
570249,22733,3D TRADITIONAL CHRISTMAS STICKERS,18,2011-10-10 08:58:00,1.25,17509.0,United Kingdom,22.5,Sale
558085,20725,LUNCH BAG RED RETROSPOT,10,2011-06-26 11:53:00,1.65,13021.0,United Kingdom,16.5,Sale
544323,22364,GLASS JAR DIGESTIVE BISCUITS,1,2011-02-17 15:51:00,5.79,,United Kingdom,5.79,Sale
548038,22241,GARLAND WOODEN HAPPY EASTER,12,2011-03-29 12:03:00,1.25,15696.0,United Kingdom,15.0,Sale
570019,20963,APPLE BATH SPONGE,2,2011-10-07 10:13:00,1.25,17841.0,United Kingdom,2.5,Sale
567462,23040,PAPER LANTERN 9 POINT SNOW STAR ,1,2011-09-20 12:35:00,5.75,14446.0,United Kingdom,5.75,Sale
537689,22207,FRYING PAN UNION FLAG,4,2010-12-08 10:36:00,4.25,15750.0,United Kingdom,17.0,Sale
545838,47590B,PINK HAPPY BIRTHDAY BUNTING,1,2011-03-07 13:33:00,5.45,14606.0,United Kingdom,5.45,Sale
561867,23206,LUNCH BAG APPLE DESIGN,3,2011-07-31 10:59:00,1.65,16931.0,United Kingdom,4.949999999999999,Sale
544599,21509,COWBOYS AND INDIANS BIRTHDAY CARD ,1,2011-02-21 18:15:00,0.83,,United Kingdom,0.83,Sale
574677,22413,METAL SIGN TAKE IT OR LEAVE IT ,1,2011-11-06 12:32:00,2.95,16445.0,United Kingdom,2.95,Sale
572542,21914,BLUE HARMONICA IN BOX ,12,2011-10-24 16:20:00,1.25,17272.0,United Kingdom,15.0,Sale
576855,23169,CLASSIC GLASS COOKIE JAR,1,2011-11-16 15:51:00,4.15,17757.0,United Kingdom,4.15,Sale
581473,22845,VINTAGE CREAM CAT FOOD CONTAINER,1,2011-12-08 19:57:00,6.35,12748.0,United Kingdom,6.35,Sale
538078,22366,DOORMAT AIRMAIL ,2,2010-12-09 14:25:00,7.95,16255.0,United Kingdom,15.9,Sale
573286,22582,PACK OF 6 SWEETIE GIFT BOXES,3,2011-10-28 14:38:00,2.55,,Switzerland,7.649999999999999,Sale
554511,23000,TRAVEL CARD WALLET TRANSPORT,1,2011-05-24 15:52:00,0.83,,United Kingdom,0.83,Sale
549953,21556,CERAMIC STRAWBERRY MONEY BOX,6,2011-04-13 13:15:00,2.55,12766.0,Portugal,15.3,Sale
545059,21992,VINTAGE PAISLEY STATIONERY SET,1,2011-02-27 13:04:00,2.95,14157.0,United Kingdom,2.95,Sale
536756,22945,CHRISTMAS METAL TAGS ASSORTED ,1,2010-12-02 14:23:00,0.85,,United Kingdom,0.85,Sale
560078,22693,GROW A FLYTRAP OR SUNFLOWER IN TIN,24,2011-07-14 16:12:00,1.25,16040.0,United Kingdom,30.0,Sale
545718,21354,TOAST ITS - BEST MUM,12,2011-03-07 10:22:00,1.25,12614.0,Germany,15.0,Sale
559506,22726,ALARM CLOCK BAKELIKE GREEN,1,2011-07-08 15:17:00,7.46,,United Kingdom,7.46,Sale
540468,21030,SPACE CADET RED,1,2011-01-07 13:55:00,0.85,,United Kingdom,0.85,Sale
574292,21166,COOK WITH WINE METAL SIGN ,1,2011-11-03 15:27:00,2.08,16914.0,United Kingdom,2.08,Sale
540464,85230E,STRAWBRY SCENTED VOTIVE CANDLE,48,2011-01-07 13:17:00,0.21,14298.0,United Kingdom,10.08,Sale
578923,21928,JUMBO BAG SCANDINAVIAN BLUE PAISLEY,2,2011-11-27 12:01:00,2.08,14527.0,United Kingdom,4.16,Sale
574276,23177,TREASURE ISLAND BOOK BOX,150,2011-11-03 14:39:00,1.95,17857.0,United Kingdom,292.5,Sale
551556,23053,RECYCLED ACAPULCO MAT PINK,2,2011-05-03 10:30:00,8.25,14191.0,United Kingdom,16.5,Sale
565839,85152,HAND OVER THE CHOCOLATE   SIGN ,12,2011-09-07 11:46:00,2.1,13186.0,United Kingdom,25.200000000000003,Sale
553577,21843,RED RETROSPOT CAKE STAND,4,2011-05-18 10:34:00,10.95,12437.0,France,43.8,Sale
564838,90003E,GREEN PAIR HEART HAIR SLIDES,1,2011-08-30 12:43:00,3.73,,United Kingdom,3.73,Sale
563532,22171,3 HOOK PHOTO SHELF ANTIQUE WHITE,12,2011-08-17 11:04:00,7.65,17511.0,United Kingdom,91.8,Sale
578063,21479,WHITE SKULL HOT WATER BOTTLE ,4,2011-11-22 15:36:00,4.25,16929.0,United Kingdom,17.0,Sale
548404,21871,SAVE THE PLANET MUG,12,2011-03-31 09:38:00,1.25,16398.0,United Kingdom,15.0,Sale
576339,23171,REGENCY TEA PLATE GREEN ,1,2011-11-14 15:27:00,3.29,14096.0,United Kingdom,3.29,Sale
562024,23198,PANTRY MAGNETIC  SHOPPING LIST,1,2011-08-01 16:07:00,3.29,,United Kingdom,3.29,Sale
574321,71477,COLOUR GLASS. STAR T-LIGHT HOLDER,1,2011-11-03 19:28:00,3.95,16016.0,United Kingdom,3.95,Sale
540821,35965,FOLKART HEART NAPKIN RINGS,1,2011-01-11 13:16:00,3.36,,United Kingdom,3.36,Sale
556459,22279,POCKET BAG BLUE PAISLEY RED SPOT,1,2011-06-10 17:25:00,2.46,,United Kingdom,2.46,Sale
538638,90190C,SILVER/AMETHYST DROP EARRINGS LEAF,2,2010-12-13 14:16:00,2.95,17231.0,United Kingdom,5.9,Sale
566193,84970L,SINGLE HEART ZINC T-LIGHT HOLDER,12,2011-09-09 13:37:00,1.25,14961.0,United Kingdom,15.0,Sale
581256,22735,RIBBON REEL SOCKS AND MITTENS,2,2011-12-08 11:21:00,4.13,,United Kingdom,8.26,Sale
539593,22940,FELTCRAFT CHRISTMAS FAIRY,4,2010-12-20 13:31:00,4.25,13319.0,United Kingdom,17.0,Sale
558348,22030,SWALLOWS GREETING CARD,12,2011-06-28 14:50:00,0.42,17188.0,United Kingdom,5.04,Sale
575959,23344,JUMBO BAG 50'S CHRISTMAS ,3,2011-11-13 12:27:00,2.08,14547.0,United Kingdom,6.24,Sale
568193,22144,CHRISTMAS CRAFT LITTLE FRIENDS,7,2011-09-25 14:37:00,2.1,17107.0,United Kingdom,14.7,Sale
573904,22385,JUMBO BAG SPACEBOY DESIGN,2,2011-11-01 14:54:00,2.08,14505.0,United Kingdom,4.16,Sale
538524,84598,BOYS ALPHABET IRON ON PATCHES,10,2010-12-13 09:35:00,0.43,,United Kingdom,4.3,Sale
554070,22212,FOUR HOOK  WHITE LOVEBIRDS,8,2011-05-22 11:06:00,2.1,13555.0,United Kingdom,16.8,Sale
541262,22759,SET OF 3 NOTEBOOKS IN PARCEL,1,2011-01-16 15:50:00,1.65,18069.0,United Kingdom,1.65,Sale
541256,22249,DECORATION WHITE CHICK MAGIC GARDEN,12,2011-01-16 14:36:00,0.85,13048.0,United Kingdom,10.2,Sale
577768,84978,HANGING HEART JAR T-LIGHT HOLDER,10,2011-11-21 15:18:00,2.46,,United Kingdom,24.6,Sale
537350,22556,PLASTERS IN TIN CIRCUS PARADE ,12,2010-12-06 12:23:00,1.65,14708.0,United Kingdom,19.8,Sale
544930,22470,HEART OF WICKER LARGE,1,2011-02-24 18:26:00,2.95,17472.0,United Kingdom,2.95,Sale
541120,22704,WRAP RED APPLES ,25,2011-01-14 09:13:00,0.42,12490.0,France,10.5,Sale
541497,85131D,BEADED CRYSTAL HEART PINK ON STICK,11,2011-01-18 15:19:00,0.83,,United Kingdom,9.13,Sale
578510,23190,BUNDLE OF 3 SCHOOL EXERCISE BOOKS  ,5,2011-11-24 13:25:00,1.65,14056.0,United Kingdom,8.25,Sale
563384,23322,LARGE WHITE HEART OF WICKER,5,2011-08-16 10:52:00,2.95,17315.0,United Kingdom,14.75,Sale
555562,21985,PACK OF 12 HEARTS DESIGN TISSUES ,20,2011-06-05 14:45:00,0.29,17841.0,United Kingdom,5.8,Sale
579512,23365,SET 12 COLOUR PENCILS LOVE LONDON,1,2011-11-29 16:47:00,1.25,,United Kingdom,1.25,Sale
547800,82483,WOOD 2 DRAWER CABINET WHITE FINISH,1,2011-03-25 12:55:00,6.95,14504.0,United Kingdom,6.95,Sale
581191,90192,JADE DROP EARRINGS W FILIGREE,2,2011-12-07 16:56:00,4.95,17449.0,United Kingdom,9.9,Sale
544461,22680,FRENCH BLUE METAL DOOR SIGN 5,20,2011-02-20 14:08:00,1.25,13744.0,United Kingdom,25.0,Sale
555525,22781,GUMBALL MAGAZINE RACK,2,2011-06-05 11:40:00,7.65,14709.0,United Kingdom,15.3,Sale
546212,21977,PACK OF 60 PINK PAISLEY CAKE CASES,240,2011-03-10 11:33:00,0.42,14156.0,EIRE,100.8,Sale
563098,23207,LUNCH BAG ALPHABET DESIGN,10,2011-08-12 09:14:00,1.65,14911.0,EIRE,16.5,Sale
549148,22411,JUMBO SHOPPER VINTAGE RED PAISLEY,5,2011-04-06 15:31:00,2.08,14534.0,United Kingdom,10.4,Sale
553504,71459,HANGING JAM JAR T-LIGHT HOLDER,12,2011-05-17 13:26:00,0.85,13310.0,United Kingdom,10.2,Sale
563262,72802A,ROSE SCENT CANDLE IN JEWELLED BOX,1,2011-08-15 12:44:00,4.25,15311.0,United Kingdom,4.25,Sale
579508,90180A,BLACK+WHITE NECKLACE W TASSEL,1,2011-11-29 16:33:00,9.98,,United Kingdom,9.98,Sale
569202,90120C,GREEN MURANO TWIST BRACELET,1,2011-09-30 17:22:00,4.15,,United Kingdom,4.15,Sale
552269,22926,IVORY GIANT GARDEN THERMOMETER,2,2011-05-08 11:52:00,5.95,16121.0,United Kingdom,11.9,Sale
572743,21931,JUMBO STORAGE BAG SUKI,10,2011-10-25 16:13:00,2.08,14482.0,United Kingdom,20.8,Sale
564857,22771,CLEAR DRAWER KNOB ACRYLIC EDWARDIAN,9,2011-08-31 09:23:00,2.46,,United Kingdom,22.14,Sale
572552,22991,GIRAFFE WOODEN RULER,4,2011-10-24 17:07:00,4.13,14096.0,United Kingdom,16.52,Sale
559307,22355,CHARLOTTE BAG SUKI DESIGN,10,2011-07-07 13:02:00,0.85,15356.0,United Kingdom,8.5,Sale
540635,22676,FRENCH BLUE METAL DOOR SIGN 1,10,2011-01-10 12:03:00,1.25,14229.0,United Kingdom,12.5,Sale
560828,22228,BUNNY WOODEN PAINTED WITH BIRD ,24,2011-07-21 11:55:00,0.39,14298.0,United Kingdom,9.36,Sale
560279,82494L,WOODEN FRAME ANTIQUE WHITE ,6,2011-07-17 15:47:00,2.95,14198.0,United Kingdom,17.700000000000003,Sale
554275,21166,COOK WITH WINE METAL SIGN ,8,2011-05-23 13:17:00,2.08,14903.0,United Kingdom,16.64,Sale
564372,22403,MAGNETS PACK OF 4 VINTAGE LABELS ,12,2011-08-25 09:55:00,0.39,12714.0,France,4.68,Sale
568791,21876,POTTERING MUG,12,2011-09-29 09:51:00,1.65,16650.0,United Kingdom,19.8,Sale
577741,20971,PINK BLUE FELT CRAFT TRINKET BOX,12,2011-11-21 13:40:00,1.25,12921.0,United Kingdom,15.0,Sale
568328,22348,TEA BAG PLATE RED RETROSPOT,13,2011-09-26 14:06:00,0.85,18016.0,United Kingdom,11.05,Sale
575177,84549,CROCHET WHITE RABBIT KEYRING ,1,2011-11-08 18:41:00,3.29,,United Kingdom,3.29,Sale
568211,22579,WOODEN TREE CHRISTMAS SCANDINAVIAN,24,2011-09-25 15:59:00,0.29,13429.0,United Kingdom,6.959999999999999,Sale
538877,20677,PINK POLKADOT BOWL,3,2010-12-14 15:29:00,3.36,,United Kingdom,10.08,Sale
575070,23348,CHILDRENS TOY COOKING UTENSIL SET,2,2011-11-08 12:58:00,2.08,17841.0,United Kingdom,4.16,Sale
548401,22595,GINGHAM HEART DECORATION,12,2011-03-31 09:07:00,0.85,14479.0,United Kingdom,10.2,Sale
539501,51020A,SUMMER FUN DESIGN SHOWER CAP,6,2010-12-20 11:08:00,1.25,17085.0,United Kingdom,7.5,Sale
580720,23090,VINTAGE GLASS T-LIGHT HOLDER,4,2011-12-05 16:55:00,0.83,14629.0,United Kingdom,3.32,Sale
571714,84596G,SMALL CHOCOLATES PINK BOWL,1,2011-10-18 17:00:00,0.83,,United Kingdom,0.83,Sale
545227,20754,RETROSPOT RED WASHING UP GLOVES,6,2011-03-01 09:35:00,2.1,12428.0,Finland,12.6,Sale
574074,21773,DECORATIVE ROSE BATHROOM BOTTLE,2,2011-11-02 15:33:00,2.46,,United Kingdom,4.92,Sale
557632,23206,LUNCH BAG APPLE DESIGN,10,2011-06-21 15:07:00,1.65,17420.0,United Kingdom,16.5,Sale
540418,21523,DOORMAT FANCY FONT HOME SWEET HOME,1,2011-01-07 11:04:00,14.43,,United Kingdom,14.43,Sale
566431,23353,6 GIFT TAGS VINTAGE CHRISTMAS ,24,2011-09-12 14:39:00,0.83,18180.0,United Kingdom,19.92,Sale
561923,23200,JUMBO BAG PEARS,10,2011-08-01 12:16:00,2.08,14112.0,United Kingdom,20.8,Sale
555819,79321,CHILLI LIGHTS,4,2011-06-07 12:00:00,5.75,15073.0,United Kingdom,23.0,Sale
581413,21137,BLACK RECORD COVER FRAME,24,2011-12-08 14:39:00,3.39,16833.0,United Kingdom,81.36,Sale
540249,37448,CERAMIC CAKE DESIGN SPOTTED MUG,12,2011-01-05 16:00:00,1.49,15298.0,United Kingdom,17.88,Sale
568331,22577,WOODEN HEART CHRISTMAS SCANDINAVIAN,24,2011-09-26 14:25:00,0.29,16600.0,United Kingdom,6.959999999999999,Sale
563384,90096,NECKLACE+BRACELET SET BLUE BLOSSOM,1,2011-08-16 10:52:00,2.55,17315.0,United Kingdom,2.55,Sale
572549,22150,3 STRIPEY MICE FELTCRAFT,1,2011-10-24 17:03:00,4.13,,United Kingdom,4.13,Sale
573094,22109,FULL ENGLISH BREAKFAST PLATE,1,2011-10-27 14:39:00,3.75,15707.0,United Kingdom,3.75,Sale
579470,85123A,WHITE HANGING HEART T-LIGHT HOLDER,6,2011-11-29 15:06:00,2.95,16549.0,United Kingdom,17.700000000000003,Sale
575188,23374,RED SPOT PAPER GIFT BAG,10,2011-11-09 09:07:00,0.82,16759.0,United Kingdom,8.2,Sale
554349,15044D,RED PAPER PARASOL,6,2011-05-24 08:49:00,2.95,14191.0,United Kingdom,17.700000000000003,Sale
575947,23182,TOILET SIGN OCCUPIED OR VACANT,3,2011-11-13 11:50:00,2.5,,United Kingdom,7.5,Sale
562542,22024,RAINY LADIES BIRTHDAY CARD,12,2011-08-05 15:40:00,0.42,17377.0,United Kingdom,5.04,Sale
544352,22908,PACK OF 20 NAPKINS RED APPLES,12,2011-02-18 10:16:00,0.85,15290.0,United Kingdom,10.2,Sale
561706,71459,HANGING JAM JAR T-LIGHT HOLDER,12,2011-07-29 11:25:00,0.85,14735.0,United Kingdom,10.2,Sale
576066,23343,JUMBO BAG VINTAGE CHRISTMAS ,1,2011-11-13 15:44:00,2.08,16898.0,United Kingdom,2.08,Sale
569212,21754,HOME BUILDING BLOCK WORD,4,2011-10-02 12:05:00,6.25,15164.0,United Kingdom,25.0,Sale
545081,22960,JAM MAKING SET WITH JARS,6,2011-02-28 10:35:00,4.25,16057.0,United Kingdom,25.5,Sale
546976,21658,GLASS  BEURRE DISH,1,2011-03-18 12:08:00,8.29,,United Kingdom,8.29,Sale
549155,85015,SET OF 12  VINTAGE POSTCARD SET,1,2011-04-06 17:08:00,2.46,,United Kingdom,2.46,Sale
569835,23534,WALL ART STOP FOR TEA ,6,2011-10-06 13:05:00,5.95,15518.0,United Kingdom,35.7,Sale
578248,23295,SET OF 12 MINI LOAF BAKING CASES,8,2011-11-23 12:40:00,0.83,16255.0,United Kingdom,6.64,Sale
568567,23188,VINTAGE  2 METER FOLDING RULER,1,2011-09-27 18:41:00,3.29,,United Kingdom,3.29,Sale
539245,22575,METAL MERRY CHRISTMAS WREATH,1,2010-12-16 13:25:00,1.95,,United Kingdom,1.95,Sale
560035,20685,DOORMAT RED RETROSPOT,6,2011-07-14 13:41:00,7.95,17706.0,United Kingdom,47.7,Sale
555558,21212,PACK OF 72 RETROSPOT CAKE CASES,1,2011-06-05 14:06:00,0.55,14159.0,United Kingdom,0.55,Sale
542625,22196,SMALL HEART MEASURING SPOONS,2,2011-01-31 09:50:00,1.63,,United Kingdom,3.26,Sale
557484,21340,CLASSIC METAL BIRDCAGE PLANT HOLDER,1,2011-06-20 14:36:00,12.75,14796.0,United Kingdom,12.75,Sale
547577,85152,HAND OVER THE CHOCOLATE   SIGN ,48,2011-03-24 10:37:00,1.85,13183.0,United Kingdom,88.80000000000001,Sale
536603,22632,HAND WARMER RED POLKA DOT,6,2010-12-02 08:40:00,1.85,17850.0,United Kingdom,11.1,Sale
572653,23209,LUNCH BAG VINTAGE DOILY ,4,2011-10-25 12:12:00,1.65,15861.0,United Kingdom,6.6,Sale
569491,22554,PLASTERS IN TIN WOODLAND ANIMALS,4,2011-10-04 13:25:00,1.65,14056.0,United Kingdom,6.6,Sale
566976,22910,PAPER CHAIN KIT VINTAGE CHRISTMAS,6,2011-09-16 09:27:00,2.95,15382.0,United Kingdom,17.700000000000003,Sale
550579,22029,SPACEBOY BIRTHDAY CARD,12,2011-04-19 11:52:00,0.42,13266.0,United Kingdom,5.04,Sale
552166,85123A,WHITE HANGING HEART T-LIGHT HOLDER,6,2011-05-06 12:21:00,2.95,13475.0,United Kingdom,17.700000000000003,Sale
566787,85150,LADIES & GENTLEMEN METAL SIGN,3,2011-09-15 10:31:00,4.96,,United Kingdom,14.88,Sale
573492,21992,VINTAGE PAISLEY STATIONERY SET,1,2011-10-31 11:57:00,1.25,13544.0,United Kingdom,1.25,Sale
578065,22306,SILVER MUG BONE CHINA TREE OF LIFE,1,2011-11-22 15:41:00,8.29,,United Kingdom,8.29,Sale
574321,22650,CERAMIC PIRATE CHEST MONEY BANK,4,2011-11-03 19:28:00,1.45,16016.0,United Kingdom,5.8,Sale
575908,21068,VINTAGE BILLBOARD LOVE/HATE MUG,12,2011-11-11 15:54:00,1.25,13091.0,United Kingdom,15.0,Sale
580367,22560,TRADITIONAL MODELLING CLAY,1,2011-12-02 16:39:00,2.46,,United Kingdom,2.46,Sale
578358,22835,HOT WATER BOTTLE I AM SO POORLY,24,2011-11-24 10:35:00,4.25,15482.0,United Kingdom,102.0,Sale
550458,84031A,CHARLIE+LOLA RED HOT WATER BOTTLE ,1,2011-04-18 13:13:00,4.13,,United Kingdom,4.13,Sale
568721,22669,RED BABY BUNTING ,1,2011-09-28 16:24:00,5.79,,United Kingdom,5.79,Sale
564093,22770,MIRROR CORNICE,2,2011-08-23 10:29:00,14.95,14930.0,Channel Islands,29.9,Sale
548863,22411,JUMBO SHOPPER VINTAGE RED PAISLEY,2,2011-04-04 13:57:00,2.08,15311.0,United Kingdom,4.16,Sale
581219,22352,LUNCH BOX WITH CUTLERY RETROSPOT ,1,2011-12-08 09:28:00,4.96,,United Kingdom,4.96,Sale
560244,22585,PACK OF 6 BIRDY GIFT TAGS,6,2011-07-17 12:14:00,1.25,16931.0,United Kingdom,7.5,Sale
545995,84792,ENCHANTED BIRD COATHANGER 5 HOOK,2,2011-03-08 13:54:00,4.65,15023.0,United Kingdom,9.3,Sale
570459,21823,PAINTED METAL HEART WITH HOLLY BELL,24,2011-10-10 15:42:00,0.39,15801.0,United Kingdom,9.36,Sale
560209,85176,SEWING SUSAN 21 NEEDLE SET,2,2011-07-15 14:05:00,0.85,15004.0,United Kingdom,1.7,Sale
579512,22592,CARDHOLDER HOLLY WREATH METAL,1,2011-11-29 16:47:00,7.46,,United Kingdom,7.46,Sale
540359,21679,SKULLS  STICKERS,18,2011-01-06 15:29:00,0.85,18041.0,United Kingdom,15.3,Sale
547839,82483,WOOD 2 DRAWER CABINET WHITE FINISH,6,2011-03-27 10:54:00,6.95,12916.0,United Kingdom,41.7,Sale
546502,21090,SET/6 COLLAGE PAPER PLATES,1,2011-03-14 11:46:00,0.85,16005.0,United Kingdom,0.85,Sale
571377,22072,RED RETROSPOT TEA CUP AND SAUCER ,4,2011-10-17 11:56:00,3.75,14911.0,EIRE,15.0,Sale
569470,82552,WASHROOM METAL SIGN,2,2011-10-04 12:25:00,1.45,17673.0,United Kingdom,2.9,Sale
541422,22961,JAM MAKING SET PRINTED,1,2011-01-17 17:48:00,3.29,,United Kingdom,3.29,Sale
570698,85053,FRENCH ENAMEL CANDLEHOLDER,18,2011-10-12 09:13:00,2.1,18171.0,United Kingdom,37.8,Sale
567552,22726,ALARM CLOCK BAKELIKE GREEN,8,2011-09-21 10:40:00,3.75,12583.0,France,30.0,Sale
558484,22055,MINI CAKE STAND  HANGING STRAWBERY,16,2011-06-30 10:09:00,1.65,14267.0,United Kingdom,26.4,Sale
567656,22982,PANTRY PASTRY BRUSH,1,2011-09-21 14:40:00,2.46,14096.0,United Kingdom,2.46,Sale
569491,22993,SET OF 4 PANTRY JELLY MOULDS,2,2011-10-04 13:25:00,1.25,14056.0,United Kingdom,2.5,Sale
568712,22457,NATURAL SLATE HEART CHALKBOARD ,7,2011-09-28 15:50:00,2.95,17841.0,United Kingdom,20.65,Sale
544098,21984,PACK OF 12 PINK PAISLEY TISSUES ,24,2011-02-16 10:04:00,0.29,16019.0,United Kingdom,6.959999999999999,Sale
575087,20914,SET/5 RED RETROSPOT LID GLASS BOWLS,1,2011-11-08 13:57:00,2.95,16549.0,United Kingdom,2.95,Sale
573585,84536A,ENGLISH ROSE NOTEBOOK A7 SIZE,11,2011-10-31 14:41:00,0.83,,United Kingdom,9.13,Sale
575477,23245,SET OF 3 REGENCY CAKE TINS,2,2011-11-09 16:14:00,10.79,,United Kingdom,21.58,Sale
579508,85099F,JUMBO BAG STRAWBERRY,1,2011-11-29 16:33:00,4.13,,United Kingdom,4.13,Sale
551152,22355,CHARLOTTE BAG SUKI DESIGN,1,2011-04-26 14:47:00,0.85,13230.0,United Kingdom,0.85,Sale
553387,23084,RABBIT NIGHT LIGHT,2,2011-05-16 16:33:00,4.13,,United Kingdom,8.26,Sale
579196,21948,SET OF 6 CAKE CHOPSTICKS,4,2011-11-28 15:54:00,2.46,14096.0,United Kingdom,9.84,Sale
543285,21399,BLUE POLKADOT COFFEE MUG,6,2011-02-07 09:48:00,2.1,14600.0,United Kingdom,12.6,Sale
570236,23208,LUNCH BAG VINTAGE LEAF DESIGN,1,2011-10-09 14:45:00,1.65,,United Kingdom,1.65,Sale
565841,23006,TRAVEL CARD WALLET FLOWER MEADOW,1,2011-09-07 12:04:00,0.83,,United Kingdom,0.83,Sale
573396,16236,KITTY PENCIL ERASERS,1,2011-10-30 15:13:00,0.21,14723.0,United Kingdom,0.21,Sale
568703,22895,SET OF 2 TEA TOWELS APPLE AND PEARS,3,2011-09-28 15:21:00,3.25,12748.0,United Kingdom,9.75,Sale
578020,23300,GARDENERS KNEELING PAD CUP OF TEA ,6,2011-11-22 13:20:00,1.65,16979.0,United Kingdom,9.9,Sale
541473,22435,SET OF 9 HEART SHAPED BALLOONS,36,2011-01-18 11:30:00,1.25,17491.0,United Kingdom,45.0,Sale
553679,20796,SMALL BLUE PROVENCAL CERAMIC BALL,12,2011-05-18 13:09:00,1.65,14565.0,United Kingdom,19.8,Sale
555845,22293,HANGING CHICK GREEN DECORATION,2,2011-06-07 13:19:00,1.45,17015.0,United Kingdom,2.9,Sale
543250,22521,CHILDS GARDEN TROWEL PINK,12,2011-02-04 14:46:00,0.85,13911.0,United Kingdom,10.2,Sale
540472,22862,LOVE HEART NAPKIN BOX ,4,2011-01-07 14:22:00,4.25,18179.0,United Kingdom,17.0,Sale
540026,22249,DECORATION WHITE CHICK MAGIC GARDEN,16,2011-01-04 13:25:00,0.81,,United Kingdom,12.96,Sale
546406,21401,BLUE PUDDING SPOON,1,2011-03-11 16:21:00,0.42,,United Kingdom,0.42,Sale
581166,22587,FELTCRAFT HAIRBAND RED AND BLUE,2,2011-12-07 14:43:00,0.85,15525.0,United Kingdom,1.7,Sale
546440,21508,VINTAGE KID DOLLY CARD ,12,2011-03-14 10:31:00,0.42,16871.0,United Kingdom,5.04,Sale
574550,23445,ICE CREAM BUBBLES,20,2011-11-04 15:18:00,0.83,12484.0,Spain,16.599999999999998,Sale
552866,21669,BLUE STRIPE CERAMIC DRAWER KNOB,6,2011-05-11 17:36:00,1.25,,United Kingdom,7.5,Sale
566914,22917,HERB MARKER ROSEMARY,6,2011-09-15 14:08:00,0.65,15466.0,United Kingdom,3.9,Sale
548492,22659,LUNCH BOX I LOVE LONDON,1,2011-03-31 13:14:00,1.95,17841.0,United Kingdom,1.95,Sale
550542,22197,SMALL POPCORN HOLDER,4,2011-04-19 11:37:00,1.63,,United Kingdom,6.52,Sale
558918,23173,REGENCY TEAPOT ROSES ,2,2011-07-05 09:53:00,9.95,15646.0,United Kingdom,19.9,Sale
564817,21992,VINTAGE PAISLEY STATIONERY SET,2,2011-08-30 12:02:00,2.46,,United Kingdom,4.92,Sale
542895,85066,CREAM SWEETHEART MINI CHEST,1,2011-02-01 13:47:00,12.75,14549.0,United Kingdom,12.75,Sale
553509,20971,PINK BLUE FELT CRAFT TRINKET BOX,12,2011-05-17 13:44:00,1.25,17220.0,United Kingdom,15.0,Sale
538662,20704,MR ROBOT SOFT TOY,8,2010-12-13 15:44:00,1.95,15159.0,United Kingdom,15.6,Sale
565320,21211,SET OF 72 SKULL PAPER  DOILIES,3,2011-09-02 13:10:00,1.45,16745.0,United Kingdom,4.35,Sale
577077,23322,LARGE WHITE HEART OF WICKER,1,2011-11-17 15:16:00,2.95,17799.0,United Kingdom,2.95,Sale
581175,23171,REGENCY TEA PLATE GREEN ,48,2011-12-07 15:16:00,1.45,14646.0,Netherlands,69.6,Sale
569132,23329,DECORATIVE WICKER HEART LARGE,3,2011-09-30 13:54:00,1.65,17757.0,United Kingdom,4.949999999999999,Sale
568716,22814,CARD PARTY GAMES ,1,2011-09-28 16:13:00,0.42,,United Kingdom,0.42,Sale
564727,22327,ROUND SNACK BOXES SET OF 4 SKULLS,1,2011-08-28 12:31:00,2.95,16686.0,United Kingdom,2.95,Sale
574015,22796,PHOTO FRAME 3 CLASSIC HANGING,4,2011-11-02 12:03:00,9.95,15576.0,United Kingdom,39.8,Sale
560878,22553,PLASTERS IN TIN SKULLS,2,2011-07-21 15:16:00,1.65,14410.0,United Kingdom,3.3,Sale
579134,20727,LUNCH BAG  BLACK SKULL.,20,2011-11-28 12:38:00,1.65,13115.0,United Kingdom,33.0,Sale
549885,22456,NATURAL SLATE CHALKBOARD LARGE ,3,2011-04-12 15:32:00,4.95,17204.0,United Kingdom,14.85,Sale
546974,22379,RECYCLING BAG RETROSPOT ,1,2011-03-18 12:08:00,4.96,,United Kingdom,4.96,Sale
536412,21731,RED TOADSTOOL LED NIGHT LIGHT,5,2010-12-01 11:49:00,1.65,17920.0,United Kingdom,8.25,Sale
547517,22661,CHARLOTTE BAG DOLLY GIRL DESIGN,20,2011-03-23 14:33:00,0.85,12395.0,Belgium,17.0,Sale
547399,22456,NATURAL SLATE CHALKBOARD LARGE ,1,2011-03-22 16:55:00,9.96,,United Kingdom,9.96,Sale
580115,23434,3 RAFFIA RIBBONS 50'S CHRISTMAS ,3,2011-12-01 16:22:00,0.83,,United Kingdom,2.49,Sale
540539,84879,ASSORTED COLOUR BIRD ORNAMENT,48,2011-01-09 14:42:00,1.69,18260.0,United Kingdom,81.12,Sale
541405,22629,SPACEBOY LUNCH BOX ,12,2011-01-17 15:17:00,1.95,12683.0,France,23.4,Sale
558536,23298,SPOTTY BUNTING,24,2011-06-30 12:06:00,4.95,12424.0,Australia,118.8,Sale
537823,21389,IVORY HANGING DECORATION  BIRD,1,2010-12-08 14:25:00,1.66,,United Kingdom,1.66,Sale
550925,22669,RED BABY BUNTING ,5,2011-04-21 14:37:00,2.95,17061.0,United Kingdom,14.75,Sale
577793,71459,HANGING JAM JAR T-LIGHT HOLDERS,12,2011-11-21 16:40:00,0.85,13468.0,United Kingdom,10.2,Sale
564838,22489,PACK OF 12 TRADITIONAL CRAYONS,2,2011-08-30 12:43:00,0.83,,United Kingdom,1.66,Sale
577480,21682,LARGE MEDINA STAMPED METAL BOWL ,2,2011-11-20 11:37:00,4.95,14525.0,United Kingdom,9.9,Sale
548983,21038,SET/4 MODERN VINTAGE COTTON NAPKINS,1,2011-04-05 12:30:00,0.79,16906.0,United Kingdom,0.79,Sale
555263,84596F,SMALL MARSHMALLOWS PINK BOWL,16,2011-06-01 15:47:00,0.42,15192.0,United Kingdom,6.72,Sale
578255,22090,PAPER BUNTING RETROSPOT,1,2011-11-23 12:58:00,2.95,14675.0,United Kingdom,2.95,Sale
550255,48185,DOORMAT FAIRY CAKE,4,2011-04-15 11:47:00,7.95,13468.0,United Kingdom,31.8,Sale
557951,23343,JUMBO BAG VINTAGE CHRISTMAS ,10,2011-06-23 17:53:00,2.08,14825.0,United Kingdom,20.8,Sale
562031,22998,TRAVEL CARD WALLET KEEP CALM,3,2011-08-01 17:37:00,0.42,16984.0,United Kingdom,1.26,Sale
575668,23206,LUNCH BAG APPLE DESIGN,1,2011-11-10 14:59:00,1.65,18283.0,United Kingdom,1.65,Sale
547372,22499,WOODEN UNION JACK BUNTING,4,2011-03-22 13:46:00,5.95,16374.0,United Kingdom,23.8,Sale
546116,84755,COLOUR GLASS T-LIGHT HOLDER HANGING,32,2011-03-09 13:53:00,0.65,15367.0,United Kingdom,20.8,Sale
548373,22630,DOLLY GIRL LUNCH BOX,2,2011-03-30 16:34:00,4.13,,United Kingdom,8.26,Sale
546008,85014A,BLACK/BLUE POLKADOT UMBRELLA,1,2011-03-08 15:43:00,12.46,,United Kingdom,12.46,Sale
569641,22580,ADVENT CALENDAR GINGHAM SACK,6,2011-10-05 12:27:00,5.95,12841.0,United Kingdom,35.7,Sale
560772,21791,VINTAGE HEADS AND TAILS CARD GAME ,2,2011-07-20 16:12:00,2.46,,United Kingdom,4.92,Sale
542923,22384,LUNCH BAG PINK POLKADOT,10,2011-02-02 09:08:00,1.65,14665.0,United Kingdom,16.5,Sale
542623,21485,RETROSPOT HEART HOT WATER BOTTLE,3,2011-01-31 09:41:00,4.95,17239.0,United Kingdom,14.85,Sale
568054,22624,IVORY KITCHEN SCALES,2,2011-09-23 12:50:00,8.5,16978.0,United Kingdom,17.0,Sale
558105,22553,PLASTERS IN TIN SKULLS,2,2011-06-26 14:54:00,1.65,15644.0,United Kingdom,3.3,Sale
580500,23298,SPOTTY BUNTING,7,2011-12-04 12:52:00,4.95,17131.0,United Kingdom,34.65,Sale
567822,23326,HANGING MINI COLOURED BOTTLES,48,2011-09-22 12:54:00,0.63,17644.0,United Kingdom,30.24,Sale
549239,22659,LUNCH BOX I LOVE LONDON,12,2011-04-07 11:37:00,1.95,13102.0,United Kingdom,23.4,Sale
579744,23434,3 RAFFIA RIBBONS 50'S CHRISTMAS ,3,2011-11-30 14:38:00,0.79,,United Kingdom,2.37,Sale
566008,85071A,BLUE CHARLIE+LOLA PERSONAL DOORSIGN,4,2011-09-08 12:04:00,0.39,16426.0,United Kingdom,1.56,Sale
546873,21175,GIN + TONIC DIET METAL SIGN,24,2011-03-17 16:23:00,2.55,17591.0,United Kingdom,61.2,Sale
579187,22593,CHRISTMAS GINGHAM STAR,1,2011-11-28 15:31:00,1.63,,United Kingdom,1.63,Sale
549104,47580,TEA TIME DES TEA COSY,2,2011-04-06 11:43:00,2.55,15311.0,United Kingdom,5.1,Sale
577527,20972,PINK CREAM FELT CRAFT TRINKET BOX ,5,2011-11-20 13:40:00,1.25,17523.0,United Kingdom,6.25,Sale
550953,84378,SET OF 3 HEART COOKIE CUTTERS,1,2011-04-21 16:17:00,2.46,,United Kingdom,2.46,Sale
540971,22630,DOLLY GIRL LUNCH BOX,12,2011-01-12 14:10:00,1.95,12383.0,Belgium,23.4,Sale
577633,22139,RETROSPOT TEA SET CERAMIC 11 PC ,6,2011-11-21 10:35:00,4.95,14194.0,United Kingdom,29.700000000000003,Sale
564825,23228,FILIGREE HEART BIRD WHITE ,1,2011-08-30 12:26:00,2.46,,United Kingdom,2.46,Sale
539475,22758,LARGE PURPLE BABUSHKA NOTEBOOK  ,1,2010-12-19 14:41:00,1.25,16686.0,United Kingdom,1.25,Sale
537239,22766,PHOTO FRAME CORNICE,8,2010-12-06 10:05:00,2.95,18219.0,United Kingdom,23.6,Sale
561113,20615,BLUE POLKADOT PASSPORT COVER,5,2011-07-25 12:09:00,0.75,17841.0,United Kingdom,3.75,Sale
543354,21459,YELLOW EASTER EGG HUNT START POST,6,2011-02-07 13:50:00,1.95,13458.0,United Kingdom,11.7,Sale
553148,47599A,PINK PARTY BAGS,6,2011-05-13 14:09:00,2.1,,Hong Kong,12.6,Sale
581578,21121,SET/10 RED POLKADOT PARTY CANDLES,24,2011-12-09 12:16:00,1.25,12713.0,Germany,30.0,Sale
577109,23493,VINTAGE DOILY TRAVEL SEWING KIT,10,2011-11-17 17:50:00,1.95,16042.0,United Kingdom,19.5,Sale
543804,21671,RED SPOT CERAMIC DRAWER KNOB,12,2011-02-13 12:17:00,1.25,16434.0,United Kingdom,15.0,Sale
573300,21174,POTTERING IN THE SHED METAL SIGN,1,2011-10-28 16:10:00,2.08,16049.0,United Kingdom,2.08,Sale
564572,20711,JUMBO BAG TOYS ,10,2011-08-26 11:18:00,2.08,15078.0,United Kingdom,20.8,Sale
543013,DOT,DOTCOM POSTAGE,1,2011-02-02 13:35:00,174.12,,United Kingdom,174.12,Sale
547830,22249,DECORATION WHITE CHICK MAGIC GARDEN,1,2011-03-25 15:50:00,1.63,,United Kingdom,1.63,Sale
540354,85036B,CHOCOLATE 1 WICK MORRIS BOX CANDLE,12,2011-01-06 14:58:00,1.25,13576.0,United Kingdom,15.0,Sale
539641,22845,VINTAGE CREAM CAT FOOD CONTAINER,2,2010-12-20 15:30:00,6.35,15311.0,United Kingdom,12.7,Sale
543134,M,Manual,1,2011-02-03 15:28:00,15.0,15885.0,United Kingdom,15.0,Sale
563534,23173,REGENCY TEAPOT ROSES ,2,2011-08-17 11:37:00,9.95,14323.0,United Kingdom,19.9,Sale
551170,37370,RETRO COFFEE MUGS ASSORTED,12,2011-04-26 16:40:00,1.25,15145.0,United Kingdom,15.0,Sale
565231,22446,PIN CUSHION BABUSHKA PINK,4,2011-09-02 09:26:00,2.46,,United Kingdom,9.84,Sale
574559,23209,LUNCH BAG VINTAGE DOILY ,5,2011-11-04 15:50:00,1.65,14056.0,United Kingdom,8.25,Sale
541696,21212,PACK OF 72 RETROSPOT CAKE CASES,1,2011-01-20 18:08:00,1.25,,United Kingdom,1.25,Sale
555927,84077,WORLD WAR 2 GLIDERS ASSTD DESIGNS,48,2011-06-07 17:43:00,0.29,,United Kingdom,13.919999999999998,Sale
547223,20725,LUNCH BAG RED RETROSPOT,2,2011-03-21 15:10:00,1.65,12867.0,United Kingdom,3.3,Sale
576077,20685,DOORMAT RED RETROSPOT,1,2011-11-13 16:22:00,8.25,16720.0,United Kingdom,8.25,Sale
571742,21464,DISCO BALL ROTATOR BATTERY OPERATED,2,2011-10-19 10:36:00,4.25,12971.0,United Kingdom,8.5,Sale
576300,23372,SET 36 COLOUR PENCILS DOLLY GIRL,1,2011-11-14 14:39:00,1.25,15058.0,United Kingdom,1.25,Sale
560927,22730,ALARM CLOCK BAKELIKE IVORY,4,2011-07-22 09:55:00,3.75,13078.0,United Kingdom,15.0,Sale
552277,21327,SKULLS WRITING SET ,1,2011-05-08 12:34:00,1.65,13642.0,United Kingdom,1.65,Sale
574490,85127,SMALL SQUARE CUT GLASS CANDLESTICK,6,2011-11-04 13:04:00,4.95,17690.0,United Kingdom,29.700000000000003,Sale
561106,20727,LUNCH BAG  BLACK SKULL.,10,2011-07-25 11:37:00,1.65,14246.0,United Kingdom,16.5,Sale
573405,22457,NATURAL SLATE HEART CHALKBOARD ,2,2011-10-30 15:55:00,2.95,13822.0,United Kingdom,5.9,Sale
567062,22083,PAPER CHAIN KIT RETROSPOT,6,2011-09-16 11:48:00,2.95,16108.0,United Kingdom,17.700000000000003,Sale
537346,22187,GREEN CHRISTMAS TREE CARD HOLDER,4,2010-12-06 12:21:00,4.25,15301.0,United Kingdom,17.0,Sale
539650,22593,CHRISTMAS GINGHAM STAR,5,2010-12-20 16:11:00,0.85,,United Kingdom,4.25,Sale
548162,21989,PACK OF 20 SKULL PAPER NAPKINS,9,2011-03-29 13:42:00,1.63,,United Kingdom,14.669999999999998,Sale
539095,22931,BAKING MOULD HEART WHITE CHOCOLATE,12,2010-12-16 10:18:00,2.55,16037.0,United Kingdom,30.6,Sale
550458,22183,CAKE STAND VICTORIAN FILIGREE MED,1,2011-04-18 13:13:00,5.79,,United Kingdom,5.79,Sale
559337,22712,CARD DOLLY GIRL ,1,2011-07-07 16:27:00,0.83,,United Kingdom,0.83,Sale
560080,22413,METAL SIGN TAKE IT OR LEAVE IT ,192,2011-07-14 16:23:00,3.2,17450.0,United Kingdom,614.4000000000001,Sale
569241,22621,TRADITIONAL KNITTING NANCY,12,2011-10-03 09:30:00,1.65,14488.0,United Kingdom,19.8,Sale
555383,20974,12 PENCILS SMALL TUBE SKULL,4,2011-06-02 15:13:00,0.65,12517.0,Germany,2.6,Sale
559028,20723,STRAWBERRY CHARLOTTE BAG,10,2011-07-05 14:27:00,0.85,12839.0,United Kingdom,8.5,Sale
556080,22110,BIRD HOUSE HOT WATER BOTTLE,1,2011-06-08 15:21:00,7.46,,United Kingdom,7.46,Sale
578044,22734,SET OF 6 RIBBONS VINTAGE CHRISTMAS,12,2011-11-22 14:41:00,2.89,13488.0,United Kingdom,34.68,Sale
570842,23381,PACK OF 12 VINTAGE LEAF TISSUES ,24,2011-10-12 14:21:00,0.39,17676.0,United Kingdom,9.36,Sale
561513,21555,CERAMIC STRAWBERRY TRINKET TRAY,1,2011-07-27 15:12:00,2.46,,United Kingdom,2.46,Sale
560926,22961,JAM MAKING SET PRINTED,2,2011-07-22 09:20:00,3.29,,United Kingdom,6.58,Sale
579103,23265,SET OF 3 WOODEN TREE DECORATIONS,1,2011-11-28 11:39:00,1.25,18041.0,United Kingdom,1.25,Sale
560041,22626,BLACK KITCHEN SCALES,2,2011-07-14 14:46:00,8.5,14156.0,EIRE,17.0,Sale
548708,21878,PACK OF 6 SANDCASTLE FLAGS ASSORTED,9,2011-04-03 12:41:00,0.85,13269.0,United Kingdom,7.649999999999999,Sale
578977,23083,SET 6 PAPER TABLE LANTERN STARS ,3,2011-11-27 15:18:00,3.75,17231.0,United Kingdom,11.25,Sale
577504,21559,STRAWBERRY LUNCH BOX WITH CUTLERY,2,2011-11-20 12:36:00,2.55,14159.0,United Kingdom,5.1,Sale
573576,22739,RIBBON REEL CHRISTMAS SOCK BAUBLE,5,2011-10-31 14:09:00,3.29,14096.0,United Kingdom,16.45,Sale
536864,85099B,JUMBO BAG RED RETROSPOT,1,2010-12-03 11:27:00,4.21,,United Kingdom,4.21,Sale
553996,23298,SPOTTY BUNTING,6,2011-05-20 11:33:00,4.95,15220.0,United Kingdom,29.700000000000003,Sale
581112,23498,CLASSIC BICYCLE CLIPS ,12,2011-12-07 12:17:00,1.45,16678.0,United Kingdom,17.4,Sale
571183,35923,CANDY HEART HANGING DECORATION,5,2011-10-14 11:08:00,0.39,14796.0,United Kingdom,1.95,Sale
541848,21918,SET 12 KIDS COLOUR  CHALK STICKS,1,2011-01-23 13:31:00,0.42,17611.0,United Kingdom,0.42,Sale
564433,23298,SPOTTY BUNTING,3,2011-08-25 11:46:00,4.95,16503.0,United Kingdom,14.85,Sale
566491,23399,HOME SWEET HOME HANGING HEART,12,2011-09-13 10:25:00,0.85,14060.0,United Kingdom,10.2,Sale
575751,23355,HOT WATER BOTTLE KEEP CALM,24,2011-11-11 10:32:00,4.15,14911.0,EIRE,99.6,Sale
542102,85150,LADIES & GENTLEMEN METAL SIGN,6,2011-01-25 13:26:00,2.55,12744.0,Singapore,15.3,Sale
540848,21205,MULTICOLOUR 3D BALLS GARLAND,1,2011-01-12 09:26:00,2.51,,United Kingdom,2.51,Sale
536634,22900, SET 2 TEA TOWELS I LOVE LONDON ,1,2010-12-02 11:21:00,2.95,18041.0,United Kingdom,2.95,Sale
580133,23569,TRADTIONAL ALPHABET STAMP SET,3,2011-12-01 18:43:00,4.95,15531.0,United Kingdom,14.85,Sale
538037,22441,GROW YOUR OWN BASIL IN ENAMEL MUG,8,2010-12-09 13:05:00,2.1,17430.0,United Kingdom,16.8,Sale
574299,20972,PINK CREAM FELT CRAFT TRINKET BOX ,12,2011-11-03 16:06:00,1.25,16746.0,United Kingdom,15.0,Sale
571257,23404,HOME SWEET HOME BLACKBOARD,1,2011-10-14 17:17:00,10.79,,United Kingdom,10.79,Sale
579470,21892,TRADITIONAL WOODEN CATCH CUP GAME ,5,2011-11-29 15:06:00,1.25,16549.0,United Kingdom,6.25,Sale
537155,20982,12 PENCILS TALL TUBE SKULLS,6,2010-12-05 13:05:00,0.85,12748.0,United Kingdom,5.1,Sale
541497,85203,HANGING WOOD AND FELT BUTTERFLY ,42,2011-01-18 15:19:00,0.42,,United Kingdom,17.64,Sale
543832,82583,HOT BATHS METAL SIGN,12,2011-02-14 10:10:00,2.1,13381.0,United Kingdom,25.200000000000003,Sale
567085,21086,SET/6 RED SPOTTY PAPER CUPS,12,2011-09-16 12:38:00,0.65,12434.0,Australia,7.800000000000001,Sale
554658,22197,SMALL POPCORN HOLDER,12,2011-05-25 14:18:00,0.85,12839.0,United Kingdom,10.2,Sale
568056,21154,RED RETROSPOT OVEN GLOVE ,10,2011-09-23 12:55:00,1.25,12705.0,Germany,12.5,Sale
